#
# There is insufficient memory for the Java Runtime Environment to continue.
# Native memory allocation (malloc) failed to allocate 3915416 bytes. Error detail: Chunk::new
# Possible reasons:
#   The system is out of physical RAM or swap space
#   This process is running with CompressedOops enabled, and the Java Heap may be blocking the growth of the native heap
# Possible solutions:
#   Reduce memory load on the system
#   Increase physical memory or swap space
#   Check if swap backing store is full
#   Decrease Java heap size (-Xmx/-Xms)
#   Decrease number of Java threads
#   Decrease Java thread stack sizes (-Xss)
#   Set larger code cache with -XX:ReservedCodeCacheSize=
#   JVM is running with Unscaled Compressed Oops mode in which the Java heap is
#     placed in the first 4GB address space. The Java Heap base address is the
#     maximum limit for the native heap growth. Please use -XX:HeapBaseMinAddress
#     to set the Java Heap base and to place the Java Heap above 4GB virtual address.
# This output file may be truncated or incomplete.
#
#  Out of Memory Error (arena.cpp:186), pid=9764, tid=7392
#
# JRE version: OpenJDK Runtime Environment (25.0.2) (build 25.0.2+-15348964-b329.117)
# Java VM: OpenJDK 64-Bit Server VM (25.0.2+-15348964-b329.117, mixed mode, tiered, compressed oops, compressed class ptrs, g1 gc, windows-amd64)
# No core dump will be written. Minidumps are not enabled by default on client versions of Windows
#

---------------  S U M M A R Y ------------

Command Line: --add-opens=java.base/java.lang=ALL-UNNAMED --add-opens=java.base/java.lang.invoke=ALL-UNNAMED --add-opens=java.base/java.util=ALL-UNNAMED --add-opens=java.prefs/java.util.prefs=ALL-UNNAMED --add-exports=jdk.compiler/com.sun.tools.javac.api=ALL-UNNAMED --add-exports=jdk.compiler/com.sun.tools.javac.util=ALL-UNNAMED --add-opens=java.base/java.nio.charset=ALL-UNNAMED --add-opens=java.base/java.net=ALL-UNNAMED --add-opens=java.base/java.util.concurrent=ALL-UNNAMED --add-opens=java.base/java.util.concurrent.atomic=ALL-UNNAMED --add-opens=java.xml/javax.xml.namespace=ALL-UNNAMED --add-opens=java.base/java.time=ALL-UNNAMED --enable-native-access=ALL-UNNAMED -Xmx2048m -Dfile.encoding=UTF-8 -Duser.country=BR -Duser.language=pt -Duser.variant -javaagent:C:\Users\Aluno\.gradle\wrapper\dists\gradle-9.5.0-bin\bvnork1r7n8i6kp5cnkibsc9q\gradle-9.5.0\lib\agents\gradle-instrumentation-agent-9.5.0.jar org.gradle.launcher.daemon.bootstrap.GradleDaemon 9.5.0

Host: 13th Gen Intel(R) Core(TM) i5-1345U, 12 cores, 15G,  Windows 11 , 64 bit Build 26100 (10.0.26100.9168)
Time: Wed Sep 30 18:48:14 2026 Hora oficial do Brasil elapsed time: 34.325211 seconds (0d 0h 0m 34s)

---------------  T H R E A D  ---------------

Current thread (0x0000021534d9d0c0):  JavaThread "C2 CompilerThread0" daemon [_thread_in_native, id=7392, stack(0x000000c97c200000,0x000000c97c300000) (1024K)]


Current CompileTask:
C2:34325 10024   !   4       java.util.zip.ZipFile::getInputStream (286 bytes)

Stack: [0x000000c97c200000,0x000000c97c300000]
Native frames: (J=compiled Java code, j=interpreted, Vv=VM code, C=native code)
V  [jvm.dll+0x7bd439]  (no source info available)
V  [jvm.dll+0x78763d]  (no source info available)
V  [jvm.dll+0xa0c885]  (no source info available)
V  [jvm.dll+0xa0ef04]  (no source info available)
V  [jvm.dll+0xa0f603]  (no source info available)
V  [jvm.dll+0x309bf6]  (no source info available)
V  [jvm.dll+0x10ea69]  (no source info available)
V  [jvm.dll+0x10ed92]  (no source info available)
V  [jvm.dll+0x1a9837]  (no source info available)
V  [jvm.dll+0x3bec92]  (no source info available)
V  [jvm.dll+0x7c2cb7]  (no source info available)
V  [jvm.dll+0x2ce046]  (no source info available)
V  [jvm.dll+0x2cd221]  (no source info available)
V  [jvm.dll+0x242ffa]  (no source info available)
V  [jvm.dll+0x2dcc05]  (no source info available)
V  [jvm.dll+0x2dae06]  (no source info available)
V  [jvm.dll+0x49b59e]  (no source info available)
V  [jvm.dll+0x9ab9c8]  (no source info available)
V  [jvm.dll+0x7bb985]  (no source info available)
C  [ucrtbase.dll+0x2cd30]  (no source info available)
C  [KERNEL32.DLL+0x2ccb7]  (no source info available)
C  [ntdll.dll+0xaad6c]  (no source info available)

Lock stack of current Java thread (top to bottom):


---------------  P R O C E S S  ---------------

Threads class SMR info:
_java_thread_list=0x000002153cd6b600, length=58, elements={
0x000002151cd247c0, 0x0000021534d69800, 0x0000021534d6dcc0, 0x0000021534d6b1d0,
0x0000021534d936c0, 0x0000021534d93e80, 0x0000021534d978d0, 0x0000021534d98490,
0x0000021534d9d0c0, 0x0000021534da2bf0, 0x000002153935b290, 0x000002153aa71670,
0x000002153ac51220, 0x000002153c27ad60, 0x000002153c2c1d30, 0x000002153c490890,
0x000002153c1ee710, 0x000002153a385530, 0x000002153abd92b0, 0x000002153abd8310,
0x000002153abd7b40, 0x000002153abd6ba0, 0x000002153abdd130, 0x000002153abde0d0,
0x00000215390286a0, 0x000002153b19b440, 0x000002153b19cbb0, 0x000002153b19db50,
0x000002153abdb9c0, 0x000002153ce039c0, 0x000002153ce04190, 0x000002153ce05130,
0x000002153ce02a20, 0x000002153ce031f0, 0x000002153ce08010, 0x000002153ce07840,
0x000002153ce09f50, 0x000002153ce08fb0, 0x000002153ce09780, 0x000002153d053030,
0x000002153d050150, 0x000002153d054f70, 0x000002153d055f10, 0x000002153d056eb0,
0x000002153d3403c0, 0x000002153d341b30, 0x000002153d341360, 0x000002153d3432a0,
0x000002153d344a10, 0x000002153d4accc0, 0x000002153d4ad490, 0x000002153d4ae430,
0x000002153d4aec00, 0x000002153d4abd20, 0x000002153d4ac4f0, 0x000002153d4b0370,
0x000002153e699270, 0x000002153cd331b0
}

Java Threads: ( => current thread )
  0x000002151cd247c0 JavaThread "main"                              [_thread_blocked, id=11208, stack(0x000000c97b300000,0x000000c97b400000) (1024K)]
  0x0000021534d69800 JavaThread "Common-Cleaner"             daemon [_thread_blocked, id=7056, stack(0x000000c97bb00000,0x000000c97bc00000) (1024K)]
  0x0000021534d6dcc0 JavaThread "Reference Handler"          daemon [_thread_blocked, id=7824, stack(0x000000c97bc00000,0x000000c97bd00000) (1024K)]
  0x0000021534d6b1d0 JavaThread "Finalizer"                  daemon [_thread_blocked, id=22016, stack(0x000000c97bd00000,0x000000c97be00000) (1024K)]
  0x0000021534d936c0 JavaThread "Signal Dispatcher"          daemon [_thread_blocked, id=25808, stack(0x000000c97be00000,0x000000c97bf00000) (1024K)]
  0x0000021534d93e80 JavaThread "Attach Listener"            daemon [_thread_blocked, id=3704, stack(0x000000c97bf00000,0x000000c97c000000) (1024K)]
  0x0000021534d978d0 JavaThread "Service Thread"             daemon [_thread_blocked, id=26000, stack(0x000000c97c000000,0x000000c97c100000) (1024K)]
  0x0000021534d98490 JavaThread "Monitor Deflation Thread"   daemon [_thread_blocked, id=21276, stack(0x000000c97c100000,0x000000c97c200000) (1024K)]
=>0x0000021534d9d0c0 JavaThread "C2 CompilerThread0"         daemon [_thread_in_native, id=7392, stack(0x000000c97c200000,0x000000c97c300000) (1024K)]
  0x0000021534da2bf0 JavaThread "C1 CompilerThread0"         daemon [_thread_blocked, id=27536, stack(0x000000c97c300000,0x000000c97c400000) (1024K)]
  0x000002153935b290 JavaThread "Notification Thread"        daemon [_thread_blocked, id=20968, stack(0x000000c97c400000,0x000000c97c500000) (1024K)]
  0x000002153aa71670 JavaThread "Daemon health stats"               [_thread_blocked, id=26464, stack(0x000000c97cb00000,0x000000c97cc00000) (1024K)]
  0x000002153ac51220 JavaThread "Incoming local TCP Connector on port 51607"        [_thread_in_native, id=4220, stack(0x000000c97cc00000,0x000000c97cd00000) (1024K)]
  0x000002153c27ad60 JavaThread "Daemon periodic checks"            [_thread_blocked, id=15452, stack(0x000000c97cd00000,0x000000c97ce00000) (1024K)]
  0x000002153c2c1d30 JavaThread "Daemon"                            [_thread_blocked, id=13128, stack(0x000000c97d400000,0x000000c97d500000) (1024K)]
  0x000002153c490890 JavaThread "Handler for socket connection from /127.0.0.1:51607 to /127.0.0.1:51608"        [_thread_in_native, id=24344, stack(0x000000c97d500000,0x000000c97d600000) (1024K)]
  0x000002153c1ee710 JavaThread "Cancel handler"                    [_thread_blocked, id=18484, stack(0x000000c97d600000,0x000000c97d700000) (1024K)]
  0x000002153a385530 JavaThread "Daemon worker"                     [_thread_in_Java, id=23508, stack(0x000000c97d700000,0x000000c97d800000) (1024K)]
  0x000002153abd92b0 JavaThread "Asynchronous log dispatcher for DefaultDaemonConnection: socket connection from /127.0.0.1:51607 to /127.0.0.1:51608"        [_thread_blocked, id=25904, stack(0x000000c97d800000,0x000000c97d900000) (1024K)]
  0x000002153abd8310 JavaThread "Stdin handler"                     [_thread_blocked, id=23144, stack(0x000000c97d900000,0x000000c97da00000) (1024K)]
  0x000002153abd7b40 JavaThread "Daemon client event forwarder"        [_thread_blocked, id=3712, stack(0x000000c97da00000,0x000000c97db00000) (1024K)]
  0x000002153abd6ba0 JavaThread "Cache worker for journal cache (C:\Users\Aluno\.gradle\caches\journal-1)"        [_thread_blocked, id=6352, stack(0x000000c97db00000,0x000000c97dc00000) (1024K)]
  0x000002153abdd130 JavaThread "File lock request listener"        [_thread_in_native, id=13600, stack(0x000000c97dc00000,0x000000c97dd00000) (1024K)]
  0x000002153abde0d0 JavaThread "Cache worker for file hash cache (C:\Users\Aluno\.gradle\caches\9.5.0\fileHashes)"        [_thread_blocked, id=24008, stack(0x000000c97dd00000,0x000000c97de00000) (1024K)]
  0x00000215390286a0 JavaThread "Cache worker for file hash cache (C:\Users\Aluno\AndroidStudioProjects\AppEleicao\.gradle\9.5.0\fileHashes)"        [_thread_blocked, id=21440, stack(0x000000c97df00000,0x000000c97e000000) (1024K)]
  0x000002153b19b440 JavaThread "Cache worker for Build Output Cleanup Cache (C:\Users\Aluno\AndroidStudioProjects\AppEleicao\.gradle\buildOutputCleanup)"        [_thread_blocked, id=27108, stack(0x000000c97e000000,0x000000c97e100000) (1024K)]
  0x000002153b19cbb0 JavaThread "File watcher server"        daemon [_thread_in_native, id=1124, stack(0x000000c97c500000,0x000000c97c600000) (1024K)]
  0x000002153b19db50 JavaThread "File watcher consumer"      daemon [_thread_blocked, id=12156, stack(0x000000c97de00000,0x000000c97df00000) (1024K)]
  0x000002153abdb9c0 JavaThread "jar transforms"                    [_thread_blocked, id=26208, stack(0x000000c97e200000,0x000000c97e300000) (1024K)]
  0x000002153ce039c0 JavaThread "jar transforms Thread 2"           [_thread_blocked, id=15800, stack(0x000000c97e300000,0x000000c97e400000) (1024K)]
  0x000002153ce04190 JavaThread "jar transforms Thread 3"           [_thread_blocked, id=18560, stack(0x000000c97e400000,0x000000c97e500000) (1024K)]
  0x000002153ce05130 JavaThread "jar transforms Thread 4"           [_thread_blocked, id=15376, stack(0x000000c97e500000,0x000000c97e600000) (1024K)]
  0x000002153ce02a20 JavaThread "jar transforms Thread 5"           [_thread_blocked, id=13244, stack(0x000000c97e600000,0x000000c97e700000) (1024K)]
  0x000002153ce031f0 JavaThread "jar transforms Thread 6"           [_thread_blocked, id=6552, stack(0x000000c97e700000,0x000000c97e800000) (1024K)]
  0x000002153ce08010 JavaThread "jar transforms Thread 7"           [_thread_blocked, id=21264, stack(0x000000c97e800000,0x000000c97e900000) (1024K)]
  0x000002153ce07840 JavaThread "jar transforms Thread 8"           [_thread_blocked, id=8604, stack(0x000000c97e900000,0x000000c97ea00000) (1024K)]
  0x000002153ce09f50 JavaThread "jar transforms Thread 9"           [_thread_blocked, id=8452, stack(0x000000c97ea00000,0x000000c97eb00000) (1024K)]
  0x000002153ce08fb0 JavaThread "jar transforms Thread 10"          [_thread_blocked, id=25744, stack(0x000000c97eb00000,0x000000c97ec00000) (1024K)]
  0x000002153ce09780 JavaThread "jar transforms Thread 11"          [_thread_blocked, id=20296, stack(0x000000c97ec00000,0x000000c97ed00000) (1024K)]
  0x000002153d053030 JavaThread "jar transforms Thread 12"          [_thread_blocked, id=18988, stack(0x000000c97ed00000,0x000000c97ee00000) (1024K)]
  0x000002153d050150 JavaThread "Cache worker for file content cache (C:\Users\Aluno\.gradle\caches\9.5.0\fileContent)"        [_thread_blocked, id=14656, stack(0x000000c97ee00000,0x000000c97ef00000) (1024K)]
  0x000002153d054f70 JavaThread "Cache worker for checksums cache (C:\Users\Aluno\AndroidStudioProjects\AppEleicao\.gradle\9.5.0\checksums)"        [_thread_blocked, id=11512, stack(0x000000c97ef00000,0x000000c97f000000) (1024K)]
  0x000002153d055f10 JavaThread "Cache worker for cache directory md-supplier (C:\Users\Aluno\.gradle\caches\9.5.0\md-supplier)"        [_thread_blocked, id=25248, stack(0x000000c97f000000,0x000000c97f100000) (1024K)]
  0x000002153d056eb0 JavaThread "Cache worker for cache directory md-rule (C:\Users\Aluno\.gradle\caches\9.5.0\md-rule)"        [_thread_blocked, id=13284, stack(0x000000c97f100000,0x000000c97f200000) (1024K)]
  0x000002153d3403c0 JavaThread "Build operations"                  [_thread_blocked, id=11828, stack(0x000000c97f300000,0x000000c97f400000) (1024K)]
  0x000002153d341b30 JavaThread "Build operations Thread 2"         [_thread_blocked, id=21104, stack(0x000000c97f400000,0x000000c97f500000) (1024K)]
  0x000002153d341360 JavaThread "Build operations Thread 3"         [_thread_blocked, id=25700, stack(0x000000c97f500000,0x000000c97f600000) (1024K)]
  0x000002153d3432a0 JavaThread "Build operations Thread 4"         [_thread_blocked, id=15852, stack(0x000000c97f600000,0x000000c97f700000) (1024K)]
  0x000002153d344a10 JavaThread "Build operations Thread 5"         [_thread_blocked, id=18176, stack(0x000000c97f700000,0x000000c97f800000) (1024K)]
  0x000002153d4accc0 JavaThread "Build operations Thread 6"         [_thread_blocked, id=8564, stack(0x000000c97f800000,0x000000c97f900000) (1024K)]
  0x000002153d4ad490 JavaThread "Build operations Thread 7"         [_thread_blocked, id=11164, stack(0x000000c97f900000,0x000000c97fa00000) (1024K)]
  0x000002153d4ae430 JavaThread "Build operations Thread 8"         [_thread_blocked, id=17716, stack(0x000000c97fa00000,0x000000c97fb00000) (1024K)]
  0x000002153d4aec00 JavaThread "Build operations Thread 9"         [_thread_blocked, id=23932, stack(0x000000c97fb00000,0x000000c97fc00000) (1024K)]
  0x000002153d4abd20 JavaThread "Build operations Thread 10"        [_thread_blocked, id=14352, stack(0x000000c97fc00000,0x000000c97fd00000) (1024K)]
  0x000002153d4ac4f0 JavaThread "Build operations Thread 11"        [_thread_blocked, id=15524, stack(0x000000c97fd00000,0x000000c97fe00000) (1024K)]
  0x000002153d4b0370 JavaThread "Build operations Thread 12"        [_thread_blocked, id=15308, stack(0x000000c97fe00000,0x000000c97ff00000) (1024K)]
  0x000002153e699270 JavaThread "Memory manager"                    [_thread_blocked, id=17872, stack(0x000000c97e100000,0x000000c97e200000) (1024K)]
  0x000002153cd331b0 JavaThread "C2 CompilerThread1"         daemon [_thread_in_native, id=25024, stack(0x000000c97f200000,0x000000c97f300000) (1024K)]
Total: 58

Other Threads:
  0x0000021534d42950 VMThread "VM Thread"                           [id=7192, stack(0x000000c97ba00000,0x000000c97bb00000) (1024K)]
  0x0000021534cfa6c0 WatcherThread "VM Periodic Task Thread"        [id=10900, stack(0x000000c97b900000,0x000000c97ba00000) (1024K)]
  0x000002151cd7be00 WorkerThread "GC Thread#0"                     [id=19416, stack(0x000000c97b400000,0x000000c97b500000) (1024K)]
  0x000002153a3abc90 WorkerThread "GC Thread#1"                     [id=23236, stack(0x000000c97c600000,0x000000c97c700000) (1024K)]
  0x000002153a3c7430 WorkerThread "GC Thread#2"                     [id=27168, stack(0x000000c97c700000,0x000000c97c800000) (1024K)]
  0x000002153a3c7860 WorkerThread "GC Thread#3"                     [id=28240, stack(0x000000c97c800000,0x000000c97c900000) (1024K)]
  0x000002153a3c8090 WorkerThread "GC Thread#4"                     [id=9876, stack(0x000000c97c900000,0x000000c97ca00000) (1024K)]
  0x000002153a3d3430 WorkerThread "GC Thread#5"                     [id=25060, stack(0x000000c97ca00000,0x000000c97cb00000) (1024K)]
  0x000002153a3d3cd0 WorkerThread "GC Thread#6"                     [id=6220, stack(0x000000c97ce00000,0x000000c97cf00000) (1024K)]
  0x000002153a3d4120 WorkerThread "GC Thread#7"                     [id=16596, stack(0x000000c97cf00000,0x000000c97d000000) (1024K)]
  0x000002153a3d0d60 WorkerThread "GC Thread#8"                     [id=26416, stack(0x000000c97d000000,0x000000c97d100000) (1024K)]
  0x000002153a3d4570 WorkerThread "GC Thread#9"                     [id=19496, stack(0x000000c97d100000,0x000000c97d200000) (1024K)]
  0x000002151aadbfe0 ConcurrentGCThread "G1 Main Marker"            [id=27568, stack(0x000000c97b500000,0x000000c97b600000) (1024K)]
  0x000002151aadda60 WorkerThread "G1 Conc#0"                       [id=4424, stack(0x000000c97b600000,0x000000c97b700000) (1024K)]
  0x000002153a3d22f0 WorkerThread "G1 Conc#1"                       [id=17620, stack(0x000000c97d200000,0x000000c97d300000) (1024K)]
  0x000002153a3d2fe0 WorkerThread "G1 Conc#2"                       [id=28644, stack(0x000000c97d300000,0x000000c97d400000) (1024K)]
  0x0000021534bce190 ConcurrentGCThread "G1 Refine#0"               [id=3116, stack(0x000000c97b700000,0x000000c97b800000) (1024K)]
  0x0000021534bd1ef0 ConcurrentGCThread "G1 Service"                [id=6084, stack(0x000000c97b800000,0x000000c97b900000) (1024K)]
Total: 18

Threads with active compile tasks:
C2 CompilerThread0  34416 10024   !   4       java.util.zip.ZipFile::getInputStream (286 bytes)
C2 CompilerThread1  34416 10070       4       org.objectweb.asm.MethodWriter::computeAllFrames (510 bytes)
Total: 2

VM state: not at safepoint (normal execution)

VM Mutex/Monitor currently owned by a thread: None

Heap address: 0x0000000080000000, size: 2048 MB, Compressed Oops mode: 32-bit

CDS archive(s) not mapped
Compressed class space mapped at: 0x0000000006000000-0x0000000046000000, reserved size: 1073741824
UseCompressedClassPointers 1, UseCompactObjectHeaders 0
Narrow klass pointer bits 32, Max shift 3
Narrow klass base: 0x0000000000000000, Narrow klass shift: 0
Encoding Range: [0x0000000000000000 - 0x0000000100000000), (4294967296 bytes)
Klass Range:    [0x0000000006000000 - 0x0000000046000000), (1073741824 bytes)
Klass ID Range:  [100663296 - 1174405113) (1073741817)
No protection zone.

GC Precious Log:
 CardTable entry size: 512
 Card Set container configuration: InlinePtr #cards 5 size 8 Array Of Cards #cards 10 size 36 Howl #buckets 4 coarsen threshold 1843 Howl Bitmap #cards 512 size 80 coarsen threshold 460 Card regions per heap region 1 cards per card region 2048
 CPUs: 12 total, 12 available
 Memory: 16016M
 Large Page Support: Disabled
 NUMA Support: Disabled
 Compressed Oops: Enabled (32-bit)
 Heap Region Size: 1M
 Heap Min Capacity: 8M
 Heap Initial Capacity: 252M
 Heap Max Capacity: 2G
 Pre-touch: Disabled
 Parallel Workers: 10
 Concurrent Workers: 3
 Concurrent Refinement Workers: 10
 Periodic GC: Disabled

Heap:
 garbage-first heap   total reserved 2097152K, committed 174080K, used 126773K [0x0000000080000000, 0x0000000100000000)
  region size 1024K, 28 young (28672K), 8 survivors (8192K)

Heap Regions: E=young(eden), S=young(survivor), O=old, HS=humongous(starts), HC=humongous(continues), CS=collection set, F=free, TAMS=top-at-mark-start, PB=parsable bottom
|   0|0x0000000080000000, 0x0000000080100000, 0x0000000080100000|100%|HS|  |TAMS 0x0000000080000000| PB 0x0000000080000000| Complete |  0
|   1|0x0000000080100000, 0x0000000080200000, 0x0000000080200000|100%|HC|  |TAMS 0x0000000080100000| PB 0x0000000080100000| Complete |  0
|   2|0x0000000080200000, 0x0000000080300000, 0x0000000080300000|100%|HC|  |TAMS 0x0000000080200000| PB 0x0000000080200000| Complete |  0
|   3|0x0000000080300000, 0x0000000080400000, 0x0000000080400000|100%|HC|  |TAMS 0x0000000080300000| PB 0x0000000080300000| Complete |  0
|   4|0x0000000080400000, 0x0000000080500000, 0x0000000080500000|100%| O|  |TAMS 0x0000000080400000| PB 0x0000000080400000| Untracked |  0
|   5|0x0000000080500000, 0x0000000080600000, 0x0000000080600000|100%| O|  |TAMS 0x0000000080500000| PB 0x0000000080500000| Untracked |  0
|   6|0x0000000080600000, 0x0000000080700000, 0x0000000080700000|100%|HS|  |TAMS 0x0000000080600000| PB 0x0000000080600000| Complete |  0
|   7|0x0000000080700000, 0x0000000080800000, 0x0000000080800000|100%| O|  |TAMS 0x0000000080700000| PB 0x0000000080700000| Untracked |  0
|   8|0x0000000080800000, 0x0000000080900000, 0x0000000080900000|100%| O|  |TAMS 0x0000000080800000| PB 0x0000000080800000| Untracked |  0
|   9|0x0000000080900000, 0x0000000080a00000, 0x0000000080a00000|100%| O|  |TAMS 0x0000000080900000| PB 0x0000000080900000| Untracked |  0
|  10|0x0000000080a00000, 0x0000000080b00000, 0x0000000080b00000|100%| O|  |TAMS 0x0000000080a00000| PB 0x0000000080a00000| Untracked |  0
|  11|0x0000000080b00000, 0x0000000080c00000, 0x0000000080c00000|100%| O|  |TAMS 0x0000000080b00000| PB 0x0000000080b00000| Untracked |  0
|  12|0x0000000080c00000, 0x0000000080d00000, 0x0000000080d00000|100%| O|  |TAMS 0x0000000080c00000| PB 0x0000000080c00000| Untracked |  0
|  13|0x0000000080d00000, 0x0000000080e00000, 0x0000000080e00000|100%| O|  |TAMS 0x0000000080d00000| PB 0x0000000080d00000| Untracked |  0
|  14|0x0000000080e00000, 0x0000000080f00000, 0x0000000080f00000|100%| O|  |TAMS 0x0000000080e00000| PB 0x0000000080e00000| Untracked |  0
|  15|0x0000000080f00000, 0x0000000081000000, 0x0000000081000000|100%| O|  |TAMS 0x0000000080f00000| PB 0x0000000080f00000| Untracked |  0
|  16|0x0000000081000000, 0x0000000081100000, 0x0000000081100000|100%| O|  |TAMS 0x0000000081000000| PB 0x0000000081000000| Untracked |  0
|  17|0x0000000081100000, 0x0000000081200000, 0x0000000081200000|100%|HS|  |TAMS 0x0000000081100000| PB 0x0000000081100000| Complete |  0
|  18|0x0000000081200000, 0x0000000081300000, 0x0000000081300000|100%|HC|  |TAMS 0x0000000081200000| PB 0x0000000081200000| Complete |  0
|  19|0x0000000081300000, 0x0000000081400000, 0x0000000081400000|100%|HC|  |TAMS 0x0000000081300000| PB 0x0000000081300000| Complete |  0
|  20|0x0000000081400000, 0x0000000081500000, 0x0000000081500000|100%|HC|  |TAMS 0x0000000081400000| PB 0x0000000081400000| Complete |  0
|  21|0x0000000081500000, 0x0000000081600000, 0x0000000081600000|100%|HC|  |TAMS 0x0000000081500000| PB 0x0000000081500000| Complete |  0
|  22|0x0000000081600000, 0x0000000081700000, 0x0000000081700000|100%|HC|  |TAMS 0x0000000081600000| PB 0x0000000081600000| Complete |  0
|  23|0x0000000081700000, 0x0000000081800000, 0x0000000081800000|100%|HS|  |TAMS 0x0000000081700000| PB 0x0000000081700000| Complete |  0
|  24|0x0000000081800000, 0x0000000081900000, 0x0000000081900000|100%|HS|  |TAMS 0x0000000081800000| PB 0x0000000081800000| Complete |  0
|  25|0x0000000081900000, 0x0000000081a00000, 0x0000000081a00000|100%|HS|  |TAMS 0x0000000081900000| PB 0x0000000081900000| Complete |  0
|  26|0x0000000081a00000, 0x0000000081b00000, 0x0000000081b00000|100%|HC|  |TAMS 0x0000000081a00000| PB 0x0000000081a00000| Complete |  0
|  27|0x0000000081b00000, 0x0000000081c00000, 0x0000000081c00000|100%|HC|  |TAMS 0x0000000081b00000| PB 0x0000000081b00000| Complete |  0
|  28|0x0000000081c00000, 0x0000000081d00000, 0x0000000081d00000|100%|HC|  |TAMS 0x0000000081c00000| PB 0x0000000081c00000| Complete |  0
|  29|0x0000000081d00000, 0x0000000081e00000, 0x0000000081e00000|100%|HC|  |TAMS 0x0000000081d00000| PB 0x0000000081d00000| Complete |  0
|  30|0x0000000081e00000, 0x0000000081f00000, 0x0000000081f00000|100%|HC|  |TAMS 0x0000000081e00000| PB 0x0000000081e00000| Complete |  0
|  31|0x0000000081f00000, 0x0000000082000000, 0x0000000082000000|100%|HS|  |TAMS 0x0000000081f00000| PB 0x0000000081f00000| Complete |  0
|  32|0x0000000082000000, 0x0000000082100000, 0x0000000082100000|100%| O|  |TAMS 0x0000000082000000| PB 0x0000000082000000| Untracked |  0
|  33|0x0000000082100000, 0x0000000082200000, 0x0000000082200000|100%| O|  |TAMS 0x0000000082100000| PB 0x0000000082100000| Untracked |  0
|  34|0x0000000082200000, 0x0000000082300000, 0x0000000082300000|100%|HS|  |TAMS 0x0000000082200000| PB 0x0000000082200000| Complete |  0
|  35|0x0000000082300000, 0x0000000082400000, 0x0000000082400000|100%| O|  |TAMS 0x0000000082300000| PB 0x0000000082300000| Untracked |  0
|  36|0x0000000082400000, 0x0000000082500000, 0x0000000082500000|100%| O|  |TAMS 0x0000000082400000| PB 0x0000000082400000| Untracked |  0
|  37|0x0000000082500000, 0x0000000082600000, 0x0000000082600000|100%| O|  |TAMS 0x0000000082500000| PB 0x0000000082500000| Untracked |  0
|  38|0x0000000082600000, 0x0000000082700000, 0x0000000082700000|100%| O|  |TAMS 0x0000000082600000| PB 0x0000000082600000| Untracked |  0
|  39|0x0000000082700000, 0x0000000082800000, 0x0000000082800000|100%| O|  |TAMS 0x0000000082700000| PB 0x0000000082700000| Untracked |  0
|  40|0x0000000082800000, 0x0000000082900000, 0x0000000082900000|100%| O|  |TAMS 0x0000000082800000| PB 0x0000000082800000| Untracked |  0
|  41|0x0000000082900000, 0x0000000082a00000, 0x0000000082a00000|100%| O|  |TAMS 0x0000000082900000| PB 0x0000000082900000| Untracked |  0
|  42|0x0000000082a00000, 0x0000000082b00000, 0x0000000082b00000|100%| O|  |TAMS 0x0000000082a00000| PB 0x0000000082a00000| Untracked |  0
|  43|0x0000000082b00000, 0x0000000082c00000, 0x0000000082c00000|100%| O|  |TAMS 0x0000000082b00000| PB 0x0000000082b00000| Untracked |  0
|  44|0x0000000082c00000, 0x0000000082d00000, 0x0000000082d00000|100%| O|  |TAMS 0x0000000082c00000| PB 0x0000000082c00000| Untracked |  0
|  45|0x0000000082d00000, 0x0000000082e00000, 0x0000000082e00000|100%| O|  |TAMS 0x0000000082d00000| PB 0x0000000082d00000| Untracked |  0
|  46|0x0000000082e00000, 0x0000000082f00000, 0x0000000082f00000|100%| O|  |TAMS 0x0000000082e00000| PB 0x0000000082e00000| Untracked |  0
|  47|0x0000000082f00000, 0x0000000083000000, 0x0000000083000000|100%| O|  |TAMS 0x0000000082f00000| PB 0x0000000082f00000| Untracked |  0
|  48|0x0000000083000000, 0x0000000083100000, 0x0000000083100000|100%| O|  |TAMS 0x0000000083000000| PB 0x0000000083000000| Untracked |  0
|  49|0x0000000083100000, 0x0000000083200000, 0x0000000083200000|100%| O|  |TAMS 0x0000000083100000| PB 0x0000000083100000| Untracked |  0
|  50|0x0000000083200000, 0x0000000083300000, 0x0000000083300000|100%| O|  |TAMS 0x0000000083200000| PB 0x0000000083200000| Untracked |  0
|  51|0x0000000083300000, 0x0000000083400000, 0x0000000083400000|100%| O|  |TAMS 0x0000000083300000| PB 0x0000000083300000| Untracked |  0
|  52|0x0000000083400000, 0x0000000083500000, 0x0000000083500000|100%|HS|  |TAMS 0x0000000083400000| PB 0x0000000083400000| Complete |  0
|  53|0x0000000083500000, 0x0000000083600000, 0x0000000083600000|100%| O|  |TAMS 0x0000000083500000| PB 0x0000000083500000| Untracked |  0
|  54|0x0000000083600000, 0x0000000083700000, 0x0000000083700000|100%| O|  |TAMS 0x0000000083600000| PB 0x0000000083600000| Untracked |  0
|  55|0x0000000083700000, 0x0000000083800000, 0x0000000083800000|100%| O|  |TAMS 0x0000000083700000| PB 0x0000000083700000| Untracked |  0
|  56|0x0000000083800000, 0x0000000083900000, 0x0000000083900000|100%| O|  |TAMS 0x0000000083800000| PB 0x0000000083800000| Untracked |  0
|  57|0x0000000083900000, 0x0000000083900000, 0x0000000083a00000|  0%| F|  |TAMS 0x0000000083900000| PB 0x0000000083900000| Untracked |  0
|  58|0x0000000083a00000, 0x0000000083b00000, 0x0000000083b00000|100%|HS|  |TAMS 0x0000000083a00000| PB 0x0000000083a00000| Complete |  0
|  59|0x0000000083b00000, 0x0000000083c00000, 0x0000000083c00000|100%| O|  |TAMS 0x0000000083b00000| PB 0x0000000083b00000| Untracked |  0
|  60|0x0000000083c00000, 0x0000000083d00000, 0x0000000083d00000|100%| O|  |TAMS 0x0000000083c00000| PB 0x0000000083c00000| Untracked |  0
|  61|0x0000000083d00000, 0x0000000083d00000, 0x0000000083e00000|  0%| F|  |TAMS 0x0000000083d00000| PB 0x0000000083d00000| Untracked |  0
|  62|0x0000000083e00000, 0x0000000083f00000, 0x0000000083f00000|100%|HS|  |TAMS 0x0000000083e00000| PB 0x0000000083e00000| Complete |  0
|  63|0x0000000083f00000, 0x0000000084000000, 0x0000000084000000|100%|HS|  |TAMS 0x0000000083f00000| PB 0x0000000083f00000| Complete |  0
|  64|0x0000000084000000, 0x0000000084100000, 0x0000000084100000|100%| O|  |TAMS 0x0000000084000000| PB 0x0000000084000000| Untracked |  0
|  65|0x0000000084100000, 0x0000000084200000, 0x0000000084200000|100%| O|  |TAMS 0x0000000084100000| PB 0x0000000084100000| Untracked |  0
|  66|0x0000000084200000, 0x0000000084300000, 0x0000000084300000|100%| O|  |TAMS 0x0000000084200000| PB 0x0000000084200000| Untracked |  0
|  67|0x0000000084300000, 0x0000000084400000, 0x0000000084400000|100%|HS|  |TAMS 0x0000000084300000| PB 0x0000000084300000| Complete |  0
|  68|0x0000000084400000, 0x0000000084500000, 0x0000000084500000|100%|HC|  |TAMS 0x0000000084400000| PB 0x0000000084400000| Complete |  0
|  69|0x0000000084500000, 0x0000000084600000, 0x0000000084600000|100%| O|  |TAMS 0x0000000084500000| PB 0x0000000084500000| Untracked |  0
|  70|0x0000000084600000, 0x0000000084700000, 0x0000000084700000|100%| O|  |TAMS 0x0000000084600000| PB 0x0000000084600000| Untracked |  0
|  71|0x0000000084700000, 0x0000000084800000, 0x0000000084800000|100%|HS|  |TAMS 0x0000000084700000| PB 0x0000000084700000| Complete |  0
|  72|0x0000000084800000, 0x0000000084900000, 0x0000000084900000|100%|HS|  |TAMS 0x0000000084800000| PB 0x0000000084800000| Complete |  0
|  73|0x0000000084900000, 0x0000000084a00000, 0x0000000084a00000|100%| O|  |TAMS 0x0000000084900000| PB 0x0000000084900000| Untracked |  0
|  74|0x0000000084a00000, 0x0000000084b00000, 0x0000000084b00000|100%|HS|  |TAMS 0x0000000084a00000| PB 0x0000000084a00000| Complete |  0
|  75|0x0000000084b00000, 0x0000000084c00000, 0x0000000084c00000|100%|HS|  |TAMS 0x0000000084b00000| PB 0x0000000084b00000| Complete |  0
|  76|0x0000000084c00000, 0x0000000084d00000, 0x0000000084d00000|100%|HS|  |TAMS 0x0000000084c00000| PB 0x0000000084c00000| Complete |  0
|  77|0x0000000084d00000, 0x0000000084e00000, 0x0000000084e00000|100%|HC|  |TAMS 0x0000000084d00000| PB 0x0000000084d00000| Complete |  0
|  78|0x0000000084e00000, 0x0000000084f00000, 0x0000000084f00000|100%| O|  |TAMS 0x0000000084e00000| PB 0x0000000084e00000| Untracked |  0
|  79|0x0000000084f00000, 0x0000000085000000, 0x0000000085000000|100%| O|  |TAMS 0x0000000084f00000| PB 0x0000000084f00000| Untracked |  0
|  80|0x0000000085000000, 0x0000000085100000, 0x0000000085100000|100%| O|  |TAMS 0x0000000085000000| PB 0x0000000085000000| Untracked |  0
|  81|0x0000000085100000, 0x0000000085200000, 0x0000000085200000|100%| O|  |TAMS 0x0000000085100000| PB 0x0000000085100000| Untracked |  0
|  82|0x0000000085200000, 0x0000000085300000, 0x0000000085300000|100%| O|  |TAMS 0x0000000085200000| PB 0x0000000085200000| Untracked |  0
|  83|0x0000000085300000, 0x0000000085300000, 0x0000000085400000|  0%| F|  |TAMS 0x0000000085300000| PB 0x0000000085300000| Untracked |  0
|  84|0x0000000085400000, 0x0000000085400000, 0x0000000085500000|  0%| F|  |TAMS 0x0000000085400000| PB 0x0000000085400000| Untracked |  0
|  85|0x0000000085500000, 0x0000000085500000, 0x0000000085600000|  0%| F|  |TAMS 0x0000000085500000| PB 0x0000000085500000| Untracked |  0
|  86|0x0000000085600000, 0x0000000085700000, 0x0000000085700000|100%|HS|  |TAMS 0x0000000085600000| PB 0x0000000085600000| Complete |  0
|  87|0x0000000085700000, 0x0000000085800000, 0x0000000085800000|100%| O|  |TAMS 0x0000000085700000| PB 0x0000000085700000| Untracked |  0
|  88|0x0000000085800000, 0x00000000858cd6d0, 0x0000000085900000| 80%| O|  |TAMS 0x0000000085800000| PB 0x0000000085800000| Untracked |  0
|  89|0x0000000085900000, 0x0000000085a00000, 0x0000000085a00000|100%| S|CS|TAMS 0x0000000085900000| PB 0x0000000085900000| Complete |  0
|  90|0x0000000085a00000, 0x0000000085a00000, 0x0000000085b00000|  0%| F|  |TAMS 0x0000000085a00000| PB 0x0000000085a00000| Untracked |  0
|  91|0x0000000085b00000, 0x0000000085b00000, 0x0000000085c00000|  0%| F|  |TAMS 0x0000000085b00000| PB 0x0000000085b00000| Untracked |  0
|  92|0x0000000085c00000, 0x0000000085c00000, 0x0000000085d00000|  0%| F|  |TAMS 0x0000000085c00000| PB 0x0000000085c00000| Untracked |  0
|  93|0x0000000085d00000, 0x0000000085d00000, 0x0000000085e00000|  0%| F|  |TAMS 0x0000000085d00000| PB 0x0000000085d00000| Untracked |  0
|  94|0x0000000085e00000, 0x0000000085e00000, 0x0000000085f00000|  0%| F|  |TAMS 0x0000000085e00000| PB 0x0000000085e00000| Untracked |  0
|  95|0x0000000085f00000, 0x0000000086000000, 0x0000000086000000|100%| S|CS|TAMS 0x0000000085f00000| PB 0x0000000085f00000| Complete |  0
|  96|0x0000000086000000, 0x0000000086100000, 0x0000000086100000|100%| S|CS|TAMS 0x0000000086000000| PB 0x0000000086000000| Complete |  0
|  97|0x0000000086100000, 0x0000000086200000, 0x0000000086200000|100%| S|CS|TAMS 0x0000000086100000| PB 0x0000000086100000| Complete |  0
|  98|0x0000000086200000, 0x0000000086300000, 0x0000000086300000|100%| S|CS|TAMS 0x0000000086200000| PB 0x0000000086200000| Complete |  0
|  99|0x0000000086300000, 0x0000000086400000, 0x0000000086400000|100%| S|CS|TAMS 0x0000000086300000| PB 0x0000000086300000| Complete |  0
| 100|0x0000000086400000, 0x0000000086400000, 0x0000000086500000|  0%| F|  |TAMS 0x0000000086400000| PB 0x0000000086400000| Untracked |  0
| 101|0x0000000086500000, 0x0000000086500000, 0x0000000086600000|  0%| F|  |TAMS 0x0000000086500000| PB 0x0000000086500000| Untracked |  0
| 102|0x0000000086600000, 0x0000000086600000, 0x0000000086700000|  0%| F|  |TAMS 0x0000000086600000| PB 0x0000000086600000| Untracked |  0
| 103|0x0000000086700000, 0x0000000086700000, 0x0000000086800000|  0%| F|  |TAMS 0x0000000086700000| PB 0x0000000086700000| Untracked |  0
| 104|0x0000000086800000, 0x0000000086800000, 0x0000000086900000|  0%| F|  |TAMS 0x0000000086800000| PB 0x0000000086800000| Untracked |  0
| 105|0x0000000086900000, 0x0000000086900000, 0x0000000086a00000|  0%| F|  |TAMS 0x0000000086900000| PB 0x0000000086900000| Untracked |  0
| 106|0x0000000086a00000, 0x0000000086a00000, 0x0000000086b00000|  0%| F|  |TAMS 0x0000000086a00000| PB 0x0000000086a00000| Untracked |  0
| 107|0x0000000086b00000, 0x0000000086b00000, 0x0000000086c00000|  0%| F|  |TAMS 0x0000000086b00000| PB 0x0000000086b00000| Untracked |  0
| 108|0x0000000086c00000, 0x0000000086c00000, 0x0000000086d00000|  0%| F|  |TAMS 0x0000000086c00000| PB 0x0000000086c00000| Untracked |  0
| 109|0x0000000086d00000, 0x0000000086d00000, 0x0000000086e00000|  0%| F|  |TAMS 0x0000000086d00000| PB 0x0000000086d00000| Untracked |  0
| 110|0x0000000086e00000, 0x0000000086e00000, 0x0000000086f00000|  0%| F|  |TAMS 0x0000000086e00000| PB 0x0000000086e00000| Untracked |  0
| 111|0x0000000086f00000, 0x0000000086f00000, 0x0000000087000000|  0%| F|  |TAMS 0x0000000086f00000| PB 0x0000000086f00000| Untracked |  0
| 112|0x0000000087000000, 0x0000000087000000, 0x0000000087100000|  0%| F|  |TAMS 0x0000000087000000| PB 0x0000000087000000| Untracked |  0
| 113|0x0000000087100000, 0x0000000087100000, 0x0000000087200000|  0%| F|  |TAMS 0x0000000087100000| PB 0x0000000087100000| Untracked |  0
| 114|0x0000000087200000, 0x0000000087200000, 0x0000000087300000|  0%| F|  |TAMS 0x0000000087200000| PB 0x0000000087200000| Untracked |  0
| 115|0x0000000087300000, 0x0000000087300000, 0x0000000087400000|  0%| F|  |TAMS 0x0000000087300000| PB 0x0000000087300000| Untracked |  0
| 116|0x0000000087400000, 0x0000000087400000, 0x0000000087500000|  0%| F|  |TAMS 0x0000000087400000| PB 0x0000000087400000| Untracked |  0
| 117|0x0000000087500000, 0x0000000087500000, 0x0000000087600000|  0%| F|  |TAMS 0x0000000087500000| PB 0x0000000087500000| Untracked |  0
| 118|0x0000000087600000, 0x0000000087600000, 0x0000000087700000|  0%| F|  |TAMS 0x0000000087600000| PB 0x0000000087600000| Untracked |  0
| 119|0x0000000087700000, 0x0000000087700000, 0x0000000087800000|  0%| F|  |TAMS 0x0000000087700000| PB 0x0000000087700000| Untracked |  0
| 120|0x0000000087800000, 0x0000000087800000, 0x0000000087900000|  0%| F|  |TAMS 0x0000000087800000| PB 0x0000000087800000| Untracked |  0
| 121|0x0000000087900000, 0x0000000087900000, 0x0000000087a00000|  0%| F|  |TAMS 0x0000000087900000| PB 0x0000000087900000| Untracked |  0
| 122|0x0000000087a00000, 0x0000000087a00000, 0x0000000087b00000|  0%| F|  |TAMS 0x0000000087a00000| PB 0x0000000087a00000| Untracked |  0
| 123|0x0000000087b00000, 0x0000000087b00000, 0x0000000087c00000|  0%| F|  |TAMS 0x0000000087b00000| PB 0x0000000087b00000| Untracked |  0
| 124|0x0000000087c00000, 0x0000000087c00000, 0x0000000087d00000|  0%| F|  |TAMS 0x0000000087c00000| PB 0x0000000087c00000| Untracked |  0
| 125|0x0000000087d00000, 0x0000000087d00000, 0x0000000087e00000|  0%| F|  |TAMS 0x0000000087d00000| PB 0x0000000087d00000| Untracked |  0
| 126|0x0000000087e00000, 0x0000000087e00000, 0x0000000087f00000|  0%| F|  |TAMS 0x0000000087e00000| PB 0x0000000087e00000| Untracked |  0
| 127|0x0000000087f00000, 0x0000000087f00000, 0x0000000088000000|  0%| F|  |TAMS 0x0000000087f00000| PB 0x0000000087f00000| Untracked |  0
| 128|0x0000000088000000, 0x0000000088000000, 0x0000000088100000|  0%| F|  |TAMS 0x0000000088000000| PB 0x0000000088000000| Untracked |  0
| 129|0x0000000088100000, 0x0000000088100000, 0x0000000088200000|  0%| F|  |TAMS 0x0000000088100000| PB 0x0000000088100000| Untracked |  0
| 130|0x0000000088200000, 0x0000000088200000, 0x0000000088300000|  0%| F|  |TAMS 0x0000000088200000| PB 0x0000000088200000| Untracked |  0
| 131|0x0000000088300000, 0x0000000088300000, 0x0000000088400000|  0%| F|  |TAMS 0x0000000088300000| PB 0x0000000088300000| Untracked |  0
| 132|0x0000000088400000, 0x0000000088400000, 0x0000000088500000|  0%| F|  |TAMS 0x0000000088400000| PB 0x0000000088400000| Untracked |  0
| 133|0x0000000088500000, 0x0000000088500000, 0x0000000088600000|  0%| F|  |TAMS 0x0000000088500000| PB 0x0000000088500000| Untracked |  0
| 134|0x0000000088600000, 0x0000000088680000, 0x0000000088700000| 50%| E|  |TAMS 0x0000000088600000| PB 0x0000000088600000| Complete |  0
| 135|0x0000000088700000, 0x0000000088800000, 0x0000000088800000|100%| E|CS|TAMS 0x0000000088700000| PB 0x0000000088700000| Complete |  0
| 136|0x0000000088800000, 0x0000000088900000, 0x0000000088900000|100%| E|CS|TAMS 0x0000000088800000| PB 0x0000000088800000| Complete |  0
| 137|0x0000000088900000, 0x0000000088a00000, 0x0000000088a00000|100%| E|CS|TAMS 0x0000000088900000| PB 0x0000000088900000| Complete |  0
| 138|0x0000000088a00000, 0x0000000088b00000, 0x0000000088b00000|100%| E|CS|TAMS 0x0000000088a00000| PB 0x0000000088a00000| Complete |  0
| 139|0x0000000088b00000, 0x0000000088c00000, 0x0000000088c00000|100%| E|CS|TAMS 0x0000000088b00000| PB 0x0000000088b00000| Complete |  0
| 140|0x0000000088c00000, 0x0000000088d00000, 0x0000000088d00000|100%| S|CS|TAMS 0x0000000088c00000| PB 0x0000000088c00000| Complete |  0
| 141|0x0000000088d00000, 0x0000000088e00000, 0x0000000088e00000|100%| S|CS|TAMS 0x0000000088d00000| PB 0x0000000088d00000| Complete |  0
| 176|0x000000008b000000, 0x000000008b100000, 0x000000008b100000|100%| E|CS|TAMS 0x000000008b000000| PB 0x000000008b000000| Complete |  0
| 177|0x000000008b100000, 0x000000008b200000, 0x000000008b200000|100%| E|CS|TAMS 0x000000008b100000| PB 0x000000008b100000| Complete |  0
| 178|0x000000008b200000, 0x000000008b300000, 0x000000008b300000|100%| E|CS|TAMS 0x000000008b200000| PB 0x000000008b200000| Complete |  0
| 179|0x000000008b300000, 0x000000008b400000, 0x000000008b400000|100%| E|CS|TAMS 0x000000008b300000| PB 0x000000008b300000| Complete |  0
| 180|0x000000008b400000, 0x000000008b500000, 0x000000008b500000|100%| E|CS|TAMS 0x000000008b400000| PB 0x000000008b400000| Complete |  0
| 181|0x000000008b500000, 0x000000008b600000, 0x000000008b600000|100%| E|CS|TAMS 0x000000008b500000| PB 0x000000008b500000| Complete |  0
| 182|0x000000008b600000, 0x000000008b700000, 0x000000008b700000|100%| E|CS|TAMS 0x000000008b600000| PB 0x000000008b600000| Complete |  0
| 183|0x000000008b700000, 0x000000008b800000, 0x000000008b800000|100%| E|CS|TAMS 0x000000008b700000| PB 0x000000008b700000| Complete |  0
| 184|0x000000008b800000, 0x000000008b900000, 0x000000008b900000|100%| E|CS|TAMS 0x000000008b800000| PB 0x000000008b800000| Complete |  0
| 185|0x000000008b900000, 0x000000008ba00000, 0x000000008ba00000|100%| E|CS|TAMS 0x000000008b900000| PB 0x000000008b900000| Complete |  0
| 186|0x000000008ba00000, 0x000000008bb00000, 0x000000008bb00000|100%| E|CS|TAMS 0x000000008ba00000| PB 0x000000008ba00000| Complete |  0
| 187|0x000000008bb00000, 0x000000008bc00000, 0x000000008bc00000|100%| E|CS|TAMS 0x000000008bb00000| PB 0x000000008bb00000| Complete |  0
| 188|0x000000008bc00000, 0x000000008bd00000, 0x000000008bd00000|100%| E|CS|TAMS 0x000000008bc00000| PB 0x000000008bc00000| Complete |  0
| 251|0x000000008fb00000, 0x000000008fc00000, 0x000000008fc00000|100%| E|CS|TAMS 0x000000008fb00000| PB 0x000000008fb00000| Complete |  0
|2034|0x00000000ff200000, 0x00000000ff300000, 0x00000000ff300000|100%| O|  |TAMS 0x00000000ff200000| PB 0x00000000ff200000| Untracked |  0
|2035|0x00000000ff300000, 0x00000000ff400000, 0x00000000ff400000|100%| O|  |TAMS 0x00000000ff300000| PB 0x00000000ff300000| Untracked |  0
|2036|0x00000000ff400000, 0x00000000ff500000, 0x00000000ff500000|100%| E|CS|TAMS 0x00000000ff400000| PB 0x00000000ff400000| Complete |  0
|2037|0x00000000ff500000, 0x00000000ff600000, 0x00000000ff600000|100%| O|  |TAMS 0x00000000ff500000| PB 0x00000000ff500000| Untracked |  0
|2038|0x00000000ff600000, 0x00000000ff700000, 0x00000000ff700000|100%| O|  |TAMS 0x00000000ff600000| PB 0x00000000ff600000| Untracked |  0
|2039|0x00000000ff700000, 0x00000000ff800000, 0x00000000ff800000|100%| O|  |TAMS 0x00000000ff700000| PB 0x00000000ff700000| Untracked |  0
|2040|0x00000000ff800000, 0x00000000ff900000, 0x00000000ff900000|100%| O|  |TAMS 0x00000000ff800000| PB 0x00000000ff800000| Untracked |  0
|2041|0x00000000ff900000, 0x00000000ffa00000, 0x00000000ffa00000|100%| O|  |TAMS 0x00000000ff900000| PB 0x00000000ff900000| Untracked |  0
|2042|0x00000000ffa00000, 0x00000000ffb00000, 0x00000000ffb00000|100%| O|  |TAMS 0x00000000ffa00000| PB 0x00000000ffa00000| Untracked |  0
|2043|0x00000000ffb00000, 0x00000000ffc00000, 0x00000000ffc00000|100%| O|  |TAMS 0x00000000ffb00000| PB 0x00000000ffb00000| Untracked |  0
|2044|0x00000000ffc00000, 0x00000000ffd00000, 0x00000000ffd00000|100%| O|  |TAMS 0x00000000ffc00000| PB 0x00000000ffc00000| Untracked |  0
|2045|0x00000000ffd00000, 0x00000000ffe00000, 0x00000000ffe00000|100%| O|  |TAMS 0x00000000ffd00000| PB 0x00000000ffd00000| Untracked |  0
|2046|0x00000000ffe00000, 0x00000000fff00000, 0x00000000fff00000|100%| O|  |TAMS 0x00000000ffe00000| PB 0x00000000ffe00000| Untracked |  0
|2047|0x00000000fff00000, 0x0000000100000000, 0x0000000100000000|100%| O|  |TAMS 0x00000000fff00000| PB 0x00000000fff00000| Untracked |  0

Card table byte_map: [0x000002152fc80000,0x0000021530080000] _byte_map_base: 0x000002152f880000

Marking Bits: (CMBitMap*) 0x000002151cd7c590
 Bits: [0x0000021530080000, 0x0000021532080000)

Polling page: 0x000002151abc0000

Metaspace:
Metaspace        used 92751K, committed 94720K, reserved 1179648K
 class space     used 13554K, committed 14464K, reserved 1048576K

Usage:
  Non-class:     77.34 MB used.
      Class:     13.24 MB used.
       Both:     90.58 MB used.

Virtual space:
  Non-class space:      128.00 MB reserved,      78.38 MB ( 61%) committed,  2 nodes.
      Class space:        1.00 GB reserved,      14.12 MB (  1%) committed,  1 nodes.
             Both:        1.12 GB reserved,      92.50 MB (  8%) committed. 

Chunk freelists:
   Non-Class:  1.09 MB
       Class:  1.82 MB
        Both:  2.91 MB

MaxMetaspaceSize: unlimited
CompressedClassSpaceSize: 1.00 GB
Initial GC threshold: 21.00 MB
Current GC threshold: 140.75 MB
CDS: off
 - commit_granule_bytes: 65536.
 - commit_granule_words: 8192.
 - virtual_space_node_default_size: 8388608.
 - enlarge_chunks_in_place: 1.
UseCompressedClassPointers 1, UseCompactObjectHeaders 0
Narrow klass pointer bits 32, Max shift 3
Narrow klass base: 0x0000000000000000, Narrow klass shift: 0
Encoding Range: [0x0000000000000000 - 0x0000000100000000), (4294967296 bytes)
Klass Range:    [0x0000000006000000 - 0x0000000046000000), (1073741824 bytes)
Klass ID Range:  [100663296 - 1174405113) (1073741817)
No protection zone.


Internal statistics:

num_allocs_failed_limit: 6.
num_arena_births: 3672.
num_arena_deaths: 0.
num_vsnodes_births: 3.
num_vsnodes_deaths: 0.
num_space_committed: 1480.
num_space_uncommitted: 0.
num_chunks_returned_to_freelist: 6.
num_chunks_taken_from_freelist: 7297.
num_chunk_merges: 3.
num_chunk_splits: 4864.
num_chunks_enlarged: 3185.
num_inconsistent_stats: 0.

CodeHeap 'non-profiled nmethods': size=120064Kb used=3854Kb max_used=3854Kb free=116209Kb
 bounds [0x0000021527cd0000, 0x00000215280a0000, 0x000002152f210000]
CodeHeap 'profiled nmethods': size=120000Kb used=11849Kb max_used=11849Kb free=108150Kb
 bounds [0x0000021520210000, 0x0000021520db0000, 0x0000021527740000]
CodeHeap 'non-nmethods': size=5696Kb used=2035Kb max_used=2142Kb free=3660Kb
 bounds [0x0000021527740000, 0x00000215279b0000, 0x0000021527cd0000]
CodeCache: size=245760Kb, used=17738Kb, max_used=17845Kb, free=228019Kb
 total_blobs=9443, nmethods=8546, adapters=798, full_count=0
Compilation: enabled, stopped_count=0, restarted_count=0

Compilation events (20 events):
Event: 33.259 Thread 0x0000021534da2bf0 10035       3       org.gradle.internal.instantiation.generator.AsmBackedClassGenerator$ClassBuilderImpl::lambda$addConventionSetter$36 (19 bytes)
Event: 33.259 Thread 0x0000021534da2bf0 nmethod 10035 0x0000021520d92e08 code [0x0000021520d92f00, 0x0000021520d930d0]
Event: 33.259 Thread 0x0000021534da2bf0 10036       3       org.gradle.internal.instantiation.generator.AsmBackedClassGenerator$ClassBuilderImpl$37::<init> (118 bytes)
Event: 33.262 Thread 0x0000021534da2bf0 nmethod 10036 0x0000021520d93108 code [0x0000021520d93200, 0x0000021520d95320]
Event: 33.307 Thread 0x0000021534da2bf0 10037       3       org.gradle.model.internal.asm.AsmClassGenerator::<init> (92 bytes)
Event: 33.309 Thread 0x0000021534da2bf0 nmethod 10037 0x0000021520d95388 code [0x0000021520d95480, 0x0000021520d96a90]
Event: 33.309 Thread 0x0000021534da2bf0 10038       3       org.gradle.model.internal.asm.ClassVisitorScope::<init> (8 bytes)
Event: 33.309 Thread 0x0000021534da2bf0 nmethod 10038 0x0000021520d96b08 code [0x0000021520d96c00, 0x0000021520d96d40]
Event: 33.309 Thread 0x0000021534da2bf0 10039       3       org.objectweb.asm.ClassVisitor::visit (50 bytes)
Event: 33.310 Thread 0x0000021534da2bf0 nmethod 10039 0x0000021520d96e08 code [0x0000021520d96f00, 0x0000021520d97230]
Event: 33.311 Thread 0x000002153cd331b0 nmethod 10025 0x000002152808e888 code [0x000002152808e980, 0x00000215280906f0]
Event: 33.311 Thread 0x000002153cd331b0 10027       4       org.objectweb.asm.MethodVisitor::visitFieldInsn (20 bytes)
Event: 33.314 Thread 0x0000021534da2bf0 10041       3       org.gradle.api.Namer$Comparator::compare (24 bytes)
Event: 33.314 Thread 0x0000021534da2bf0 nmethod 10041 0x0000021520d97288 code [0x0000021520d97380, 0x0000021520d976d8]
Event: 33.318 Thread 0x000002153cd331b0 nmethod 10027 0x0000021528090708 code [0x0000021528090800, 0x0000021528090d18]
Event: 33.318 Thread 0x000002153cd331b0 10040       4       org.objectweb.asm.SymbolTable::addTypeInternal (85 bytes)
Event: 34.030 Thread 0x0000021534da2bf0 10042   !   3       sun.management.Util::newObjectName (15 bytes)
Event: 34.031 Thread 0x0000021534da2bf0 nmethod 10042 0x0000021520d97708 code [0x0000021520d97800, 0x0000021520d97b78]
Event: 34.031 Thread 0x0000021534da2bf0 10043       3       javax.management.ObjectName::getInstance (9 bytes)
Event: 34.031 Thread 0x0000021534da2bf0 nmethod 10043 0x0000021520d97b88 code [0x0000021520d97c80, 0x0000021520d97eb8]

GC Heap Usage History (20 events):
Event: 27.369 {heap Before GC invocations=20 (full 0):
 garbage-first heap   total reserved 2097152K, committed 122880K, used 111552K [0x0000000080000000, 0x0000000100000000)
  region size 1024K, 42 young (43008K), 3 survivors (3072K)
}
Event: 27.375 {heap After GC invocations=21 (full 0):
 garbage-first heap   total reserved 2097152K, committed 122880K, used 73773K [0x0000000080000000, 0x0000000100000000)
  region size 1024K, 5 young (5120K), 5 survivors (5120K)
}
Event: 28.399 {heap Before GC invocations=21 (full 0):
 garbage-first heap   total reserved 2097152K, committed 122880K, used 111661K [0x0000000080000000, 0x0000000100000000)
  region size 1024K, 43 young (44032K), 5 survivors (5120K)
}
Event: 28.409 {heap After GC invocations=22 (full 0):
 garbage-first heap   total reserved 2097152K, committed 122880K, used 77616K [0x0000000080000000, 0x0000000100000000)
  region size 1024K, 6 young (6144K), 6 survivors (6144K)
}
Event: 28.888 {heap Before GC invocations=23 (full 0):
 garbage-first heap   total reserved 2097152K, committed 130048K, used 112432K [0x0000000080000000, 0x0000000100000000)
  region size 1024K, 41 young (41984K), 6 survivors (6144K)
}
Event: 28.897 {heap After GC invocations=24 (full 0):
 garbage-first heap   total reserved 2097152K, committed 130048K, used 79108K [0x0000000080000000, 0x0000000100000000)
  region size 1024K, 2 young (2048K), 2 survivors (2048K)
}
Event: 29.225 {heap Before GC invocations=24 (full 0):
 garbage-first heap   total reserved 2097152K, committed 130048K, used 119044K [0x0000000080000000, 0x0000000100000000)
  region size 1024K, 42 young (43008K), 2 survivors (2048K)
}
Event: 29.231 {heap After GC invocations=25 (full 0):
 garbage-first heap   total reserved 2097152K, committed 130048K, used 79598K [0x0000000080000000, 0x0000000100000000)
  region size 1024K, 3 young (3072K), 3 survivors (3072K)
}
Event: 29.446 {heap Before GC invocations=25 (full 0):
 garbage-first heap   total reserved 2097152K, committed 130048K, used 87790K [0x0000000080000000, 0x0000000100000000)
  region size 1024K, 12 young (12288K), 3 survivors (3072K)
}
Event: 29.451 {heap After GC invocations=26 (full 0):
 garbage-first heap   total reserved 2097152K, committed 130048K, used 79872K [0x0000000080000000, 0x0000000100000000)
  region size 1024K, 3 young (3072K), 3 survivors (3072K)
}
Event: 30.247 {heap Before GC invocations=27 (full 0):
 garbage-first heap   total reserved 2097152K, committed 135168K, used 132096K [0x0000000080000000, 0x0000000100000000)
  region size 1024K, 44 young (45056K), 3 survivors (3072K)
}
Event: 30.255 {heap After GC invocations=28 (full 0):
 garbage-first heap   total reserved 2097152K, committed 143360K, used 96453K [0x0000000080000000, 0x0000000100000000)
  region size 1024K, 6 young (6144K), 6 survivors (6144K)
}
Event: 30.947 {heap Before GC invocations=28 (full 0):
 garbage-first heap   total reserved 2097152K, committed 143360K, used 132293K [0x0000000080000000, 0x0000000100000000)
  region size 1024K, 42 young (43008K), 6 survivors (6144K)
}
Event: 30.954 {heap After GC invocations=29 (full 0):
 garbage-first heap   total reserved 2097152K, committed 172032K, used 97461K [0x0000000080000000, 0x0000000100000000)
  region size 1024K, 2 young (2048K), 2 survivors (2048K)
}
Event: 31.341 {heap Before GC invocations=29 (full 0):
 garbage-first heap   total reserved 2097152K, committed 172032K, used 119989K [0x0000000080000000, 0x0000000100000000)
  region size 1024K, 25 young (25600K), 2 survivors (2048K)
}
Event: 31.346 {heap After GC invocations=30 (full 0):
 garbage-first heap   total reserved 2097152K, committed 172032K, used 97961K [0x0000000080000000, 0x0000000100000000)
  region size 1024K, 2 young (2048K), 2 survivors (2048K)
}
Event: 32.279 {heap Before GC invocations=31 (full 0):
 garbage-first heap   total reserved 2097152K, committed 172032K, used 159401K [0x0000000080000000, 0x0000000100000000)
  region size 1024K, 59 young (60416K), 2 survivors (2048K)
}
Event: 32.285 {heap After GC invocations=32 (full 0):
 garbage-first heap   total reserved 2097152K, committed 172032K, used 103755K [0x0000000080000000, 0x0000000100000000)
  region size 1024K, 5 young (5120K), 5 survivors (5120K)
}
Event: 33.075 {heap Before GC invocations=32 (full 0):
 garbage-first heap   total reserved 2097152K, committed 172032K, used 162123K [0x0000000080000000, 0x0000000100000000)
  region size 1024K, 59 young (60416K), 5 survivors (5120K)
}
Event: 33.085 {heap After GC invocations=33 (full 0):
 garbage-first heap   total reserved 2097152K, committed 174080K, used 107317K [0x0000000080000000, 0x0000000100000000)
  region size 1024K, 8 young (8192K), 8 survivors (8192K)
}

Metaspace Usage History (20 events):
Event: 27.369 {metaspace Before GC invocations=20 (full 0):
 Metaspace       used 75768K, committed 77632K, reserved 1179648K
  class space    used 11224K, committed 12096K, reserved 1048576K
}
Event: 27.375 {metaspace After GC invocations=21 (full 0):
 Metaspace       used 75768K, committed 77632K, reserved 1179648K
  class space    used 11224K, committed 12096K, reserved 1048576K
}
Event: 28.399 {metaspace Before GC invocations=21 (full 0):
 Metaspace       used 77083K, committed 78912K, reserved 1179648K
  class space    used 11416K, committed 12288K, reserved 1048576K
}
Event: 28.409 {metaspace After GC invocations=22 (full 0):
 Metaspace       used 77083K, committed 78912K, reserved 1179648K
  class space    used 11416K, committed 12288K, reserved 1048576K
}
Event: 28.888 {metaspace Before GC invocations=23 (full 0):
 Metaspace       used 77307K, committed 79104K, reserved 1179648K
  class space    used 11418K, committed 12288K, reserved 1048576K
}
Event: 28.897 {metaspace After GC invocations=24 (full 0):
 Metaspace       used 77307K, committed 79104K, reserved 1179648K
  class space    used 11418K, committed 12288K, reserved 1048576K
}
Event: 29.225 {metaspace Before GC invocations=24 (full 0):
 Metaspace       used 77373K, committed 79232K, reserved 1179648K
  class space    used 11418K, committed 12288K, reserved 1048576K
}
Event: 29.231 {metaspace After GC invocations=25 (full 0):
 Metaspace       used 77373K, committed 79232K, reserved 1179648K
  class space    used 11418K, committed 12288K, reserved 1048576K
}
Event: 29.446 {metaspace Before GC invocations=25 (full 0):
 Metaspace       used 77475K, committed 79296K, reserved 1179648K
  class space    used 11436K, committed 12288K, reserved 1048576K
}
Event: 29.451 {metaspace After GC invocations=26 (full 0):
 Metaspace       used 77475K, committed 79296K, reserved 1179648K
  class space    used 11436K, committed 12288K, reserved 1048576K
}
Event: 30.247 {metaspace Before GC invocations=27 (full 0):
 Metaspace       used 79628K, committed 81536K, reserved 1179648K
  class space    used 11704K, committed 12608K, reserved 1048576K
}
Event: 30.255 {metaspace After GC invocations=28 (full 0):
 Metaspace       used 79628K, committed 81536K, reserved 1179648K
  class space    used 11704K, committed 12608K, reserved 1048576K
}
Event: 30.947 {metaspace Before GC invocations=28 (full 0):
 Metaspace       used 82477K, committed 84352K, reserved 1179648K
  class space    used 12028K, committed 12928K, reserved 1048576K
}
Event: 30.954 {metaspace After GC invocations=29 (full 0):
 Metaspace       used 82477K, committed 84352K, reserved 1179648K
  class space    used 12028K, committed 12928K, reserved 1048576K
}
Event: 31.342 {metaspace Before GC invocations=29 (full 0):
 Metaspace       used 84425K, committed 86336K, reserved 1179648K
  class space    used 12388K, committed 13312K, reserved 1048576K
}
Event: 31.346 {metaspace After GC invocations=30 (full 0):
 Metaspace       used 84425K, committed 86336K, reserved 1179648K
  class space    used 12388K, committed 13312K, reserved 1048576K
}
Event: 32.279 {metaspace Before GC invocations=31 (full 0):
 Metaspace       used 88630K, committed 90624K, reserved 1179648K
  class space    used 13005K, committed 13952K, reserved 1048576K
}
Event: 32.285 {metaspace After GC invocations=32 (full 0):
 Metaspace       used 88630K, committed 90624K, reserved 1179648K
  class space    used 13005K, committed 13952K, reserved 1048576K
}
Event: 33.075 {metaspace Before GC invocations=32 (full 0):
 Metaspace       used 91361K, committed 93312K, reserved 1179648K
  class space    used 13397K, committed 14336K, reserved 1048576K
}
Event: 33.085 {metaspace After GC invocations=33 (full 0):
 Metaspace       used 91361K, committed 93312K, reserved 1179648K
  class space    used 13397K, committed 14336K, reserved 1048576K
}

Dll operation events (3 events):
Event: 0.034 Loaded shared library C:\Program Files\Android\Android Studio\jbr\bin\java.dll
Event: 0.052 Loaded shared library C:\Program Files\Android\Android Studio\jbr\bin\zip.dll
Event: 1.913 Loaded shared library C:\Program Files\Android\Android Studio\jbr\bin\verify.dll

Deoptimization events (20 events):
Event: 32.648 Thread 0x000002153a385530 DEOPT PACKING pc=0x0000021527ffe458 sp=0x000000c97d7f4a60
Event: 32.649 Thread 0x000002153a385530 DEOPT UNPACKING pc=0x0000021527858582 sp=0x000000c97d7f4a08 mode 2
Event: 32.649 Thread 0x000002153a385530 Uncommon trap: trap_request=0xffffffc6 fr.pc=0x0000021527ffe458 relative=0x0000000000000058
Event: 32.649 Thread 0x000002153a385530 Uncommon trap: reason=bimorphic_or_optimized_type_check action=maybe_recompile pc=0x0000021527ffe458 method=java.util.AbstractQueue.add(Ljava/lang/Object;)Z @ 2 c2
Event: 32.649 Thread 0x000002153a385530 DEOPT PACKING pc=0x0000021527ffe458 sp=0x000000c97d7f4a60
Event: 32.649 Thread 0x000002153a385530 DEOPT UNPACKING pc=0x0000021527858582 sp=0x000000c97d7f4a08 mode 2
Event: 32.656 Thread 0x000002153a385530 Uncommon trap: trap_request=0xffffff45 fr.pc=0x0000021527e7ef70 relative=0x0000000000003ff0
Event: 32.656 Thread 0x000002153a385530 Uncommon trap: reason=unstable_if action=reinterpret pc=0x0000021527e7ef70 method=org.objectweb.asm.Type.getTypeInternal(Ljava/lang/String;II)Lorg/objectweb/asm/Type; @ 5 c2
Event: 32.656 Thread 0x000002153a385530 DEOPT PACKING pc=0x0000021527e7ef70 sp=0x000000c97d7f4090
Event: 32.656 Thread 0x000002153a385530 DEOPT UNPACKING pc=0x0000021527858582 sp=0x000000c97d7f3ec0 mode 2
Event: 32.753 Thread 0x000002153a385530 Uncommon trap: trap_request=0xffffffc6 fr.pc=0x0000021527ffe458 relative=0x0000000000000058
Event: 32.753 Thread 0x000002153a385530 Uncommon trap: reason=bimorphic_or_optimized_type_check action=maybe_recompile pc=0x0000021527ffe458 method=java.util.AbstractQueue.add(Ljava/lang/Object;)Z @ 2 c2
Event: 32.753 Thread 0x000002153a385530 DEOPT PACKING pc=0x0000021527ffe458 sp=0x000000c97d7f42d0
Event: 32.753 Thread 0x000002153a385530 DEOPT UNPACKING pc=0x0000021527858582 sp=0x000000c97d7f4278 mode 2
Event: 32.753 Thread 0x000002153a385530 Uncommon trap: trap_request=0xffffffc6 fr.pc=0x0000021527ffe458 relative=0x0000000000000058
Event: 32.753 Thread 0x000002153a385530 Uncommon trap: reason=bimorphic_or_optimized_type_check action=maybe_recompile pc=0x0000021527ffe458 method=java.util.AbstractQueue.add(Ljava/lang/Object;)Z @ 2 c2
Event: 32.753 Thread 0x000002153a385530 DEOPT PACKING pc=0x0000021527ffe458 sp=0x000000c97d7f42d0
Event: 32.753 Thread 0x000002153a385530 DEOPT UNPACKING pc=0x0000021527858582 sp=0x000000c97d7f4278 mode 2
Event: 33.013 Thread 0x000002153a385530 DEOPT PACKING pc=0x0000021520b31ede sp=0x000000c97d7f3350
Event: 33.014 Thread 0x000002153a385530 DEOPT UNPACKING pc=0x0000021527791702 sp=0x000000c97d7f27e8 mode 0

Classes loaded (20 events):
Event: 32.325 Loading class sun/security/util/MemoryCache$QueueCacheEntry
Event: 32.325 Loading class sun/security/util/MemoryCache$QueueCacheEntry done
Event: 32.551 Loading class sun/misc/Unsafe
Event: 32.551 Loading class sun/misc/Unsafe done
Event: 32.552 Loading class sun/misc/Unsafe$MemoryAccessOption
Event: 32.552 Loading class sun/misc/Unsafe$MemoryAccessOption done
Event: 32.554 Loading class sun/misc/Unsafe$StackWalkerHolder
Event: 32.554 Loading class sun/misc/Unsafe$StackWalkerHolder done
Event: 32.554 Loading class java/lang/StackStreamFactory
Event: 32.554 Loading class java/lang/StackStreamFactory done
Event: 32.554 Loading class java/lang/StackWalker$ExtendedOption
Event: 32.554 Loading class java/lang/StackWalker$ExtendedOption done
Event: 32.554 Loading class java/lang/StackStreamFactory$StackFrameTraverser
Event: 32.555 Loading class java/lang/StackStreamFactory$StackFrameTraverser done
Event: 32.555 Loading class java/lang/StackStreamFactory$WalkerState
Event: 32.555 Loading class java/lang/StackStreamFactory$WalkerState done
Event: 32.555 Loading class java/lang/StackStreamFactory$StackFrameBuffer
Event: 32.555 Loading class java/lang/StackStreamFactory$FrameBuffer
Event: 32.555 Loading class java/lang/StackStreamFactory$FrameBuffer done
Event: 32.555 Loading class java/lang/StackStreamFactory$StackFrameBuffer done

Classes unloaded (0 events):
No events

Classes redefined (0 events):
No events

Internal exceptions (20 events):
Event: 33.268 Thread 0x000002153a385530 Exception <a 'sun/nio/fs/WindowsException'{0x000000008b425ba8}> (0x000000008b425ba8) 
thrown [s\src\hotspot\share\prims\jni.cpp, line 535]
Event: 33.269 Thread 0x000002153a385530 Exception <a 'sun/nio/fs/WindowsException'{0x000000008b435098}> (0x000000008b435098) 
thrown [s\src\hotspot\share\prims\jni.cpp, line 535]
Event: 33.273 Thread 0x000002153a385530 Exception <a 'sun/nio/fs/WindowsException'{0x000000008b47d518}> (0x000000008b47d518) 
thrown [s\src\hotspot\share\prims\jni.cpp, line 535]
Event: 33.275 Thread 0x000002153a385530 Exception <a 'sun/nio/fs/WindowsException'{0x000000008b48d7f0}> (0x000000008b48d7f0) 
thrown [s\src\hotspot\share\prims\jni.cpp, line 535]
Event: 33.280 Thread 0x000002153a385530 Exception <a 'sun/nio/fs/WindowsException'{0x000000008b4f8998}> (0x000000008b4f8998) 
thrown [s\src\hotspot\share\prims\jni.cpp, line 535]
Event: 33.282 Thread 0x000002153a385530 Exception <a 'sun/nio/fs/WindowsException'{0x000000008b309aa8}> (0x000000008b309aa8) 
thrown [s\src\hotspot\share\prims\jni.cpp, line 535]
Event: 33.284 Thread 0x000002153a385530 Exception <a 'sun/nio/fs/WindowsException'{0x000000008b319d58}> (0x000000008b319d58) 
thrown [s\src\hotspot\share\prims\jni.cpp, line 535]
Event: 33.285 Thread 0x000002153a385530 Exception <a 'sun/nio/fs/WindowsException'{0x000000008b32a6c0}> (0x000000008b32a6c0) 
thrown [s\src\hotspot\share\prims\jni.cpp, line 535]
Event: 33.288 Thread 0x000002153a385530 Exception <a 'sun/nio/fs/WindowsException'{0x000000008b33c9e8}> (0x000000008b33c9e8) 
thrown [s\src\hotspot\share\prims\jni.cpp, line 535]
Event: 33.290 Thread 0x000002153a385530 Exception <a 'sun/nio/fs/WindowsException'{0x000000008b34d178}> (0x000000008b34d178) 
thrown [s\src\hotspot\share\prims\jni.cpp, line 535]
Event: 33.293 Thread 0x000002153a385530 Exception <a 'sun/nio/fs/WindowsException'{0x000000008b360df0}> (0x000000008b360df0) 
thrown [s\src\hotspot\share\prims\jni.cpp, line 535]
Event: 33.294 Thread 0x000002153a385530 Exception <a 'sun/nio/fs/WindowsException'{0x000000008b370af8}> (0x000000008b370af8) 
thrown [s\src\hotspot\share\prims\jni.cpp, line 535]
Event: 33.297 Thread 0x000002153a385530 Exception <a 'sun/nio/fs/WindowsException'{0x000000008b380978}> (0x000000008b380978) 
thrown [s\src\hotspot\share\prims\jni.cpp, line 535]
Event: 33.300 Thread 0x000002153a385530 Exception <a 'sun/nio/fs/WindowsException'{0x000000008b39f858}> (0x000000008b39f858) 
thrown [s\src\hotspot\share\prims\jni.cpp, line 535]
Event: 33.304 Thread 0x000002153a385530 Exception <a 'sun/nio/fs/WindowsException'{0x000000008b3e4d68}> (0x000000008b3e4d68) 
thrown [s\src\hotspot\share\prims\jni.cpp, line 535]
Event: 33.305 Thread 0x000002153a385530 Exception <a 'sun/nio/fs/WindowsException'{0x000000008b3f2af0}> (0x000000008b3f2af0) 
thrown [s\src\hotspot\share\prims\jni.cpp, line 535]
Event: 33.310 Thread 0x000002153a385530 Exception <a 'sun/nio/fs/WindowsException'{0x000000008b21ecb8}> (0x000000008b21ecb8) 
thrown [s\src\hotspot\share\prims\jni.cpp, line 535]
Event: 33.312 Thread 0x000002153a385530 Exception <a 'sun/nio/fs/WindowsException'{0x000000008b233668}> (0x000000008b233668) 
thrown [s\src\hotspot\share\prims\jni.cpp, line 535]
Event: 33.320 Thread 0x000002153a385530 Exception <a 'sun/nio/fs/WindowsException'{0x000000008b2784b0}> (0x000000008b2784b0) 
thrown [s\src\hotspot\share\prims\jni.cpp, line 535]
Event: 33.321 Thread 0x000002153a385530 Exception <a 'sun/nio/fs/WindowsException'{0x000000008b28ba78}> (0x000000008b28ba78) 
thrown [s\src\hotspot\share\prims\jni.cpp, line 535]

VM Operations (20 events):
Event: 30.247 Executing safepoint VM operation: G1CollectForAllocation (G1 Evacuation Pause)
Event: 30.255 Executing safepoint VM operation: G1CollectForAllocation (G1 Evacuation Pause) done
Event: 30.947 Executing safepoint VM operation: G1CollectForAllocation (G1 Evacuation Pause)
Event: 30.954 Executing safepoint VM operation: G1CollectForAllocation (G1 Evacuation Pause) done
Event: 31.232 Executing non-safepoint VM operation: HandshakeAllThreads (Deoptimize)
Event: 31.233 Executing non-safepoint VM operation: HandshakeAllThreads (Deoptimize) done
Event: 31.341 Executing safepoint VM operation: G1TryInitiateConcMark (G1 Humongous Allocation)
Event: 31.346 Executing safepoint VM operation: G1TryInitiateConcMark (G1 Humongous Allocation) done
Event: 31.407 Executing safepoint VM operation: G1PauseRemark
Event: 31.413 Executing safepoint VM operation: G1PauseRemark done
Event: 31.434 Executing safepoint VM operation: G1PauseCleanup
Event: 31.434 Executing safepoint VM operation: G1PauseCleanup done
Event: 32.016 Executing non-safepoint VM operation: HandshakeAllThreads (Deoptimize)
Event: 32.017 Executing non-safepoint VM operation: HandshakeAllThreads (Deoptimize) done
Event: 32.103 Executing non-safepoint VM operation: HandshakeAllThreads (Deoptimize)
Event: 32.103 Executing non-safepoint VM operation: HandshakeAllThreads (Deoptimize) done
Event: 32.279 Executing safepoint VM operation: G1CollectForAllocation (G1 Evacuation Pause)
Event: 32.285 Executing safepoint VM operation: G1CollectForAllocation (G1 Evacuation Pause) done
Event: 33.075 Executing safepoint VM operation: G1CollectForAllocation (G1 Evacuation Pause)
Event: 33.085 Executing safepoint VM operation: G1CollectForAllocation (G1 Evacuation Pause) done

Memory protections (0 events):
No events

Nmethod flushes (20 events):
Event: 31.411 Thread 0x0000021534d42950 flushing  nmethod 0x00000215209df808
Event: 31.411 Thread 0x0000021534d42950 flushing  nmethod 0x0000021520c95b08
Event: 31.411 Thread 0x0000021534d42950 flushing  nmethod 0x0000021527f74788
Event: 31.411 Thread 0x0000021534d42950 flushing  nmethod 0x0000021527f75a08
Event: 31.411 Thread 0x0000021534d42950 flushing  nmethod 0x0000021520484d88
Event: 31.411 Thread 0x0000021534d42950 flushing  nmethod 0x00000215205ee008
Event: 31.411 Thread 0x0000021534d42950 flushing  nmethod 0x0000021520637708
Event: 31.411 Thread 0x0000021534d42950 flushing  nmethod 0x000002152092e588
Event: 31.411 Thread 0x0000021534d42950 flushing  nmethod 0x000002152092ee88
Event: 31.411 Thread 0x0000021534d42950 flushing  nmethod 0x0000021520973608
Event: 31.411 Thread 0x0000021534d42950 flushing  nmethod 0x0000021520974c08
Event: 31.411 Thread 0x0000021534d42950 flushing  nmethod 0x0000021520c32188
Event: 31.411 Thread 0x0000021534d42950 flushing  nmethod 0x000002152028d808
Event: 31.411 Thread 0x0000021534d42950 flushing  nmethod 0x000002152028eb88
Event: 31.411 Thread 0x0000021534d42950 flushing  nmethod 0x000002152036c688
Event: 31.411 Thread 0x0000021534d42950 flushing  nmethod 0x000002152036ed08
Event: 31.411 Thread 0x0000021534d42950 flushing  nmethod 0x00000215205e4888
Event: 31.411 Thread 0x0000021534d42950 flushing  nmethod 0x0000021520ae7708
Event: 31.411 Thread 0x0000021534d42950 flushing  nmethod 0x0000021520b69b08
Event: 31.411 Thread 0x0000021534d42950 flushing  nmethod 0x0000021520c12288

Events (20 events):
Event: 23.506 Thread 0x000002153a385530 Thread added: 0x000002153d3403c0
Event: 23.508 Thread 0x000002153a385530 Thread added: 0x000002153d341b30
Event: 23.586 Thread 0x000002153a385530 Thread added: 0x000002153d341360
Event: 23.587 Thread 0x000002153a385530 Thread added: 0x000002153d3432a0
Event: 23.872 Thread 0x000002153a385530 Thread added: 0x000002153d344a10
Event: 23.873 Thread 0x000002153a385530 Thread added: 0x000002153d4accc0
Event: 23.874 Thread 0x000002153a385530 Thread added: 0x000002153d4ad490
Event: 23.874 Thread 0x000002153a385530 Thread added: 0x000002153d4ae430
Event: 23.880 Thread 0x000002153a385530 Thread added: 0x000002153d4aec00
Event: 23.882 Thread 0x000002153a385530 Thread added: 0x000002153d4abd20
Event: 23.884 Thread 0x000002153a385530 Thread added: 0x000002153d4ac4f0
Event: 23.885 Thread 0x000002153a385530 Thread added: 0x000002153d4b0370
Event: 28.077 Thread 0x000002153d5db8c0 Thread exited: 0x000002153d5db8c0
Event: 28.908 Thread 0x0000021534da2bf0 Thread added: 0x000002153cd2d0f0
Event: 29.534 Thread 0x000002153cd2d0f0 Thread exited: 0x000002153cd2d0f0
Event: 29.692 Thread 0x000002153c4b63f0 Thread exited: 0x000002153c4b63f0
Event: 31.272 Thread 0x000002153a385530 Thread added: 0x000002153e699270
Event: 32.165 Thread 0x0000021534da2bf0 Thread added: 0x000002153cd331b0
Event: 32.243 Thread 0x0000021534da2bf0 Thread added: 0x000002153cd351f0
Event: 32.520 Thread 0x000002153cd351f0 Thread exited: 0x000002153cd351f0


Dynamic libraries:
0x00007ff7ab5d0000 - 0x00007ff7ab5da000 	C:\Program Files\Android\Android Studio\jbr\bin\java.exe
0x00007ffcd8da0000 - 0x00007ffcd9006000 	C:\windows\SYSTEM32\ntdll.dll
0x00007ffcd6e60000 - 0x00007ffcd6f29000 	C:\windows\System32\KERNEL32.DLL
0x00007ffcd6290000 - 0x00007ffcd668f000 	C:\windows\System32\KERNELBASE.dll
0x00007ffcd6940000 - 0x00007ffcd6a8c000 	C:\windows\System32\ucrtbase.dll
0x00007ffcbe630000 - 0x00007ffcbe64b000 	C:\Program Files\Android\Android Studio\jbr\bin\VCRUNTIME140.dll
0x00007ffcacf40000 - 0x00007ffcacf56000 	C:\Program Files\Android\Android Studio\jbr\bin\jli.dll
0x00007ffcd6c80000 - 0x00007ffcd6e46000 	C:\windows\System32\USER32.dll
0x00007ffcb11f0000 - 0x00007ffcb1481000 	C:\windows\WinSxS\amd64_microsoft.windows.common-controls_6595b64144ccf1df_6.0.26100.8972_none_3e0da176e32f9d4b\COMCTL32.dll
0x00007ffcd6aa0000 - 0x00007ffcd6ac7000 	C:\windows\System32\win32u.dll
0x00007ffcd7b70000 - 0x00007ffcd7c19000 	C:\windows\System32\msvcrt.dll
0x00007ffcd8120000 - 0x00007ffcd814b000 	C:\windows\System32\GDI32.dll
0x00007ffcd6810000 - 0x00007ffcd6939000 	C:\windows\System32\gdi32full.dll
0x00007ffcd66a0000 - 0x00007ffcd6743000 	C:\windows\System32\msvcp_win.dll
0x00007ffcd8150000 - 0x00007ffcd8182000 	C:\windows\System32\IMM32.DLL
0x00007ffccf040000 - 0x00007ffccf04c000 	C:\Program Files\Android\Android Studio\jbr\bin\vcruntime140_1.dll
0x00007ffc5c830000 - 0x00007ffc5c8bd000 	C:\Program Files\Android\Android Studio\jbr\bin\msvcp140.dll
0x00007ffc165f0000 - 0x00007ffc174ca000 	C:\Program Files\Android\Android Studio\jbr\bin\server\jvm.dll
0x00007ffcd8c00000 - 0x00007ffcd8cbc000 	C:\windows\System32\ADVAPI32.dll
0x00007ffcd8870000 - 0x00007ffcd891a000 	C:\windows\System32\sechost.dll
0x00007ffcd8a90000 - 0x00007ffcd8ba8000 	C:\windows\System32\RPCRT4.dll
0x00007ffcd8cd0000 - 0x00007ffcd8d52000 	C:\windows\System32\WS2_32.dll
0x00007ffcd5e30000 - 0x00007ffcd5e8e000 	C:\windows\SYSTEM32\POWRPROF.dll
0x00007ffcce620000 - 0x00007ffcce656000 	C:\windows\SYSTEM32\WINMM.dll
0x00007ffccdcc0000 - 0x00007ffccdccb000 	C:\windows\SYSTEM32\VERSION.dll
0x00007ffcd5e10000 - 0x00007ffcd5e25000 	C:\windows\SYSTEM32\UMPDC.dll
0x00007ffcd4c60000 - 0x00007ffcd4c7b000 	C:\windows\SYSTEM32\kernel.appcore.dll
0x00007ffcce670000 - 0x00007ffcce67a000 	C:\Program Files\Android\Android Studio\jbr\bin\jimage.dll
0x00007ffcd3690000 - 0x00007ffcd38d2000 	C:\windows\SYSTEM32\DBGHELP.DLL
0x00007ffcd7d20000 - 0x00007ffcd80a5000 	C:\windows\System32\combase.dll
0x00007ffcd8650000 - 0x00007ffcd8729000 	C:\windows\System32\OLEAUT32.dll
0x00007ffcb2460000 - 0x00007ffcb249b000 	C:\windows\SYSTEM32\dbgcore.DLL
0x00007ffcd5fb0000 - 0x00007ffcd605c000 	C:\windows\System32\bcryptPrimitives.dll
0x00007ffcc4d10000 - 0x00007ffcc4d1e000 	C:\Program Files\Android\Android Studio\jbr\bin\instrument.dll
0x00007ffcbd7a0000 - 0x00007ffcbd7bf000 	C:\Program Files\Android\Android Studio\jbr\bin\java.dll
0x00007ffcd79d0000 - 0x00007ffcd7b69000 	C:\windows\System32\ole32.dll
0x00007ffcd7240000 - 0x00007ffcd79c8000 	C:\windows\System32\SHELL32.dll
0x00007ffcbd780000 - 0x00007ffcbd797000 	C:\Program Files\Android\Android Studio\jbr\bin\zip.dll
0x00007ffcd38e0000 - 0x00007ffcd417b000 	C:\windows\SYSTEM32\windows.storage.dll
0x00007ffcd7c20000 - 0x00007ffcd7d19000 	C:\windows\System32\SHCORE.dll
0x00007ffcd80b0000 - 0x00007ffcd8116000 	C:\windows\System32\shlwapi.dll
0x00007ffcd5ed0000 - 0x00007ffcd5ef9000 	C:\windows\SYSTEM32\profapi.dll
0x00007ffcc5fb0000 - 0x00007ffcc5fc0000 	C:\Program Files\Android\Android Studio\jbr\bin\net.dll
0x00007ffcd51f0000 - 0x00007ffcd525c000 	C:\windows\system32\mswsock.dll
0x00007ffcb91f0000 - 0x00007ffcb9206000 	C:\Program Files\Android\Android Studio\jbr\bin\nio.dll
0x00007ffcc4690000 - 0x00007ffcc46a0000 	C:\Program Files\Android\Android Studio\jbr\bin\verify.dll
0x00007ffcb2740000 - 0x00007ffcb2767000 	C:\Users\Aluno\.gradle\native\660c5614fbf4a5f2a75b1949f50a0caf5cd603558e7d8a26e50b933a0cfb79d1\windows-amd64\native-platform.dll
0x00007ffca66b0000 - 0x00007ffca6727000 	C:\Users\Aluno\.gradle\native\0.2.8\x86_64-windows-gnu\gradle-fileevents.dll
0x00007ffcb9290000 - 0x00007ffcb9299000 	C:\Program Files\Android\Android Studio\jbr\bin\management.dll
0x00007ffcb91e0000 - 0x00007ffcb91eb000 	C:\Program Files\Android\Android Studio\jbr\bin\management_ext.dll
0x00007ffcd6e50000 - 0x00007ffcd6e58000 	C:\windows\System32\PSAPI.DLL
0x00007ffcd4660000 - 0x00007ffcd4693000 	C:\windows\SYSTEM32\IPHLPAPI.DLL
0x00007ffcd6b30000 - 0x00007ffcd6b3a000 	C:\windows\System32\NSI.dll
0x00007ffcc4e40000 - 0x00007ffcc4e49000 	C:\Program Files\Android\Android Studio\jbr\bin\extnet.dll
0x00007ffcd5610000 - 0x00007ffcd562b000 	C:\windows\SYSTEM32\CRYPTSP.dll
0x00007ffcd4bc0000 - 0x00007ffcd4bf9000 	C:\windows\system32\rsaenh.dll
0x00007ffcd52a0000 - 0x00007ffcd52d2000 	C:\windows\SYSTEM32\USERENV.dll
0x00007ffcd5ea0000 - 0x00007ffcd5eca000 	C:\windows\SYSTEM32\bcrypt.dll
0x00007ffcd55e0000 - 0x00007ffcd55ec000 	C:\windows\SYSTEM32\CRYPTBASE.dll
0x00007ffca4b50000 - 0x00007ffca4b58000 	C:\windows\system32\wshunix.dll
0x00007ffcd4700000 - 0x00007ffcd4858000 	C:\windows\SYSTEM32\DNSAPI.dll
0x00007ffcd4ff0000 - 0x00007ffcd4ffd000 	C:\windows\SYSTEM32\DSPARSE.dll
0x00007ffccdd00000 - 0x00007ffccdd0b000 	C:\Windows\System32\rasadhlp.dll

JVMTI agents:
C:\Users\Aluno\.gradle\wrapper\dists\gradle-9.5.0-bin\bvnork1r7n8i6kp5cnkibsc9q\gradle-9.5.0\lib\agents\gradle-instrumentation-agent-9.5.0.jar path:C:\Program Files\Android\Android Studio\jbr\bin\instrument.dll, loaded, initialized, instrumentlib options:none

dbghelp: loaded successfully - version: 4.0.5 - missing functions: none
symbol engine: initialized successfully - sym options: 0x614 - pdb path: .;C:\Program Files\Android\Android Studio\jbr\bin;C:\windows\SYSTEM32;C:\windows\WinSxS\amd64_microsoft.windows.common-controls_6595b64144ccf1df_6.0.26100.8972_none_3e0da176e32f9d4b;C:\Program Files\Android\Android Studio\jbr\bin\server;C:\Users\Aluno\.gradle\native\660c5614fbf4a5f2a75b1949f50a0caf5cd603558e7d8a26e50b933a0cfb79d1\windows-amd64;C:\Users\Aluno\.gradle\native\0.2.8\x86_64-windows-gnu

VM Arguments:
jvm_args: --add-opens=java.base/java.lang=ALL-UNNAMED --add-opens=java.base/java.lang.invoke=ALL-UNNAMED --add-opens=java.base/java.util=ALL-UNNAMED --add-opens=java.prefs/java.util.prefs=ALL-UNNAMED --add-exports=jdk.compiler/com.sun.tools.javac.api=ALL-UNNAMED --add-exports=jdk.compiler/com.sun.tools.javac.util=ALL-UNNAMED --add-opens=java.base/java.nio.charset=ALL-UNNAMED --add-opens=java.base/java.net=ALL-UNNAMED --add-opens=java.base/java.util.concurrent=ALL-UNNAMED --add-opens=java.base/java.util.concurrent.atomic=ALL-UNNAMED --add-opens=java.xml/javax.xml.namespace=ALL-UNNAMED --add-opens=java.base/java.time=ALL-UNNAMED --enable-native-access=ALL-UNNAMED -Xmx2048m -Dfile.encoding=UTF-8 -Duser.country=BR -Duser.language=pt -Duser.variant -javaagent:C:\Users\Aluno\.gradle\wrapper\dists\gradle-9.5.0-bin\bvnork1r7n8i6kp5cnkibsc9q\gradle-9.5.0\lib\agents\gradle-instrumentation-agent-9.5.0.jar 
java_command: org.gradle.launcher.daemon.bootstrap.GradleDaemon 9.5.0
java_class_path (initial): C:\Users\Aluno\.gradle\wrapper\dists\gradle-9.5.0-bin\bvnork1r7n8i6kp5cnkibsc9q\gradle-9.5.0\lib\gradle-daemon-main-9.5.0.jar
Launcher Type: SUN_STANDARD

[Global flags]
     intx CICompilerCount                          = 4                                         {product} {ergonomic}
     uint ConcGCThreads                            = 3                                         {product} {ergonomic}
     uint G1ConcRefinementThreads                  = 10                                        {product} {ergonomic}
   size_t G1HeapRegionSize                         = 1048576                                   {product} {ergonomic}
   size_t InitialHeapSize                          = 264241152                                 {product} {ergonomic}
   size_t MarkStackSize                            = 4194304                                   {product} {ergonomic}
   size_t MarkStackSizeMax                         = 536870912                                 {product} {ergonomic}
   size_t MaxHeapSize                              = 2147483648                                {product} {command line}
   size_t MaxNewSize                               = 1287651328                                {product} {ergonomic}
   size_t MinHeapDeltaBytes                        = 1048576                                   {product} {ergonomic}
   size_t MinHeapSize                              = 8388608                                   {product} {ergonomic}
    uintx NonNMethodCodeHeapSize                   = 5832704                                {pd product} {ergonomic}
    uintx NonProfiledCodeHeapSize                  = 122945536                              {pd product} {ergonomic}
     bool PerfDisableSharedMem                     = true                                      {product} {ergonomic}
    uintx ProfiledCodeHeapSize                     = 122880000                              {pd product} {ergonomic}
    uintx ReservedCodeCacheSize                    = 251658240                              {pd product} {ergonomic}
     bool SegmentedCodeCache                       = true                                      {product} {ergonomic}
   size_t SoftMaxHeapSize                          = 2147483648                             {manageable} {ergonomic}
     bool UseCompressedOops                        = true                           {product lp64_product} {ergonomic}
     bool UseG1GC                                  = true                                      {product} {ergonomic}
     bool UseLargePagesIndividualAllocation        = false                                  {pd product} {ergonomic}

Logging:
Log output configuration:
 #0: stdout all=warning uptime,level,tags foldmultilines=false
 #1: stderr all=off uptime,level,tags foldmultilines=false

Release file:
JAVA_VERSION="25.0.2" 
MODULES="java.base java.compiler java.datatransfer java.xml java.prefs java.desktop java.instrument java.logging java.management java.security.sasl java.naming java.rmi java.management.rmi java.net.http java.scripting java.security.jgss java.transaction.xa java.sql java.sql.rowset java.xml.crypto java.se java.smartcardio jdk.accessibility jdk.internal.jvmstat jdk.attach jdk.charsets jdk.internal.opt jdk.zipfs jdk.compiler jdk.crypto.cryptoki jdk.crypto.ec jdk.dynalink jdk.hotspot.agent jdk.httpserver jdk.internal.ed jdk.internal.le jdk.internal.md jdk.internal.vm.ci jdk.jartool jdk.javadoc jdk.jcmd jdk.jdeps jdk.jdwp.agent jdk.jdi jdk.jfr jdk.jlink jdk.localedata jdk.management jdk.management.agent jdk.management.jfr jdk.naming.dns jdk.naming.rmi jdk.net jdk.sctp jdk.security.auth jdk.security.jgss jdk.unsupported jdk.unsupported.desktop jdk.xml.dom" 
IMPLEMENTOR="JetBrains s.r.o." 
JAVA_RUNTIME_VERSION="25.0.2+-15348964-b329.117" 
LIBC="default" 
OS_ARCH="x86_64" 
OS_NAME="Windows" 
SOURCE=".:git:3cf398e84a39" 

Environment Variables:
PATH=C:\Program Files\Microsoft SDKs\Azure\CLI2\wbin;C:\Program Files (x86)\Common Files\Oracle\Java\java8path;C:\Program Files (x86)\Common Files\Oracle\Java\javapath;C:\windows\system32;C:\windows;C:\windows\System32\Wbem;C:\windows\System32\WindowsPowerShell\v1.0\;C:\windows\System32\OpenSSH\;C:\Program Files\Microsoft SQL Server\150\Tools\Binn\;C:\Program Files\Microsoft SQL Server\Client SDK\ODBC\170\Tools\Binn\;C:\Program Files\dotnet\;C:\Program Files (x86)\Microsoft SQL Server\160\Tools\Binn\;C:\Program Files\Microsoft SQL Server\160\Tools\Binn\;C:\Program Files\Microsoft SQL Server\160\DTS\Binn\;C:\Program Files\Git\cmd;C:\Program Files\Docker\Docker\resources\bin;C:\Program Files\nodejs\;C:\Users\Aluno\AppData\Local\Programs\Python\Python314\Scripts\;C:\Users\Aluno\AppData\Local\Programs\Python\Python314\;C:\Users\Aluno\AppData\Local\Microsoft\WindowsApps;C:\Users\Aluno\AppData\Local\Programs\Microsoft VS Code\bin;C:\Users\Aluno\.dotnet\tools;C:\Users\Aluno\AppData\Roaming\npm
USERNAME=Aluno
OS=Windows_NT
PROCESSOR_IDENTIFIER=Intel64 Family 6 Model 186 Stepping 3, GenuineIntel
TMP=C:\Users\Aluno\AppData\Local\Temp
TEMP=C:\Users\Aluno\AppData\Local\Temp




Compilation memory statistics disabled.

Periodic native trim disabled

JNI global refs:
JNI global refs: 24, weak refs: 10

JNI global refs memory usage: 835, weak refs: 833

Process memory usage:
Resident Set Size: 419460K (2% of 16400672K total physical memory with 881460K free physical memory)

OOME stack traces (most recent first):
Classloader memory used:
Loader org.gradle.internal.classloader.VisitableURLClassLoader                         : 40701 K
Loader bootstrap                                                                       : 27259 K
Loader org.gradle.internal.classloader.VisitableURLClassLoader$InstrumentingVisitableURLClassLoader: 11882 K
Loader org.gradle.initialization.MixInLegacyTypesClassLoader                           : 11490 K
Loader org.gradle.internal.classloader.VisitableURLClassLoader                         : 1053 K
Loader jdk.internal.loader.ClassLoaders$AppClassLoader                                 : 185 K
Loader jdk.internal.loader.ClassLoaders$PlatformClassLoader                            : 143 K
Loader org.gradle.groovy.scripts.internal.DefaultScriptCompilationHandler$ScriptClassLoader: 89736 B

Classes loaded by more than one classloader:
Class Program                                                                         : loaded 4 times (x 76B)
Class com.google.common.collect.PeekingIterator                                       : loaded 3 times (x 72B)
Class com.google.common.base.Preconditions                                            : loaded 3 times (x 73B)
Class org.gradle.internal.IoActions                                                   : loaded 3 times (x 73B)
Class org.gradle.api.GradleException                                                  : loaded 3 times (x 84B)
Class org.gradle.api.Action                                                           : loaded 3 times (x 72B)
Class org.gradle.internal.Cast                                                        : loaded 3 times (x 73B)
Class com.google.common.collect.ImmutableList                                         : loaded 3 times (x 208B)
Class com.google.common.collect.Iterators$9                                           : loaded 3 times (x 83B)
Class com.google.common.collect.Lists                                                 : loaded 3 times (x 73B)
Class com.google.common.collect.ImmutableCollection                                   : loaded 3 times (x 127B)
Class com.google.common.collect.Iterators$5                                           : loaded 3 times (x 84B)
Class com.google.common.collect.Iterators$4                                           : loaded 3 times (x 84B)
Class com.google.common.collect.Iterators$1                                           : loaded 3 times (x 83B)
Class com.google.common.collect.UnmodifiableListIterator                              : loaded 3 times (x 97B)
Class com.google.common.collect.Iterators$MergingIterator                             : loaded 3 times (x 83B)
Class com.google.common.collect.AbstractIndexedListIterator                           : loaded 3 times (x 98B)
Class com.google.common.collect.AbstractIterator                                      : loaded 3 times (x 84B)
Class com.google.common.collect.Lists$StringAsImmutableList                           : loaded 3 times (x 209B)
Class com.google.common.collect.Iterators                                             : loaded 3 times (x 73B)
Class com.google.common.collect.Iterators$SingletonIterator                           : loaded 3 times (x 83B)
Class com.google.common.collect.UnmodifiableIterator                                  : loaded 3 times (x 82B)
Class com.google.common.collect.Iterators$ArrayItr                                    : loaded 3 times (x 99B)
Class com.google.common.collect.ImmutableEnumMap                                      : loaded 2 times (x 128B)
Class org.gradle.tooling.internal.gradle.DefaultProjectIdentifier                     : loaded 2 times (x 88B)
Class com.google.common.collect.Sets$1                                                : loaded 2 times (x 143B)
Class org.objectweb.asm.AnnotationVisitor                                             : loaded 2 times (x 80B)
Class org.gradle.api.internal.DefaultClassPathProvider                                : loaded 2 times (x 78B)
Class com.google.common.collect.Sets$2                                                : loaded 2 times (x 143B)
Class [Lorg.gradle.api.internal.ClassPathProvider;                                    : loaded 2 times (x 71B)
Class org.gradle.api.internal.ClassPathProvider                                       : loaded 2 times (x 72B)
Class com.google.common.collect.Sets$3                                                : loaded 2 times (x 143B)
Class com.google.common.cache.LocalCache$LocalLoadingCache                            : loaded 2 times (x 136B)
Class org.gradle.internal.service.UnknownServiceException                             : loaded 2 times (x 85B)
Class com.google.common.collect.Sets$4                                                : loaded 2 times (x 143B)
Class org.objectweb.asm.ModuleVisitor                                                 : loaded 2 times (x 83B)
Class com.google.common.cache.LocalCache$Strength$1                                   : loaded 2 times (x 83B)
Class com.google.common.util.concurrent.SettableFuture                                : loaded 2 times (x 116B)
Class com.google.common.cache.LocalCache$Strength$2                                   : loaded 2 times (x 83B)
Class com.google.common.cache.LocalCache$Strength$3                                   : loaded 2 times (x 83B)
Class com.google.common.collect.MapDifference                                         : loaded 2 times (x 72B)
Class org.objectweb.asm.FieldWriter                                                   : loaded 2 times (x 79B)
Class com.google.common.cache.CacheBuilder$NullListener                               : loaded 2 times (x 84B)
Class org.gradle.internal.classpath.TransformedClassPath                              : loaded 2 times (x 98B)
Class org.gradle.internal.classloader.InstrumentingClassLoader                        : loaded 2 times (x 72B)
Class com.google.common.collect.ListMultimap                                          : loaded 2 times (x 72B)
Class com.google.common.cache.CacheLoader$FunctionToCacheLoader                       : loaded 2 times (x 77B)
Class com.google.common.collect.ImmutableCollection$Builder                           : loaded 2 times (x 78B)
Class kotlin.enums.EnumEntriesList                                                    : loaded 2 times (x 225B)
Class com.google.common.base.MoreObjects                                              : loaded 2 times (x 73B)
Class sync_studio_tooling237_9qv34ut8ljh56qhjxog2ie0jd$_run_closure1                  : loaded 2 times (x 140B)
Class com.google.common.collect.Platform                                              : loaded 2 times (x 73B)
Class [Lorg.objectweb.asm.Type;                                                       : loaded 2 times (x 71B)
Class [Lcom.google.common.collect.ImmutableMapEntry;                                  : loaded 2 times (x 71B)
Class org.gradle.internal.service.ServiceLocator                                      : loaded 2 times (x 72B)
Class com.google.common.base.Ascii                                                    : loaded 2 times (x 73B)
Class com.google.common.collect.SingletonImmutableBiMap                               : loaded 2 times (x 145B)
Class kotlin.collections.AbstractList$Companion                                       : loaded 2 times (x 73B)
Class com.google.common.cache.LocalCache$1                                            : loaded 2 times (x 91B)
Class com.google.common.collect.AbstractMapEntry                                      : loaded 2 times (x 83B)
Class com.intellij.gradle.toolingExtension.util.GradleVersionUtil                     : loaded 2 times (x 73B)
Class org.gradle.tooling.model.UnsupportedMethodException                             : loaded 2 times (x 84B)
Class com.google.common.collect.AbstractMultimap                                      : loaded 2 times (x 125B)
Class com.google.common.cache.LocalCache$2                                            : loaded 2 times (x 144B)
Class com.google.common.collect.RegularImmutableAsList                                : loaded 2 times (x 219B)
Class com.google.common.util.concurrent.AbstractFuture$Trusted                        : loaded 2 times (x 72B)
Class org.gradle.internal.classloader.DefaultClassLoaderFactory                       : loaded 2 times (x 84B)
Class com.google.common.base.Suppliers                                                : loaded 2 times (x 73B)
Class com.google.common.util.concurrent.UncheckedExecutionException                   : loaded 2 times (x 84B)
Class org.gradle.kotlin.dsl.VersionCatalogAccessorsKt                                 : loaded 2 times (x 73B)
Class org.objectweb.asm.ClassWriter                                                   : loaded 2 times (x 107B)
Class com.google.common.cache.CacheLoader$UnsupportedLoadingOperationException        : loaded 2 times (x 84B)
Class com.google.common.base.CharMatcher$And                                          : loaded 2 times (x 114B)
Class org.gradle.internal.time.DefaultTimer                                           : loaded 2 times (x 82B)
Class org.objectweb.asm.FieldVisitor                                                  : loaded 2 times (x 79B)
Class com.google.common.collect.IndexedImmutableSet                                   : loaded 2 times (x 154B)
Class com.google.common.collect.ImmutableMap$1                                        : loaded 2 times (x 83B)
Class com.google.common.collect.BiMap                                                 : loaded 2 times (x 72B)
Class org.gradle.api.internal.classpath.DefaultModuleRegistry$DefaultModule           : loaded 2 times (x 84B)
Class com.google.common.primitives.Ints                                               : loaded 2 times (x 73B)
Class [Lcom.google.common.cache.CacheBuilder$OneWeigher;                              : loaded 2 times (x 71B)
Class com.google.common.math.MathPreconditions                                        : loaded 2 times (x 73B)
Class com.google.common.collect.Multiset                                              : loaded 2 times (x 72B)
Class com.google.common.collect.ArrayListMultimapGwtSerializationDependencies         : loaded 2 times (x 173B)
Class org.objectweb.asm.MethodTooLargeException                                       : loaded 2 times (x 84B)
Class org.gradle.internal.time.DefaultCountdownTimer                                  : loaded 2 times (x 90B)
Class com.google.common.collect.ImmutableMapEntrySet                                  : loaded 2 times (x 154B)
Class org.gradle.tooling.internal.gradle.DefaultBuildIdentifier                       : loaded 2 times (x 81B)
Class org.gradle.api.internal.classpath.Module                                        : loaded 2 times (x 72B)
Class com.google.common.cache.Weigher                                                 : loaded 2 times (x 72B)
Class org.gradle.api.internal.classpath.UnknownModuleException                        : loaded 2 times (x 84B)
Class com.google.common.base.Stopwatch                                                : loaded 2 times (x 74B)
Class com.google.common.cache.LocalCache$Strength                                     : loaded 2 times (x 83B)
Class com.google.common.cache.Cache                                                   : loaded 2 times (x 72B)
Class com.google.common.util.concurrent.AbstractFuture$Cancellation                   : loaded 2 times (x 74B)
Class com.google.common.collect.ImmutableMap$Builder                                  : loaded 2 times (x 84B)
Class com.google.common.cache.RemovalListener                                         : loaded 2 times (x 72B)
Class org.gradle.tooling.internal.gradle.GradleProjectIdentity                        : loaded 2 times (x 72B)
Class org.gradle.api.internal.DefaultClassPathRegistry                                : loaded 2 times (x 78B)
Class com.google.common.primitives.IntsMethodsForWeb                                  : loaded 2 times (x 73B)
Class com.google.common.collect.Multimap                                              : loaded 2 times (x 72B)
Class org.gradle.internal.classpath.DefaultClassPath$ImmutableUniqueList              : loaded 2 times (x 201B)
Class org.gradle.api.internal.ClassPathRegistry                                       : loaded 2 times (x 72B)
Class com.google.common.collect.SingletonImmutableList                                : loaded 2 times (x 209B)
Class com.google.common.cache.CacheBuilder                                            : loaded 2 times (x 74B)
Class org.gradle.internal.operations.MultipleBuildOperationFailures                   : loaded 2 times (x 97B)
Class Settings_gradle$1                                                               : loaded 2 times (x 76B)
Class org.gradle.internal.classpath.ClassPath                                         : loaded 2 times (x 72B)
Class com.google.common.collect.ImmutableList$ReverseImmutableList                    : loaded 2 times (x 211B)
Class org.objectweb.asm.SymbolTable$Entry                                             : loaded 2 times (x 75B)
Class org.gradle.api.internal.classpath.DefaultModuleRegistry$DefaultModuleAlias      : loaded 2 times (x 82B)
Class org.objectweb.asm.Edge                                                          : loaded 2 times (x 74B)
Class org.objectweb.asm.ClassVisitor                                                  : loaded 2 times (x 90B)
Class com.google.common.base.Suppliers$SupplierOfInstance                             : loaded 2 times (x 81B)
Class org.gradle.tooling.model.Model                                                  : loaded 2 times (x 72B)
Class com.google.common.collect.SingletonImmutableSet                                 : loaded 2 times (x 148B)
Class com.google.common.cache.LocalCache$ComputingValueReference                      : loaded 2 times (x 98B)
Class com.google.common.collect.ImmutableMap$IteratorBasedImmutableMap                : loaded 2 times (x 128B)
Class kotlin.UninitializedPropertyAccessException                                     : loaded 2 times (x 84B)
Class com.google.common.cache.LocalCache$Segment                                      : loaded 2 times (x 155B)
Class com.google.common.collect.AbstractListMultimap                                  : loaded 2 times (x 173B)
Class [Lorg.objectweb.asm.SymbolTable$Entry;                                          : loaded 2 times (x 71B)
Class [Lorg.objectweb.asm.Symbol;                                                     : loaded 2 times (x 71B)
Class com.google.common.cache.CacheLoader                                             : loaded 2 times (x 76B)
Class com.google.common.collect.ImmutableBiMap                                        : loaded 2 times (x 145B)
Class org.gradle.api.internal.classpath.ModuleRegistry                                : loaded 2 times (x 72B)
Class org.gradle.internal.installation.GradleInstallation$1                           : loaded 2 times (x 77B)
Class com.google.common.collect.ImmutableSet$JdkBackedSetBuilderImpl                  : loaded 2 times (x 78B)
Class com.google.common.util.concurrent.internal.InternalFutureFailureAccess          : loaded 2 times (x 74B)
Class com.google.common.collect.ImmutableMap$MapViewOfValuesAsSingletonSets           : loaded 2 times (x 128B)
Class com.google.common.cache.LocalCache$LocalManualCache$1                           : loaded 2 times (x 77B)
Class com.google.common.base.CharMatcher$ForPredicate                                 : loaded 2 times (x 114B)
Class com.google.common.base.CharMatcher$AnyOf                                        : loaded 2 times (x 114B)
Class com.google.common.collect.RegularImmutableMap                                   : loaded 2 times (x 122B)
Class org.gradle.tooling.model.idea.BasicIdeaProject                                  : loaded 2 times (x 72B)
Class org.gradle.api.internal.classpath.DefaultModuleRegistry                         : loaded 2 times (x 86B)
Class com.google.common.util.concurrent.ExecutionError                                : loaded 2 times (x 84B)
Class com.google.common.util.concurrent.ListenableFuture                              : loaded 2 times (x 72B)
Class com.google.common.cache.ReferenceEntry                                          : loaded 2 times (x 72B)
Class com.google.common.base.Converter                                                : loaded 2 times (x 92B)
Class com.google.common.collect.ImmutableSet$CachingAsList                            : loaded 2 times (x 150B)
Class com.google.common.collect.AbstractMapBasedMultimap                              : loaded 2 times (x 140B)
Class com.google.common.util.concurrent.AbstractFuture                                : loaded 2 times (x 108B)
Class com.google.common.collect.ImmutableList$1                                       : loaded 2 times (x 99B)
Class com.google.common.collect.ImmutableAsList                                       : loaded 2 times (x 211B)
Class com.google.common.base.FunctionalEquivalence                                    : loaded 2 times (x 85B)
Class org.objectweb.asm.RecordComponentVisitor                                        : loaded 2 times (x 79B)
Class com.google.common.cache.CacheLoader$SupplierToCacheLoader                       : loaded 2 times (x 77B)
Class org.gradle.tooling.model.GradleProject                                          : loaded 2 times (x 72B)
Class ijInit1_4fsmgxjnvpln1pku1ymrmrwjg                                               : loaded 2 times (x 173B)
Class org.gradle.internal.time.MonotonicClock                                         : loaded 2 times (x 79B)
Class org.gradle.internal.service.ServiceLookupException                              : loaded 2 times (x 84B)
Class com.google.common.collect.ImmutableEnumSet                                      : loaded 2 times (x 148B)
Class org.gradle.internal.classloader.ClassLoaderFactory                              : loaded 2 times (x 72B)
Class com.google.common.cache.LocalCache$LocalManualCache                             : loaded 2 times (x 101B)
Class com.google.common.base.CharMatcher$IsNot                                        : loaded 2 times (x 113B)
Class org.gradle.internal.service.CachingServiceLocator                               : loaded 2 times (x 84B)
Class com.google.common.math.IntMath                                                  : loaded 2 times (x 73B)
Class com.google.common.collect.ImmutableMapEntry                                     : loaded 2 times (x 87B)
Class org.gradle.internal.time.TimeSource                                             : loaded 2 times (x 72B)
Class com.google.common.base.Equivalence                                              : loaded 2 times (x 84B)
Class com.google.common.base.Function                                                 : loaded 2 times (x 72B)
Class com.google.common.collect.ImmutableMapEntry$NonTerminalImmutableMapEntry        : loaded 2 times (x 87B)
Class org.gradle.tooling.internal.gradle.GradleBuildIdentity                          : loaded 2 times (x 72B)
Class kotlin.enums.EnumEntries                                                        : loaded 2 times (x 72B)
Class com.google.common.collect.RegularImmutableList                                  : loaded 2 times (x 215B)
Class com.google.common.cache.CacheBuilder$OneWeigher                                 : loaded 2 times (x 84B)
Class org.gradle.internal.exceptions.ResolutionProvider                               : loaded 2 times (x 72B)
Class org.gradle.tooling.model.ProjectIdentifier                                      : loaded 2 times (x 72B)
Class org.gradle.internal.classloader.ClasspathUtil                                   : loaded 2 times (x 73B)
Class com.google.common.util.concurrent.Uninterruptibles                              : loaded 2 times (x 73B)
Class org.jetbrains.kotlin.tooling.core.HasExtras                                     : loaded 2 times (x 72B)
Class com.google.common.util.concurrent.LazyLogger                                    : loaded 2 times (x 74B)
Class com.google.common.collect.Maps                                                  : loaded 2 times (x 73B)
Class org.gradle.internal.time.TimeSource$1                                           : loaded 2 times (x 79B)
Class kotlin.jvm.internal.DefaultConstructorMarker                                    : loaded 2 times (x 73B)
Class org.gradle.api.specs.Spec                                                       : loaded 2 times (x 72B)
Class [Lcom.google.common.collect.ImmutableEntry;                                     : loaded 2 times (x 71B)
Class com.google.common.cache.LocalCache$LoadingValueReference                        : loaded 2 times (x 98B)
Class com.intellij.gradle.toolingExtension.impl.model.utilDummyModel.DummyModel       : loaded 2 times (x 72B)
Class org.gradle.internal.time.Clock                                                  : loaded 2 times (x 72B)
Class org.gradle.tooling.model.BuildModel                                             : loaded 2 times (x 72B)
Class com.google.common.collect.Maps$8                                                : loaded 2 times (x 84B)
Class ijInit1_4fsmgxjnvpln1pku1ymrmrwjg$_run_closure1                                 : loaded 2 times (x 141B)
Class org.gradle.tooling.model.Element                                                : loaded 2 times (x 72B)
Class kotlin.collections.AbstractList                                                 : loaded 2 times (x 199B)
Class kotlin.collections.AbstractCollection                                           : loaded 2 times (x 119B)
Class com.google.common.collect.Sets$SetView                                          : loaded 2 times (x 141B)
Class com.google.common.cache.LocalCache$StrongValueReference                         : loaded 2 times (x 92B)
Class org.jetbrains.kotlin.tooling.core.Extras                                        : loaded 2 times (x 72B)
Class org.objectweb.asm.Type                                                          : loaded 2 times (x 74B)
Class org.gradle.internal.classloader.VisitableURLClassLoader$InstrumentingVisitableURLClassLoader: loaded 2 times (x 124B)
Class com.google.common.math.IntMath$1                                                : loaded 2 times (x 73B)
Class org.objectweb.asm.ByteVector                                                    : loaded 2 times (x 81B)
Class [Lcom.google.common.cache.CacheBuilder$NullListener;                            : loaded 2 times (x 71B)
Class org.gradle.internal.classloader.VisitableURLClassLoader$Spec                    : loaded 2 times (x 76B)
Class org.gradle.internal.classpath.DefaultClassPath                                  : loaded 2 times (x 92B)
Class org.objectweb.asm.Symbol                                                        : loaded 2 times (x 75B)
Class org.gradle.util.internal.DefaultGradleVersion                                   : loaded 2 times (x 84B)
Class com.google.common.base.CharMatcher$BitSetMatcher                                : loaded 2 times (x 114B)
Class com.google.common.collect.RegularImmutableMap$Values                            : loaded 2 times (x 209B)
Class com.google.common.collect.ImmutableSet                                          : loaded 2 times (x 147B)
Class org.gradle.internal.classloader.ClassLoaderSpec                                 : loaded 2 times (x 73B)
Class org.objectweb.asm.AnnotationWriter                                              : loaded 2 times (x 80B)
Class com.google.common.cache.CacheStats                                              : loaded 2 times (x 73B)
Class org.objectweb.asm.RecordComponentWriter                                         : loaded 2 times (x 79B)
Class com.google.common.util.concurrent.AbstractFuture$Listener                       : loaded 2 times (x 74B)
Class com.google.common.base.CharMatcher$Or                                           : loaded 2 times (x 114B)
Class Settings_gradle$1$1                                                             : loaded 2 times (x 76B)
Class org.gradle.api.internal.classpath.Module$ModuleAlias                            : loaded 2 times (x 72B)
Class org.objectweb.asm.Attribute                                                     : loaded 2 times (x 79B)
Class com.google.common.base.Supplier                                                 : loaded 2 times (x 72B)
Class org.gradle.internal.classloader.VisitableURLClassLoader                         : loaded 2 times (x 118B)
Class Settings_gradle                                                                 : loaded 2 times (x 126B)
Class org.gradle.internal.classloader.ClassLoaderHierarchy                            : loaded 2 times (x 72B)
Class com.google.common.base.CharMatcher$IsEither                                     : loaded 2 times (x 113B)
Class org.gradle.tooling.model.eclipse.EclipseProject                                 : loaded 2 times (x 72B)
Class com.google.common.collect.Sets                                                  : loaded 2 times (x 73B)
Class org.objectweb.asm.Handler                                                       : loaded 2 times (x 74B)
Class com.google.common.base.Ticker                                                   : loaded 2 times (x 74B)
Class com.google.common.base.CharMatcher$FastMatcher                                  : loaded 2 times (x 113B)
Class [Lcom.google.common.cache.LocalCache$Segment;                                   : loaded 2 times (x 71B)
Class [Lcom.google.common.cache.LocalCache$Strength;                                  : loaded 2 times (x 71B)
Class com.google.common.cache.CacheBuilder$1                                          : loaded 2 times (x 87B)
Class com.google.common.base.Predicate                                                : loaded 2 times (x 72B)
Class com.google.common.collect.ImmutableMap                                          : loaded 2 times (x 122B)
Class org.gradle.internal.classpath.DefaultClassPath$ImmutableUniqueList$Builder      : loaded 2 times (x 77B)
Class com.google.common.cache.LocalCache                                              : loaded 2 times (x 188B)
Class com.google.common.cache.CacheBuilder$2                                          : loaded 2 times (x 81B)
Class com.google.common.base.CharMatcher$NegatedFastMatcher                           : loaded 2 times (x 115B)
Class com.google.common.collect.ArrayListMultimap                                     : loaded 2 times (x 173B)
Class com.google.common.cache.CacheBuilder$3                                          : loaded 2 times (x 74B)
Class [Lcom.google.common.collect.AbstractMapEntry;                                   : loaded 2 times (x 71B)
Class com.google.common.collect.ImmutableEntry                                        : loaded 2 times (x 84B)
Class org.gradle.internal.classloader.FilteringClassLoader                            : loaded 2 times (x 106B)
Class org.gradle.internal.exceptions.NonGradleCauseExceptionsHolder                   : loaded 2 times (x 72B)
Class com.google.common.collect.CollectPreconditions                                  : loaded 2 times (x 73B)
Class org.gradle.tooling.model.eclipse.HierarchicalEclipseProject                     : loaded 2 times (x 72B)
Class com.google.common.collect.SortedMapDifference                                   : loaded 2 times (x 72B)
Class com.google.common.cache.LocalCache$EntryFactory                                 : loaded 2 times (x 85B)
Class com.google.common.cache.LocalCache$AbstractReferenceEntry                       : loaded 2 times (x 109B)
Class org.jetbrains.kotlin.tooling.core.HasMutableExtras                              : loaded 2 times (x 72B)
Class kotlin.NotImplementedError                                                      : loaded 2 times (x 84B)
Class kotlin.enums.EnumEntriesKt                                                      : loaded 2 times (x 73B)
Class org.objectweb.asm.SymbolTable                                                   : loaded 2 times (x 74B)
Class com.google.common.collect.ImmutableSet$RegularSetBuilderImpl                    : loaded 2 times (x 78B)
Class com.google.common.cache.CacheLoader$InvalidCacheLoadException                   : loaded 2 times (x 84B)
Class sync_studio_tooling237_9qv34ut8ljh56qhjxog2ie0jd                                : loaded 2 times (x 173B)
Class com.google.common.cache.LocalCache$StrongEntry                                  : loaded 2 times (x 110B)
Class com.google.common.util.concurrent.AbstractFuture$TrustedFuture                  : loaded 2 times (x 116B)
Class com.google.common.cache.LoadingCache                                            : loaded 2 times (x 72B)
Class org.gradle.internal.exceptions.MultiCauseException                              : loaded 2 times (x 72B)
Class org.gradle.internal.time.CountdownTimer                                         : loaded 2 times (x 72B)
Class kotlin.jvm.internal.Intrinsics                                                  : loaded 2 times (x 73B)
Class org.objectweb.asm.MethodWriter                                                  : loaded 2 times (x 107B)
Class [Lcom.google.common.cache.Weigher;                                              : loaded 2 times (x 71B)
Class com.google.common.collect.RegularImmutableMap$BucketOverflowException           : loaded 2 times (x 84B)
Class org.gradle.tooling.model.ProjectModel                                           : loaded 2 times (x 72B)
Class org.gradle.tooling.model.gradle.GradleBuild                                     : loaded 2 times (x 72B)
Class kotlin.KotlinNullPointerException                                               : loaded 2 times (x 84B)
Class com.google.common.collect.RegularImmutableBiMap                                 : loaded 2 times (x 150B)
Class com.google.common.cache.LocalCache$ValueReference                               : loaded 2 times (x 72B)
Class com.google.common.base.CharMatcher$Negated                                      : loaded 2 times (x 115B)
Class com.google.common.base.CharMatcher$Is                                           : loaded 2 times (x 113B)
Class org.gradle.internal.exceptions.DefaultMultiCauseException                       : loaded 2 times (x 97B)
Class com.google.common.util.concurrent.AbstractFuture$Failure                        : loaded 2 times (x 74B)
Class com.google.common.base.Equivalence$Equals                                       : loaded 2 times (x 84B)
Class com.google.common.collect.Hashing                                               : loaded 2 times (x 73B)
Class com.google.common.collect.RegularImmutableMap$KeySet                            : loaded 2 times (x 154B)
Class org.gradle.tooling.model.HierarchicalElement                                    : loaded 2 times (x 72B)
Class org.objectweb.asm.Label                                                         : loaded 2 times (x 75B)
Class org.objectweb.asm.CurrentFrame                                                  : loaded 2 times (x 75B)
Class org.objectweb.asm.ClassTooLargeException                                        : loaded 2 times (x 84B)
Class com.google.common.base.Equivalence$Identity                                     : loaded 2 times (x 84B)
Class com.google.common.base.CharMatcher                                              : loaded 2 times (x 113B)
Class org.gradle.internal.time.Time                                                   : loaded 2 times (x 73B)
Class org.objectweb.asm.Frame                                                         : loaded 2 times (x 75B)
Class org.objectweb.asm.MethodVisitor                                                 : loaded 2 times (x 107B)
Class com.google.common.cache.LocalCache$EntryFactory$1                               : loaded 2 times (x 85B)
Class [Lcom.google.common.cache.RemovalListener;                                      : loaded 2 times (x 71B)
Class com.google.common.base.CharMatcher$NamedFastMatcher                             : loaded 2 times (x 114B)
Class com.google.common.base.CharMatcher$1                                            : loaded 2 times (x 115B)
Class com.google.common.cache.LocalCache$EntryFactory$2                               : loaded 2 times (x 85B)
Class org.objectweb.asm.ModuleWriter                                                  : loaded 2 times (x 83B)
Class com.google.common.cache.LocalCache$EntryFactory$3                               : loaded 2 times (x 85B)
Class com.google.common.base.Ticker$1                                                 : loaded 2 times (x 74B)
Class com.google.common.collect.Maps$BiMapConverter                                   : loaded 2 times (x 92B)
Class com.google.common.collect.ImmutableMapEntrySet$RegularEntrySet                  : loaded 2 times (x 154B)
Class org.gradle.tooling.model.BuildIdentifier                                        : loaded 2 times (x 72B)
Class kotlin.NoWhenBranchMatchedException                                             : loaded 2 times (x 84B)
Class com.google.common.collect.ImmutableSet$Builder                                  : loaded 2 times (x 87B)
Class com.google.common.cache.LocalCache$EntryFactory$4                               : loaded 2 times (x 85B)
Class com.google.common.base.CharMatcher$InRange                                      : loaded 2 times (x 113B)
Class org.gradle.tooling.model.BuildableElement                                       : loaded 2 times (x 72B)
Class org.gradle.tooling.model.HasGradleProject                                       : loaded 2 times (x 72B)
Class com.google.common.cache.LocalCache$EntryFactory$5                               : loaded 2 times (x 85B)
Class com.google.common.cache.LocalCache$EntryFactory$6                               : loaded 2 times (x 85B)
Class Build_gradle                                                                    : loaded 2 times (x 74B)
Class org.gradle.internal.time.Timer                                                  : loaded 2 times (x 72B)
Class kotlin.jvm.internal.markers.KMappedMarker                                       : loaded 2 times (x 72B)
Class org.gradle.internal.installation.CurrentGradleInstallationLocator               : loaded 2 times (x 73B)
Class com.google.common.collect.ImmutableSet$EmptySetBuilderImpl                      : loaded 2 times (x 78B)
Class com.google.common.cache.LocalCache$EntryFactory$7                               : loaded 2 times (x 85B)
Class [Lcom.google.common.cache.LocalCache$EntryFactory;                              : loaded 2 times (x 71B)
Class org.gradle.tooling.model.idea.IdeaProject                                       : loaded 2 times (x 72B)
Class org.gradle.internal.service.DefaultServiceLocator                               : loaded 2 times (x 85B)
Class com.google.common.collect.ImmutableSet$SetBuilderImpl                           : loaded 2 times (x 78B)
Class com.google.common.cache.LocalCache$EntryFactory$8                               : loaded 2 times (x 85B)
Class org.gradle.util.GradleVersion                                                   : loaded 2 times (x 83B)
Class org.gradle.internal.installation.CurrentGradleInstallation                      : loaded 2 times (x 75B)
Class com.google.common.collect.ImmutableList$SubList                                 : loaded 2 times (x 211B)
Class com.google.common.cache.CacheLoader$1                                           : loaded 2 times (x 77B)
Class org.gradle.tooling.model.gradle.ProjectPublications                             : loaded 2 times (x 72B)
Class org.gradle.util.internal.GUtil                                                  : loaded 2 times (x 73B)
Class com.google.common.cache.AbstractCache$StatsCounter                              : loaded 2 times (x 72B)
Class com.google.common.base.PairwiseEquivalence                                      : loaded 2 times (x 85B)
Class com.google.common.collect.RegularImmutableSet                                   : loaded 2 times (x 150B)
Class org.gradle.internal.installation.GradleInstallation                             : loaded 2 times (x 77B)

---------------  S Y S T E M  ---------------

OS:
 Windows 11 , 64 bit Build 26100 (10.0.26100.9168)
OS uptime: 8 days 22:37 hours
Hyper-V role detected

CPU: total 12 (initial active 12) (6 cores per cpu, 2 threads per core) family 6 model 186 stepping 3 microcode 0x6134, cx8, cmov, fxsr, ht, mmx, 3dnowpref, sse, sse2, sse3, ssse3, sse4.1, sse4.2, popcnt, lzcnt, tsc, tscinvbit, avx, avx2, aes, erms, clmul, bmi1, bmi2, adx, sha, fma, vzeroupper, clflush, clflushopt, clwb, hv, serialize, rdtscp, rdpid, fsrm, gfni, f16c, cet_ibt, cet_ss
Processor Information for processor 0
  Max Mhz: 1600, Current Mhz: 1600, Mhz Limit: 1600
Processor Information for processor 1
  Max Mhz: 1600, Current Mhz: 1600, Mhz Limit: 1600
Processor Information for processor 2
  Max Mhz: 1600, Current Mhz: 1600, Mhz Limit: 1600
Processor Information for processor 3
  Max Mhz: 1600, Current Mhz: 1600, Mhz Limit: 1600
Processor Information for processor 4
  Max Mhz: 1600, Current Mhz: 1466, Mhz Limit: 1600
Processor Information for processor 5
  Max Mhz: 1600, Current Mhz: 1466, Mhz Limit: 1600
Processor Information for processor 6
  Max Mhz: 1600, Current Mhz: 1466, Mhz Limit: 1600
Processor Information for processor 7
  Max Mhz: 1600, Current Mhz: 1466, Mhz Limit: 1600
Processor Information for processor 8
  Max Mhz: 1600, Current Mhz: 1466, Mhz Limit: 1600
Processor Information for processor 9
  Max Mhz: 1600, Current Mhz: 1466, Mhz Limit: 1600
Processor Information for processor 10
  Max Mhz: 1600, Current Mhz: 1600, Mhz Limit: 1600
Processor Information for processor 11
  Max Mhz: 1600, Current Mhz: 1600, Mhz Limit: 1600

Memory: 4k page, system-wide physical 16016M (859M free)
TotalPageFile size 16016M (AvailPageFile size 7M)
current process WorkingSet (physical memory assigned to process): 412M, peak: 412M
current process commit charge ("private bytes"): 450M, peak: 457M

vm_info: OpenJDK 64-Bit Server VM (25.0.2+-15348964-b329.117) for windows-amd64 JRE (25.0.2+-15348964-b329.117), built on 2026-05-05T18:25:19Z with MS VC++ 16.10 / 16.11 (VS2019)

END.
