#
# There is insufficient memory for the Java Runtime Environment to continue.
# Native memory allocation (mmap) failed to map 360710144 bytes. Error detail: G1 virtual space
# Possible reasons:
#   The system is out of physical RAM or swap space
#   This process is running with CompressedOops enabled, and the Java Heap may be blocking the growth of the native heap
# Possible solutions:
#   Reduce memory load on the system
#   Increase physical memory or swap space
#   Check if swap backing store is full
#   Decrease Java heap size (-Xmx/-Xms)
#   Decrease number of Java threads
#   Decrease Java thread stack sizes (-Xss)
#   Set larger code cache with -XX:ReservedCodeCacheSize=
#   JVM is running with Unscaled Compressed Oops mode in which the Java heap is
#     placed in the first 4GB address space. The Java Heap base address is the
#     maximum limit for the native heap growth. Please use -XX:HeapBaseMinAddress
#     to set the Java Heap base and to place the Java Heap above 4GB virtual address.
# This output file may be truncated or incomplete.
#
#  Out of Memory Error (os_windows.cpp:3766), pid=15840, tid=26144
#
# JRE version: OpenJDK Runtime Environment (25.0.2) (build 25.0.2+-15348964-b329.117)
# Java VM: OpenJDK 64-Bit Server VM (25.0.2+-15348964-b329.117, mixed mode, tiered, compressed oops, compressed class ptrs, g1 gc, windows-amd64)
# No core dump will be written. Minidumps are not enabled by default on client versions of Windows
#

---------------  S U M M A R Y ------------

Command Line: --add-opens=java.base/java.lang=ALL-UNNAMED --add-opens=java.base/java.lang.invoke=ALL-UNNAMED --add-opens=java.base/java.util=ALL-UNNAMED --add-opens=java.prefs/java.util.prefs=ALL-UNNAMED --add-exports=jdk.compiler/com.sun.tools.javac.api=ALL-UNNAMED --add-exports=jdk.compiler/com.sun.tools.javac.util=ALL-UNNAMED --add-opens=java.base/java.nio.charset=ALL-UNNAMED --add-opens=java.base/java.net=ALL-UNNAMED --add-opens=java.base/java.util.concurrent=ALL-UNNAMED --add-opens=java.base/java.util.concurrent.atomic=ALL-UNNAMED --add-opens=java.xml/javax.xml.namespace=ALL-UNNAMED --add-opens=java.base/java.time=ALL-UNNAMED --enable-native-access=ALL-UNNAMED -Xmx2048m -Dfile.encoding=UTF-8 -Duser.country=BR -Duser.language=pt -Duser.variant -javaagent:C:\Users\Aluno\.gradle\wrapper\dists\gradle-9.5.0-bin\bvnork1r7n8i6kp5cnkibsc9q\gradle-9.5.0\lib\agents\gradle-instrumentation-agent-9.5.0.jar org.gradle.launcher.daemon.bootstrap.GradleDaemon 9.5.0

Host: 13th Gen Intel(R) Core(TM) i5-1345U, 12 cores, 15G,  Windows 11 , 64 bit Build 26100 (10.0.26100.9168)
Time: Mon Sep 28 20:39:10 2026 Hora oficial do Brasil elapsed time: 16.189022 seconds (0d 0h 0m 16s)

---------------  T H R E A D  ---------------

Current thread (0x00000249a2b200c0):  VMThread "VM Thread"          [id=26144, stack(0x000000d5c7b00000,0x000000d5c7c00000) (1024K)]

Stack: [0x000000d5c7b00000,0x000000d5c7c00000]
Native frames: (J=compiled Java code, j=interpreted, Vv=VM code, C=native code)
V  [jvm.dll+0x7bd439]  (no source info available)
V  [jvm.dll+0x78763d]  (no source info available)
V  [jvm.dll+0xa0c885]  (no source info available)
V  [jvm.dll+0xa0ef04]  (no source info available)
V  [jvm.dll+0xa0f603]  (no source info available)
V  [jvm.dll+0x309bf6]  (no source info available)
V  [jvm.dll+0x7b9545]  (no source info available)
V  [jvm.dll+0x7ac047]  (no source info available)
V  [jvm.dll+0x3fdeab]  (no source info available)
V  [jvm.dll+0x406066]  (no source info available)
V  [jvm.dll+0x3f2516]  (no source info available)
V  [jvm.dll+0x3f27f8]  (no source info available)
V  [jvm.dll+0x3c7b82]  (no source info available)
V  [jvm.dll+0x3c7c1a]  (no source info available)
V  [jvm.dll+0x4172d0]  (no source info available)
V  [jvm.dll+0x415bf1]  (no source info available)
V  [jvm.dll+0x3c72b7]  (no source info available)
V  [jvm.dll+0x41502f]  (no source info available)
V  [jvm.dll+0xa158ca]  (no source info available)
V  [jvm.dll+0xa16bd1]  (no source info available)
V  [jvm.dll+0xa17148]  (no source info available)
V  [jvm.dll+0xa173d3]  (no source info available)
V  [jvm.dll+0x9ab9c8]  (no source info available)
V  [jvm.dll+0x7bb985]  (no source info available)
C  [ucrtbase.dll+0x2cd30]  (no source info available)
C  [KERNEL32.DLL+0x2ccb7]  (no source info available)
C  [ntdll.dll+0xaad6c]  (no source info available)

VM_Operation (0x000000d5cb5f6490): G1CollectForAllocation, mode: safepoint, requested by thread 0x00000249ab0acba0


---------------  P R O C E S S  ---------------

Threads class SMR info:
_java_thread_list=0x00000249a298c560, length=75, elements={
0x000002498ab60e90, 0x00000249a2b48180, 0x00000249a70104a0, 0x00000249a7011300,
0x00000249a2b6e6c0, 0x00000249a7013c90, 0x00000249a2b5b7e0, 0x00000249a2b5e7d0,
0x00000249a70351a0, 0x00000249a7035e10, 0x00000249a2b6a000, 0x00000249a8541e60,
0x00000249a85435d0, 0x00000249a85406f0, 0x00000249a8545ce0, 0x00000249a9af42a0,
0x00000249a9af4a70, 0x00000249a9af5a10, 0x00000249a9af2b30, 0x00000249a994df30,
0x00000249a994f6a0, 0x00000249a994d760, 0x00000249a994fe70, 0x00000249a9950e10,
0x00000249a99515e0, 0x00000249a9953cf0, 0x00000249ab01fd10, 0x00000249ab024360,
0x00000249ab020cb0, 0x00000249ab022bf0, 0x00000249ab025ad0, 0x00000249ab0262a0,
0x00000249aa4e91c0, 0x00000249aa4ea160, 0x00000249aa4ec0a0, 0x00000249a9bfba00,
0x00000249aa4ee7b0, 0x00000249ab9e85f0, 0x00000249ab9ea530, 0x00000249ab9e8dc0,
0x00000249ab9e7e20, 0x00000249ab9e9d60, 0x00000249ab9e9590, 0x00000249ab0ae310,
0x00000249ab0aeae0, 0x00000249ab0ad370, 0x00000249ab0ac3d0, 0x00000249ab0acba0,
0x00000249ab0b11f0, 0x00000249ab53dda0, 0x00000249ac5e9090, 0x00000249ab53be60,
0x00000249ab53fce0, 0x00000249ab5404b0, 0x00000249ab53ce00, 0x00000249ab540c80,
0x00000249ab541450, 0x00000249ab5423f0, 0x00000249ab543390, 0x00000249ac9e9a40,
0x00000249ac9e7330, 0x00000249ac9e7b00, 0x00000249ac9ed8c0, 0x00000249aa95a710,
0x00000249aa9587d0, 0x00000249aa959f40, 0x00000249aa957060, 0x00000249aa957830,
0x00000249aa95b6b0, 0x00000249aa95ed60, 0x00000249aa95e590, 0x00000249aa95ce20,
0x00000249aa9604d0, 0x00000249aa961470, 0x00000249aa961c40
}

Java Threads: ( => current thread )
  0x000002498ab60e90 JavaThread "main"                              [_thread_blocked, id=15128, stack(0x000000d5c7400000,0x000000d5c7500000) (1024K)]
  0x00000249a2b48180 JavaThread "Common-Cleaner"             daemon [_thread_blocked, id=22112, stack(0x000000d5c7c00000,0x000000d5c7d00000) (1024K)]
  0x00000249a70104a0 JavaThread "Reference Handler"          daemon [_thread_blocked, id=20584, stack(0x000000d5c7d00000,0x000000d5c7e00000) (1024K)]
  0x00000249a7011300 JavaThread "Finalizer"                  daemon [_thread_blocked, id=19772, stack(0x000000d5c7e00000,0x000000d5c7f00000) (1024K)]
  0x00000249a2b6e6c0 JavaThread "Signal Dispatcher"          daemon [_thread_blocked, id=24780, stack(0x000000d5c7f00000,0x000000d5c8000000) (1024K)]
  0x00000249a7013c90 JavaThread "Attach Listener"            daemon [_thread_blocked, id=20168, stack(0x000000d5c8000000,0x000000d5c8100000) (1024K)]
  0x00000249a2b5b7e0 JavaThread "Service Thread"             daemon [_thread_blocked, id=3888, stack(0x000000d5c8100000,0x000000d5c8200000) (1024K)]
  0x00000249a2b5e7d0 JavaThread "Monitor Deflation Thread"   daemon [_thread_blocked, id=2176, stack(0x000000d5c8200000,0x000000d5c8300000) (1024K)]
  0x00000249a70351a0 JavaThread "C2 CompilerThread0"         daemon [_thread_blocked, id=8084, stack(0x000000d5c8300000,0x000000d5c8400000) (1024K)]
  0x00000249a7035e10 JavaThread "C1 CompilerThread0"         daemon [_thread_blocked, id=16232, stack(0x000000d5c8400000,0x000000d5c8500000) (1024K)]
  0x00000249a2b6a000 JavaThread "Notification Thread"        daemon [_thread_blocked, id=9172, stack(0x000000d5c8500000,0x000000d5c8600000) (1024K)]
  0x00000249a8541e60 JavaThread "Daemon health stats"               [_thread_blocked, id=7404, stack(0x000000d5c8700000,0x000000d5c8800000) (1024K)]
  0x00000249a85435d0 JavaThread "Incoming local TCP Connector on port 54928"        [_thread_in_native, id=28248, stack(0x000000d5c8d00000,0x000000d5c8e00000) (1024K)]
  0x00000249a85406f0 JavaThread "Daemon periodic checks"            [_thread_blocked, id=4212, stack(0x000000d5c8e00000,0x000000d5c8f00000) (1024K)]
  0x00000249a8545ce0 JavaThread "Daemon"                            [_thread_blocked, id=22200, stack(0x000000d5c9500000,0x000000d5c9600000) (1024K)]
  0x00000249a9af42a0 JavaThread "Handler for socket connection from /127.0.0.1:54928 to /127.0.0.1:54929"        [_thread_in_native, id=28312, stack(0x000000d5c9600000,0x000000d5c9700000) (1024K)]
  0x00000249a9af4a70 JavaThread "Cancel handler"                    [_thread_blocked, id=25680, stack(0x000000d5c9700000,0x000000d5c9800000) (1024K)]
  0x00000249a9af5a10 JavaThread "Daemon worker"                     [_thread_blocked, id=16480, stack(0x000000d5c9800000,0x000000d5c9900000) (1024K)]
  0x00000249a9af2b30 JavaThread "Asynchronous log dispatcher for DefaultDaemonConnection: socket connection from /127.0.0.1:54928 to /127.0.0.1:54929"        [_thread_blocked, id=26832, stack(0x000000d5c9900000,0x000000d5c9a00000) (1024K)]
  0x00000249a994df30 JavaThread "Stdin handler"                     [_thread_blocked, id=2748, stack(0x000000d5c9a00000,0x000000d5c9b00000) (1024K)]
  0x00000249a994f6a0 JavaThread "Daemon client event forwarder"        [_thread_blocked, id=9356, stack(0x000000d5c9b00000,0x000000d5c9c00000) (1024K)]
  0x00000249a994d760 JavaThread "Cache worker for journal cache (C:\Users\Aluno\.gradle\caches\journal-1)"        [_thread_blocked, id=24996, stack(0x000000d5c9c00000,0x000000d5c9d00000) (1024K)]
  0x00000249a994fe70 JavaThread "File lock request listener"        [_thread_in_native, id=20840, stack(0x000000d5c9d00000,0x000000d5c9e00000) (1024K)]
  0x00000249a9950e10 JavaThread "Cache worker for file hash cache (C:\Users\Aluno\.gradle\caches\9.5.0\fileHashes)"        [_thread_blocked, id=7260, stack(0x000000d5c9e00000,0x000000d5c9f00000) (1024K)]
  0x00000249a99515e0 JavaThread "Cache worker for file hash cache (C:\Users\Aluno\AndroidStudioProjects\AppEleicao\.gradle\9.5.0\fileHashes)"        [_thread_blocked, id=26372, stack(0x000000d5ca000000,0x000000d5ca100000) (1024K)]
  0x00000249a9953cf0 JavaThread "Cache worker for checksums cache (C:\Users\Aluno\AndroidStudioProjects\AppEleicao\.gradle\9.5.0\checksums)"        [_thread_blocked, id=8216, stack(0x000000d5ca100000,0x000000d5ca200000) (1024K)]
  0x00000249ab01fd10 JavaThread "Cache worker for Build Output Cleanup Cache (C:\Users\Aluno\AndroidStudioProjects\AppEleicao\.gradle\buildOutputCleanup)"        [_thread_blocked, id=25144, stack(0x000000d5ca200000,0x000000d5ca300000) (1024K)]
  0x00000249ab024360 JavaThread "Cache worker for file content cache (C:\Users\Aluno\.gradle\caches\9.5.0\fileContent)"        [_thread_blocked, id=25592, stack(0x000000d5ca300000,0x000000d5ca400000) (1024K)]
  0x00000249ab020cb0 JavaThread "File watcher server"        daemon [_thread_blocked, id=14192, stack(0x000000d5c8600000,0x000000d5c8700000) (1024K)]
  0x00000249ab022bf0 JavaThread "File watcher consumer"      daemon [_thread_blocked, id=13548, stack(0x000000d5c9f00000,0x000000d5ca000000) (1024K)]
  0x00000249ab025ad0 JavaThread "Cache worker for cache directory md-supplier (C:\Users\Aluno\.gradle\caches\9.5.0\md-supplier)"        [_thread_blocked, id=18012, stack(0x000000d5ca400000,0x000000d5ca500000) (1024K)]
  0x00000249ab0262a0 JavaThread "Cache worker for cache directory md-rule (C:\Users\Aluno\.gradle\caches\9.5.0\md-rule)"        [_thread_blocked, id=21700, stack(0x000000d5ca600000,0x000000d5ca700000) (1024K)]
  0x00000249aa4e91c0 JavaThread "build event listener"              [_thread_blocked, id=27704, stack(0x000000d5ca800000,0x000000d5ca900000) (1024K)]
  0x00000249aa4ea160 JavaThread "build event listener"              [_thread_blocked, id=14356, stack(0x000000d5ca900000,0x000000d5caa00000) (1024K)]
  0x00000249aa4ec0a0 JavaThread "Build operations"                  [_thread_blocked, id=3468, stack(0x000000d5caa00000,0x000000d5cab00000) (1024K)]
  0x00000249a9bfba00 JavaThread "C2 CompilerThread1"         daemon [_thread_blocked, id=3544, stack(0x000000d5ca500000,0x000000d5ca600000) (1024K)]
  0x00000249aa4ee7b0 JavaThread "Memory manager"                    [_thread_blocked, id=6404, stack(0x000000d5ca700000,0x000000d5ca800000) (1024K)]
  0x00000249ab9e85f0 JavaThread "included builds"                   [_thread_blocked, id=4556, stack(0x000000d5cab00000,0x000000d5cac00000) (1024K)]
  0x00000249ab9ea530 JavaThread "Execution worker"                  [_thread_blocked, id=16752, stack(0x000000d5cac00000,0x000000d5cad00000) (1024K)]
  0x00000249ab9e8dc0 JavaThread "Execution worker Thread 2"         [_thread_blocked, id=13536, stack(0x000000d5cad00000,0x000000d5cae00000) (1024K)]
  0x00000249ab9e7e20 JavaThread "Execution worker Thread 3"         [_thread_blocked, id=9640, stack(0x000000d5cae00000,0x000000d5caf00000) (1024K)]
  0x00000249ab9e9d60 JavaThread "Execution worker Thread 4"         [_thread_blocked, id=13148, stack(0x000000d5caf00000,0x000000d5cb000000) (1024K)]
  0x00000249ab9e9590 JavaThread "Execution worker Thread 5"         [_thread_blocked, id=24020, stack(0x000000d5cb000000,0x000000d5cb100000) (1024K)]
  0x00000249ab0ae310 JavaThread "Execution worker Thread 6"         [_thread_blocked, id=20696, stack(0x000000d5cb100000,0x000000d5cb200000) (1024K)]
  0x00000249ab0aeae0 JavaThread "Execution worker Thread 7"         [_thread_blocked, id=22436, stack(0x000000d5cb200000,0x000000d5cb300000) (1024K)]
  0x00000249ab0ad370 JavaThread "Execution worker Thread 8"         [_thread_blocked, id=12664, stack(0x000000d5cb300000,0x000000d5cb400000) (1024K)]
  0x00000249ab0ac3d0 JavaThread "Execution worker Thread 9"         [_thread_blocked, id=4532, stack(0x000000d5cb400000,0x000000d5cb500000) (1024K)]
  0x00000249ab0acba0 JavaThread "Execution worker Thread 10"        [_thread_blocked, id=16728, stack(0x000000d5cb500000,0x000000d5cb600000) (1024K)]
  0x00000249ab0b11f0 JavaThread "Execution worker Thread 11"        [_thread_blocked, id=11860, stack(0x000000d5cb600000,0x000000d5cb700000) (1024K)]
  0x00000249ab53dda0 JavaThread "Cache worker for execution history cache (C:\Users\Aluno\AndroidStudioProjects\AppEleicao\.gradle\9.5.0\executionHistory)"        [_thread_blocked, id=2028, stack(0x000000d5cb700000,0x000000d5cb800000) (1024K)]
  0x00000249ac5e9090 JavaThread "C2 CompilerThread2"         daemon [_thread_blocked, id=7600, stack(0x000000d5cb800000,0x000000d5cb900000) (1024K)]
  0x00000249ab53be60 JavaThread "Build operations Thread 2"         [_thread_blocked, id=22712, stack(0x000000d5cb900000,0x000000d5cba00000) (1024K)]
  0x00000249ab53fce0 JavaThread "Build operations Thread 3"         [_thread_blocked, id=15472, stack(0x000000d5cba00000,0x000000d5cbb00000) (1024K)]
  0x00000249ab5404b0 JavaThread "Build operations Thread 4"         [_thread_blocked, id=24248, stack(0x000000d5cbb00000,0x000000d5cbc00000) (1024K)]
  0x00000249ab53ce00 JavaThread "Build operations Thread 5"         [_thread_blocked, id=26900, stack(0x000000d5cbc00000,0x000000d5cbd00000) (1024K)]
  0x00000249ab540c80 JavaThread "Build operations Thread 6"         [_thread_blocked, id=19032, stack(0x000000d5cbd00000,0x000000d5cbe00000) (1024K)]
  0x00000249ab541450 JavaThread "Build operations Thread 7"         [_thread_blocked, id=26020, stack(0x000000d5cbe00000,0x000000d5cbf00000) (1024K)]
  0x00000249ab5423f0 JavaThread "Build operations Thread 8"         [_thread_blocked, id=11204, stack(0x000000d5cbf00000,0x000000d5cc000000) (1024K)]
  0x00000249ab543390 JavaThread "Build operations Thread 9"         [_thread_blocked, id=22012, stack(0x000000d5cc000000,0x000000d5cc100000) (1024K)]
  0x00000249ac9e9a40 JavaThread "Build operations Thread 10"        [_thread_blocked, id=19080, stack(0x000000d5cc100000,0x000000d5cc200000) (1024K)]
  0x00000249ac9e7330 JavaThread "Build operations Thread 11"        [_thread_blocked, id=23016, stack(0x000000d5cc200000,0x000000d5cc300000) (1024K)]
  0x00000249ac9e7b00 JavaThread "Build operations Thread 12"        [_thread_blocked, id=4076, stack(0x000000d5cc300000,0x000000d5cc400000) (1024K)]
  0x00000249ac9ed8c0 JavaThread "WorkerExecutor Queue"              [_thread_blocked, id=28640, stack(0x000000d5cc400000,0x000000d5cc500000) (1024K)]
  0x00000249aa95a710 JavaThread "ForkJoinPool-1-worker-1"    daemon [_thread_blocked, id=2480, stack(0x000000d5cc500000,0x000000d5cc600000) (1024K)]
  0x00000249aa9587d0 JavaThread "ForkJoinPool-1-worker-2"    daemon [_thread_blocked, id=22020, stack(0x000000d5cc600000,0x000000d5cc700000) (1024K)]
  0x00000249aa959f40 JavaThread "ForkJoinPool-1-worker-3"    daemon [_thread_blocked, id=21536, stack(0x000000d5cc700000,0x000000d5cc800000) (1024K)]
  0x00000249aa957060 JavaThread "ForkJoinPool-1-worker-4"    daemon [_thread_blocked, id=20704, stack(0x000000d5cc800000,0x000000d5cc900000) (1024K)]
  0x00000249aa957830 JavaThread "ForkJoinPool-1-worker-5"    daemon [_thread_blocked, id=12924, stack(0x000000d5cc900000,0x000000d5cca00000) (1024K)]
  0x00000249aa95b6b0 JavaThread "ForkJoinPool-1-worker-6"    daemon [_thread_blocked, id=7512, stack(0x000000d5cca00000,0x000000d5ccb00000) (1024K)]
  0x00000249aa95ed60 JavaThread "ForkJoinPool-1-worker-7"    daemon [_thread_blocked, id=19268, stack(0x000000d5ccb00000,0x000000d5ccc00000) (1024K)]
  0x00000249aa95e590 JavaThread "ForkJoinPool-1-worker-8"    daemon [_thread_blocked, id=12492, stack(0x000000d5ccc00000,0x000000d5ccd00000) (1024K)]
  0x00000249aa95ce20 JavaThread "ForkJoinPool-1-worker-9"    daemon [_thread_blocked, id=20468, stack(0x000000d5ccd00000,0x000000d5cce00000) (1024K)]
  0x00000249aa9604d0 JavaThread "ForkJoinPool-1-worker-10"   daemon [_thread_blocked, id=27812, stack(0x000000d5cce00000,0x000000d5ccf00000) (1024K)]
  0x00000249aa961470 JavaThread "ForkJoinPool-1-worker-11"   daemon [_thread_blocked, id=19936, stack(0x000000d5ccf00000,0x000000d5cd000000) (1024K)]
  0x00000249aa961c40 JavaThread "ForkJoinPool-1-worker-12"   daemon [_thread_blocked, id=19100, stack(0x000000d5cd000000,0x000000d5cd100000) (1024K)]
Total: 75

Other Threads:
=>0x00000249a2b200c0 VMThread "VM Thread"                           [id=26144, stack(0x000000d5c7b00000,0x000000d5c7c00000) (1024K)]
  0x00000249a29be310 WatcherThread "VM Periodic Task Thread"        [id=16264, stack(0x000000d5c7a00000,0x000000d5c7b00000) (1024K)]
  0x000002498abbaa30 WorkerThread "GC Thread#0"                     [id=24528, stack(0x000000d5c7500000,0x000000d5c7600000) (1024K)]
  0x00000249a755b5a0 WorkerThread "GC Thread#1"                     [id=23492, stack(0x000000d5c8800000,0x000000d5c8900000) (1024K)]
  0x00000249a755b9f0 WorkerThread "GC Thread#2"                     [id=23164, stack(0x000000d5c8900000,0x000000d5c8a00000) (1024K)]
  0x00000249a755cf80 WorkerThread "GC Thread#3"                     [id=2328, stack(0x000000d5c8a00000,0x000000d5c8b00000) (1024K)]
  0x00000249a755ad00 WorkerThread "GC Thread#4"                     [id=5712, stack(0x000000d5c8b00000,0x000000d5c8c00000) (1024K)]
  0x00000249a755a8b0 WorkerThread "GC Thread#5"                     [id=20896, stack(0x000000d5c8c00000,0x000000d5c8d00000) (1024K)]
  0x00000249a940e610 WorkerThread "GC Thread#6"                     [id=26792, stack(0x000000d5c8f00000,0x000000d5c9000000) (1024K)]
  0x00000249a940fff0 WorkerThread "GC Thread#7"                     [id=2576, stack(0x000000d5c9000000,0x000000d5c9100000) (1024K)]
  0x00000249a9410ce0 WorkerThread "GC Thread#8"                     [id=24856, stack(0x000000d5c9100000,0x000000d5c9200000) (1024K)]
  0x00000249a9411130 WorkerThread "GC Thread#9"                     [id=5580, stack(0x000000d5c9200000,0x000000d5c9300000) (1024K)]
  0x000002498abd3b00 ConcurrentGCThread "G1 Main Marker"            [id=9256, stack(0x000000d5c7600000,0x000000d5c7700000) (1024K)]
  0x000002498abd46a0 WorkerThread "G1 Conc#0"                       [id=26508, stack(0x000000d5c7700000,0x000000d5c7800000) (1024K)]
  0x00000249a940d4d0 WorkerThread "G1 Conc#1"                       [id=16816, stack(0x000000d5c9300000,0x000000d5c9400000) (1024K)]
  0x00000249a9411580 WorkerThread "G1 Conc#2"                       [id=28652, stack(0x000000d5c9400000,0x000000d5c9500000) (1024K)]
  0x000002498ac1e760 ConcurrentGCThread "G1 Refine#0"               [id=22228, stack(0x000000d5c7800000,0x000000d5c7900000) (1024K)]
  0x00000249a29ab200 ConcurrentGCThread "G1 Service"                [id=23632, stack(0x000000d5c7900000,0x000000d5c7a00000) (1024K)]
Total: 18

Threads with active compile tasks:
C2 CompilerThread0  16254 10044       4       com.android.tools.r8.internal.dv::a (4509 bytes)
C2 CompilerThread1  16254 9991       4       com.android.tools.r8.graph.o9::<init> (283 bytes)
C2 CompilerThread2  16254 10171       4       com.android.tools.r8.internal.dv::a (80 bytes)
Total: 3

VM state: at safepoint (normal execution)

VM Mutex/Monitor currently owned by a thread:  ([mutex/lock_event])
[0x00007ffc1f5d4698] Threads_lock - owner thread: 0x00000249a2b200c0
[0x00007ffc1f5d4818] Heap_lock - owner thread: 0x00000249ab0acba0

Heap address: 0x0000000080000000, size: 2048 MB, Compressed Oops mode: 32-bit

CDS archive(s) not mapped
Compressed class space mapped at: 0x0000000026000000-0x0000000066000000, reserved size: 1073741824
UseCompressedClassPointers 1, UseCompactObjectHeaders 0
Narrow klass pointer bits 32, Max shift 3
Narrow klass base: 0x0000000000000000, Narrow klass shift: 0
Encoding Range: [0x0000000000000000 - 0x0000000100000000), (4294967296 bytes)
Klass Range:    [0x0000000026000000 - 0x0000000066000000), (1073741824 bytes)
Klass ID Range:  [637534208 - 1711276025) (1073741817)
No protection zone.

GC Precious Log:
 CardTable entry size: 512
 Card Set container configuration: InlinePtr #cards 5 size 8 Array Of Cards #cards 10 size 36 Howl #buckets 4 coarsen threshold 1843 Howl Bitmap #cards 512 size 80 coarsen threshold 460 Card regions per heap region 1 cards per card region 2048
 CPUs: 12 total, 12 available
 Memory: 16016M
 Large Page Support: Disabled
 NUMA Support: Disabled
 Compressed Oops: Enabled (32-bit)
 Heap Region Size: 1M
 Heap Min Capacity: 8M
 Heap Initial Capacity: 252M
 Heap Max Capacity: 2G
 Pre-touch: Disabled
 Parallel Workers: 10
 Concurrent Workers: 3
 Concurrent Refinement Workers: 10
 Periodic GC: Disabled

Heap:
 garbage-first heap   total reserved 2097152K, committed 282624K, used 164082K [0x0000000080000000, 0x0000000100000000)
  region size 1024K, 5 young (5120K), 5 survivors (5120K)

Heap Regions: E=young(eden), S=young(survivor), O=old, HS=humongous(starts), HC=humongous(continues), CS=collection set, F=free, TAMS=top-at-mark-start, PB=parsable bottom
|   0|0x0000000080000000, 0x0000000080100000, 0x0000000080100000|100%|HS|  |TAMS 0x0000000080100000| PB 0x0000000080000000| Complete |  0
|   1|0x0000000080100000, 0x0000000080200000, 0x0000000080200000|100%|HC|  |TAMS 0x0000000080200000| PB 0x0000000080100000| Complete |  0
|   2|0x0000000080200000, 0x0000000080300000, 0x0000000080300000|100%|HC|  |TAMS 0x0000000080300000| PB 0x0000000080200000| Complete |  0
|   3|0x0000000080300000, 0x0000000080400000, 0x0000000080400000|100%|HC|  |TAMS 0x0000000080400000| PB 0x0000000080300000| Complete |  0
|   4|0x0000000080400000, 0x0000000080500000, 0x0000000080500000|100%| O|  |TAMS 0x0000000080500000| PB 0x0000000080400000| Untracked |  0
|   5|0x0000000080500000, 0x0000000080600000, 0x0000000080600000|100%| O|  |TAMS 0x0000000080600000| PB 0x0000000080500000| Untracked |  0
|   6|0x0000000080600000, 0x0000000080700000, 0x0000000080700000|100%| O|  |TAMS 0x0000000080700000| PB 0x0000000080600000| Untracked |  0
|   7|0x0000000080700000, 0x0000000080800000, 0x0000000080800000|100%|HS|  |TAMS 0x0000000080800000| PB 0x0000000080700000| Complete |  0
|   8|0x0000000080800000, 0x0000000080900000, 0x0000000080900000|100%| O|  |TAMS 0x0000000080900000| PB 0x0000000080800000| Untracked |  0
|   9|0x0000000080900000, 0x0000000080a00000, 0x0000000080a00000|100%| O|  |TAMS 0x0000000080a00000| PB 0x0000000080900000| Untracked |  0
|  10|0x0000000080a00000, 0x0000000080b00000, 0x0000000080b00000|100%| O|  |TAMS 0x0000000080b00000| PB 0x0000000080a00000| Untracked |  0
|  11|0x0000000080b00000, 0x0000000080c00000, 0x0000000080c00000|100%| O|  |TAMS 0x0000000080c00000| PB 0x0000000080b00000| Untracked |  0
|  12|0x0000000080c00000, 0x0000000080d00000, 0x0000000080d00000|100%| O|  |TAMS 0x0000000080d00000| PB 0x0000000080c00000| Untracked |  0
|  13|0x0000000080d00000, 0x0000000080e00000, 0x0000000080e00000|100%| O|  |TAMS 0x0000000080e00000| PB 0x0000000080d00000| Untracked |  0
|  14|0x0000000080e00000, 0x0000000080f00000, 0x0000000080f00000|100%| O|  |TAMS 0x0000000080f00000| PB 0x0000000080e00000| Untracked |  0
|  15|0x0000000080f00000, 0x0000000081000000, 0x0000000081000000|100%| O|  |TAMS 0x0000000081000000| PB 0x0000000080f00000| Untracked |  0
|  16|0x0000000081000000, 0x0000000081100000, 0x0000000081100000|100%|HS|  |TAMS 0x0000000081100000| PB 0x0000000081000000| Complete |  0
|  17|0x0000000081100000, 0x0000000081200000, 0x0000000081200000|100%|HS|  |TAMS 0x0000000081200000| PB 0x0000000081100000| Complete |  0
|  18|0x0000000081200000, 0x0000000081300000, 0x0000000081300000|100%|HS|  |TAMS 0x0000000081300000| PB 0x0000000081200000| Complete |  0
|  19|0x0000000081300000, 0x0000000081400000, 0x0000000081400000|100%|HS|  |TAMS 0x0000000081400000| PB 0x0000000081300000| Complete |  0
|  20|0x0000000081400000, 0x0000000081500000, 0x0000000081500000|100%|HS|  |TAMS 0x0000000081500000| PB 0x0000000081400000| Complete |  0
|  21|0x0000000081500000, 0x0000000081600000, 0x0000000081600000|100%|HC|  |TAMS 0x0000000081600000| PB 0x0000000081500000| Complete |  0
|  22|0x0000000081600000, 0x0000000081700000, 0x0000000081700000|100%|HS|  |TAMS 0x0000000081700000| PB 0x0000000081600000| Complete |  0
|  23|0x0000000081700000, 0x0000000081800000, 0x0000000081800000|100%|HS|  |TAMS 0x0000000081800000| PB 0x0000000081700000| Complete |  0
|  24|0x0000000081800000, 0x0000000081900000, 0x0000000081900000|100%| O|  |TAMS 0x0000000081900000| PB 0x0000000081800000| Untracked |  0
|  25|0x0000000081900000, 0x0000000081a00000, 0x0000000081a00000|100%| O|  |TAMS 0x0000000081a00000| PB 0x0000000081900000| Untracked |  0
|  26|0x0000000081a00000, 0x0000000081b00000, 0x0000000081b00000|100%| O|  |TAMS 0x0000000081b00000| PB 0x0000000081a00000| Untracked |  0
|  27|0x0000000081b00000, 0x0000000081c00000, 0x0000000081c00000|100%| O|  |TAMS 0x0000000081c00000| PB 0x0000000081b00000| Untracked |  0
|  28|0x0000000081c00000, 0x0000000081d00000, 0x0000000081d00000|100%| O|  |TAMS 0x0000000081d00000| PB 0x0000000081c00000| Untracked |  0
|  29|0x0000000081d00000, 0x0000000081e00000, 0x0000000081e00000|100%|HS|  |TAMS 0x0000000081e00000| PB 0x0000000081d00000| Complete |  0
|  30|0x0000000081e00000, 0x0000000081f00000, 0x0000000081f00000|100%|HS|  |TAMS 0x0000000081f00000| PB 0x0000000081e00000| Complete |  0
|  31|0x0000000081f00000, 0x0000000082000000, 0x0000000082000000|100%|HS|  |TAMS 0x0000000082000000| PB 0x0000000081f00000| Complete |  0
|  32|0x0000000082000000, 0x0000000082100000, 0x0000000082100000|100%|HC|  |TAMS 0x0000000082100000| PB 0x0000000082000000| Complete |  0
|  33|0x0000000082100000, 0x0000000082200000, 0x0000000082200000|100%| O|  |TAMS 0x0000000082200000| PB 0x0000000082100000| Untracked |  0
|  34|0x0000000082200000, 0x0000000082300000, 0x0000000082300000|100%| O|  |TAMS 0x0000000082300000| PB 0x0000000082200000| Untracked |  0
|  35|0x0000000082300000, 0x0000000082400000, 0x0000000082400000|100%| O|  |TAMS 0x0000000082400000| PB 0x0000000082300000| Untracked |  0
|  36|0x0000000082400000, 0x0000000082500000, 0x0000000082500000|100%| O|  |TAMS 0x0000000082500000| PB 0x0000000082400000| Untracked |  0
|  37|0x0000000082500000, 0x0000000082600000, 0x0000000082600000|100%| O|  |TAMS 0x0000000082600000| PB 0x0000000082500000| Untracked |  0
|  38|0x0000000082600000, 0x0000000082700000, 0x0000000082700000|100%| O|  |TAMS 0x0000000082700000| PB 0x0000000082600000| Untracked |  0
|  39|0x0000000082700000, 0x0000000082800000, 0x0000000082800000|100%| O|  |TAMS 0x0000000082800000| PB 0x0000000082700000| Untracked |  0
|  40|0x0000000082800000, 0x0000000082900000, 0x0000000082900000|100%| O|  |TAMS 0x0000000082900000| PB 0x0000000082800000| Untracked |  0
|  41|0x0000000082900000, 0x0000000082a00000, 0x0000000082a00000|100%| O|  |TAMS 0x0000000082a00000| PB 0x0000000082900000| Untracked |  0
|  42|0x0000000082a00000, 0x0000000082b00000, 0x0000000082b00000|100%| O|  |TAMS 0x0000000082b00000| PB 0x0000000082a00000| Untracked |  0
|  43|0x0000000082b00000, 0x0000000082c00000, 0x0000000082c00000|100%| O|  |TAMS 0x0000000082c00000| PB 0x0000000082b00000| Untracked |  0
|  44|0x0000000082c00000, 0x0000000082d00000, 0x0000000082d00000|100%| O|  |TAMS 0x0000000082d00000| PB 0x0000000082c00000| Untracked |  0
|  45|0x0000000082d00000, 0x0000000082e00000, 0x0000000082e00000|100%| O|  |TAMS 0x0000000082e00000| PB 0x0000000082d00000| Untracked |  0
|  46|0x0000000082e00000, 0x0000000082f00000, 0x0000000082f00000|100%| O|  |TAMS 0x0000000082f00000| PB 0x0000000082e00000| Untracked |  0
|  47|0x0000000082f00000, 0x0000000083000000, 0x0000000083000000|100%| O|  |TAMS 0x0000000083000000| PB 0x0000000082f00000| Untracked |  0
|  48|0x0000000083000000, 0x0000000083100000, 0x0000000083100000|100%| O|  |TAMS 0x0000000083100000| PB 0x0000000083000000| Untracked |  0
|  49|0x0000000083100000, 0x0000000083200000, 0x0000000083200000|100%| O|  |TAMS 0x0000000083200000| PB 0x0000000083100000| Untracked |  0
|  50|0x0000000083200000, 0x0000000083300000, 0x0000000083300000|100%| O|  |TAMS 0x0000000083300000| PB 0x0000000083200000| Untracked |  0
|  51|0x0000000083300000, 0x0000000083400000, 0x0000000083400000|100%| O|  |TAMS 0x0000000083400000| PB 0x0000000083300000| Untracked |  0
|  52|0x0000000083400000, 0x0000000083500000, 0x0000000083500000|100%|HS|  |TAMS 0x0000000083500000| PB 0x0000000083400000| Complete |  0
|  53|0x0000000083500000, 0x0000000083600000, 0x0000000083600000|100%|HC|  |TAMS 0x0000000083600000| PB 0x0000000083500000| Complete |  0
|  54|0x0000000083600000, 0x0000000083700000, 0x0000000083700000|100%| O|  |TAMS 0x0000000083700000| PB 0x0000000083600000| Untracked |  0
|  55|0x0000000083700000, 0x0000000083800000, 0x0000000083800000|100%| O|  |TAMS 0x0000000083800000| PB 0x0000000083700000| Untracked |  0
|  56|0x0000000083800000, 0x0000000083900000, 0x0000000083900000|100%| O|  |TAMS 0x0000000083900000| PB 0x0000000083800000| Untracked |  0
|  57|0x0000000083900000, 0x0000000083a00000, 0x0000000083a00000|100%| O|  |TAMS 0x0000000083a00000| PB 0x0000000083900000| Untracked |  0
|  58|0x0000000083a00000, 0x0000000083b00000, 0x0000000083b00000|100%| O|  |TAMS 0x0000000083b00000| PB 0x0000000083a00000| Untracked |  0
|  59|0x0000000083b00000, 0x0000000083c00000, 0x0000000083c00000|100%| O|  |TAMS 0x0000000083c00000| PB 0x0000000083b00000| Untracked |  0
|  60|0x0000000083c00000, 0x0000000083d00000, 0x0000000083d00000|100%| O|  |TAMS 0x0000000083d00000| PB 0x0000000083c00000| Untracked |  0
|  61|0x0000000083d00000, 0x0000000083e00000, 0x0000000083e00000|100%| O|  |TAMS 0x0000000083e00000| PB 0x0000000083d00000| Untracked |  0
|  62|0x0000000083e00000, 0x0000000083f00000, 0x0000000083f00000|100%| O|  |TAMS 0x0000000083f00000| PB 0x0000000083e00000| Untracked |  0
|  63|0x0000000083f00000, 0x0000000084000000, 0x0000000084000000|100%| O|  |TAMS 0x0000000084000000| PB 0x0000000083f00000| Untracked |  0
|  64|0x0000000084000000, 0x0000000084100000, 0x0000000084100000|100%| O|Cm|TAMS 0x0000000084100000| PB 0x0000000084000000| Updating |  0
|  65|0x0000000084100000, 0x0000000084200000, 0x0000000084200000|100%| O|Cm|TAMS 0x0000000084200000| PB 0x0000000084100000| Updating |  0
|  66|0x0000000084200000, 0x0000000084300000, 0x0000000084300000|100%| O|  |TAMS 0x0000000084300000| PB 0x0000000084200000| Untracked |  0
|  67|0x0000000084300000, 0x0000000084400000, 0x0000000084400000|100%| O|  |TAMS 0x0000000084400000| PB 0x0000000084300000| Untracked |  0
|  68|0x0000000084400000, 0x0000000084500000, 0x0000000084500000|100%| O|  |TAMS 0x0000000084500000| PB 0x0000000084400000| Untracked |  0
|  69|0x0000000084500000, 0x0000000084600000, 0x0000000084600000|100%| O|  |TAMS 0x0000000084600000| PB 0x0000000084500000| Untracked |  0
|  70|0x0000000084600000, 0x0000000084700000, 0x0000000084700000|100%| O|  |TAMS 0x0000000084700000| PB 0x0000000084600000| Untracked |  0
|  71|0x0000000084700000, 0x0000000084800000, 0x0000000084800000|100%| O|  |TAMS 0x0000000084800000| PB 0x0000000084700000| Untracked |  0
|  72|0x0000000084800000, 0x0000000084900000, 0x0000000084900000|100%| O|  |TAMS 0x0000000084900000| PB 0x0000000084800000| Untracked |  0
|  73|0x0000000084900000, 0x0000000084a00000, 0x0000000084a00000|100%| O|Cm|TAMS 0x0000000084a00000| PB 0x0000000084900000| Updating |  0
|  74|0x0000000084a00000, 0x0000000084b00000, 0x0000000084b00000|100%| O|  |TAMS 0x0000000084b00000| PB 0x0000000084a00000| Untracked |  0
|  75|0x0000000084b00000, 0x0000000084c00000, 0x0000000084c00000|100%| O|  |TAMS 0x0000000084c00000| PB 0x0000000084b00000| Untracked |  0
|  76|0x0000000084c00000, 0x0000000084d00000, 0x0000000084d00000|100%| O|  |TAMS 0x0000000084d00000| PB 0x0000000084c00000| Untracked |  0
|  77|0x0000000084d00000, 0x0000000084e00000, 0x0000000084e00000|100%| O|  |TAMS 0x0000000084e00000| PB 0x0000000084d00000| Untracked |  0
|  78|0x0000000084e00000, 0x0000000084f00000, 0x0000000084f00000|100%| O|  |TAMS 0x0000000084f00000| PB 0x0000000084e00000| Untracked |  0
|  79|0x0000000084f00000, 0x0000000085000000, 0x0000000085000000|100%| O|  |TAMS 0x0000000085000000| PB 0x0000000084f00000| Untracked |  0
|  80|0x0000000085000000, 0x0000000085100000, 0x0000000085100000|100%| O|  |TAMS 0x0000000085100000| PB 0x0000000085000000| Untracked |  0
|  81|0x0000000085100000, 0x0000000085200000, 0x0000000085200000|100%| O|  |TAMS 0x0000000085200000| PB 0x0000000085100000| Untracked |  0
|  82|0x0000000085200000, 0x0000000085300000, 0x0000000085300000|100%| O|  |TAMS 0x0000000085300000| PB 0x0000000085200000| Untracked |  0
|  83|0x0000000085300000, 0x0000000085400000, 0x0000000085400000|100%| O|  |TAMS 0x0000000085400000| PB 0x0000000085300000| Untracked |  0
|  84|0x0000000085400000, 0x0000000085500000, 0x0000000085500000|100%| O|  |TAMS 0x0000000085500000| PB 0x0000000085400000| Untracked |  0
|  85|0x0000000085500000, 0x0000000085600000, 0x0000000085600000|100%| O|  |TAMS 0x0000000085600000| PB 0x0000000085500000| Untracked |  0
|  86|0x0000000085600000, 0x0000000085700000, 0x0000000085700000|100%| O|  |TAMS 0x0000000085700000| PB 0x0000000085600000| Untracked |  0
|  87|0x0000000085700000, 0x0000000085800000, 0x0000000085800000|100%| O|  |TAMS 0x0000000085700000| PB 0x0000000085700000| Untracked |  0
|  88|0x0000000085800000, 0x0000000085900000, 0x0000000085900000|100%| O|  |TAMS 0x0000000085800000| PB 0x0000000085800000| Untracked |  0
|  89|0x0000000085900000, 0x0000000085a00000, 0x0000000085a00000|100%| O|  |TAMS 0x0000000085900000| PB 0x0000000085900000| Untracked |  0
|  90|0x0000000085a00000, 0x0000000085b00000, 0x0000000085b00000|100%| O|  |TAMS 0x0000000085a00000| PB 0x0000000085a00000| Untracked |  0
|  91|0x0000000085b00000, 0x0000000085c00000, 0x0000000085c00000|100%| O|  |TAMS 0x0000000085b00000| PB 0x0000000085b00000| Untracked |  0
|  92|0x0000000085c00000, 0x0000000085d00000, 0x0000000085d00000|100%| O|  |TAMS 0x0000000085c00000| PB 0x0000000085c00000| Untracked |  0
|  93|0x0000000085d00000, 0x0000000085e00000, 0x0000000085e00000|100%| O|  |TAMS 0x0000000085e00000| PB 0x0000000085d00000| Untracked |  0
|  94|0x0000000085e00000, 0x0000000085f00000, 0x0000000085f00000|100%| O|  |TAMS 0x0000000085f00000| PB 0x0000000085e00000| Untracked |  0
|  95|0x0000000085f00000, 0x0000000086000000, 0x0000000086000000|100%| O|  |TAMS 0x0000000086000000| PB 0x0000000085f00000| Untracked |  0
|  96|0x0000000086000000, 0x0000000086100000, 0x0000000086100000|100%| O|  |TAMS 0x0000000086100000| PB 0x0000000086000000| Untracked |  0
|  97|0x0000000086100000, 0x0000000086200000, 0x0000000086200000|100%| O|Cm|TAMS 0x0000000086200000| PB 0x0000000086100000| Updating |  0
|  98|0x0000000086200000, 0x0000000086300000, 0x0000000086300000|100%| O|  |TAMS 0x00000000862cf780| PB 0x0000000086200000| Untracked |  0
|  99|0x0000000086300000, 0x0000000086400000, 0x0000000086400000|100%| O|  |TAMS 0x0000000086300000| PB 0x0000000086300000| Untracked |  0
| 100|0x0000000086400000, 0x0000000086500000, 0x0000000086500000|100%|HS|  |TAMS 0x0000000086400000| PB 0x0000000086400000| Complete |  0
| 101|0x0000000086500000, 0x0000000086600000, 0x0000000086600000|100%|HS|  |TAMS 0x0000000086500000| PB 0x0000000086500000| Complete |  0
| 102|0x0000000086600000, 0x0000000086700000, 0x0000000086700000|100%|HC|  |TAMS 0x0000000086600000| PB 0x0000000086600000| Complete |  0
| 103|0x0000000086700000, 0x0000000086800000, 0x0000000086800000|100%|HC|  |TAMS 0x0000000086700000| PB 0x0000000086700000| Complete |  0
| 104|0x0000000086800000, 0x0000000086900000, 0x0000000086900000|100%| O|  |TAMS 0x0000000086800000| PB 0x0000000086800000| Untracked |  0
| 105|0x0000000086900000, 0x0000000086a00000, 0x0000000086a00000|100%| O|  |TAMS 0x0000000086900000| PB 0x0000000086900000| Untracked |  0
| 106|0x0000000086a00000, 0x0000000086b00000, 0x0000000086b00000|100%| O|  |TAMS 0x0000000086a00000| PB 0x0000000086a00000| Untracked |  0
| 107|0x0000000086b00000, 0x0000000086c00000, 0x0000000086c00000|100%| O|  |TAMS 0x0000000086b00000| PB 0x0000000086b00000| Untracked |  0
| 108|0x0000000086c00000, 0x0000000086d00000, 0x0000000086d00000|100%| O|  |TAMS 0x0000000086c00000| PB 0x0000000086c00000| Untracked |  0
| 109|0x0000000086d00000, 0x0000000086e00000, 0x0000000086e00000|100%| O|  |TAMS 0x0000000086d00000| PB 0x0000000086d00000| Untracked |  0
| 110|0x0000000086e00000, 0x0000000086f00000, 0x0000000086f00000|100%| O|  |TAMS 0x0000000086e00000| PB 0x0000000086e00000| Untracked |  0
| 111|0x0000000086f00000, 0x0000000087000000, 0x0000000087000000|100%| O|  |TAMS 0x0000000086f00000| PB 0x0000000086f00000| Untracked |  0
| 112|0x0000000087000000, 0x0000000087100000, 0x0000000087100000|100%| O|  |TAMS 0x0000000087000000| PB 0x0000000087000000| Untracked |  0
| 113|0x0000000087100000, 0x0000000087200000, 0x0000000087200000|100%| O|  |TAMS 0x0000000087100000| PB 0x0000000087100000| Untracked |  0
| 114|0x0000000087200000, 0x0000000087300000, 0x0000000087300000|100%| O|  |TAMS 0x0000000087200000| PB 0x0000000087200000| Untracked |  0
| 115|0x0000000087300000, 0x0000000087400000, 0x0000000087400000|100%| O|  |TAMS 0x0000000087300000| PB 0x0000000087300000| Untracked |  0
| 116|0x0000000087400000, 0x0000000087500000, 0x0000000087500000|100%| O|  |TAMS 0x0000000087400000| PB 0x0000000087400000| Untracked |  0
| 117|0x0000000087500000, 0x0000000087600000, 0x0000000087600000|100%| O|  |TAMS 0x0000000087500000| PB 0x0000000087500000| Untracked |  0
| 118|0x0000000087600000, 0x0000000087700000, 0x0000000087700000|100%| O|  |TAMS 0x0000000087600000| PB 0x0000000087600000| Untracked |  0
| 119|0x0000000087700000, 0x0000000087800000, 0x0000000087800000|100%|HS|  |TAMS 0x0000000087700000| PB 0x0000000087700000| Complete |  0
| 120|0x0000000087800000, 0x0000000087900000, 0x0000000087900000|100%| O|  |TAMS 0x0000000087800000| PB 0x0000000087800000| Untracked |  0
| 121|0x0000000087900000, 0x0000000087a00000, 0x0000000087a00000|100%| O|  |TAMS 0x0000000087900000| PB 0x0000000087900000| Untracked |  0
| 122|0x0000000087a00000, 0x0000000087b00000, 0x0000000087b00000|100%| O|  |TAMS 0x0000000087a00000| PB 0x0000000087a00000| Untracked |  0
| 123|0x0000000087b00000, 0x0000000087c00000, 0x0000000087c00000|100%| O|  |TAMS 0x0000000087b00000| PB 0x0000000087b00000| Untracked |  0
| 124|0x0000000087c00000, 0x0000000087d00000, 0x0000000087d00000|100%| O|  |TAMS 0x0000000087c00000| PB 0x0000000087c00000| Untracked |  0
| 125|0x0000000087d00000, 0x0000000087e00000, 0x0000000087e00000|100%| O|  |TAMS 0x0000000087d00000| PB 0x0000000087d00000| Untracked |  0
| 126|0x0000000087e00000, 0x0000000087f00000, 0x0000000087f00000|100%| O|  |TAMS 0x0000000087e00000| PB 0x0000000087e00000| Untracked |  0
| 127|0x0000000087f00000, 0x0000000088000000, 0x0000000088000000|100%| O|  |TAMS 0x0000000087f00000| PB 0x0000000087f00000| Untracked |  0
| 128|0x0000000088000000, 0x0000000088100000, 0x0000000088100000|100%| O|  |TAMS 0x0000000088000000| PB 0x0000000088000000| Untracked |  0
| 129|0x0000000088100000, 0x0000000088200000, 0x0000000088200000|100%| O|  |TAMS 0x0000000088100000| PB 0x0000000088100000| Untracked |  0
| 130|0x0000000088200000, 0x0000000088300000, 0x0000000088300000|100%| O|  |TAMS 0x0000000088200000| PB 0x0000000088200000| Untracked |  0
| 131|0x0000000088300000, 0x0000000088300000, 0x0000000088400000|  0%| F|  |TAMS 0x0000000088300000| PB 0x0000000088300000| Untracked |  0
| 132|0x0000000088400000, 0x0000000088400000, 0x0000000088500000|  0%| F|  |TAMS 0x0000000088400000| PB 0x0000000088400000| Untracked |  0
| 133|0x0000000088500000, 0x0000000088500000, 0x0000000088600000|  0%| F|  |TAMS 0x0000000088500000| PB 0x0000000088500000| Untracked |  0
| 134|0x0000000088600000, 0x0000000088600000, 0x0000000088700000|  0%| F|  |TAMS 0x0000000088600000| PB 0x0000000088600000| Untracked |  0
| 135|0x0000000088700000, 0x0000000088700000, 0x0000000088800000|  0%| F|  |TAMS 0x0000000088700000| PB 0x0000000088700000| Untracked |  0
| 136|0x0000000088800000, 0x0000000088800000, 0x0000000088900000|  0%| F|  |TAMS 0x0000000088800000| PB 0x0000000088800000| Untracked |  0
| 137|0x0000000088900000, 0x0000000088a00000, 0x0000000088a00000|100%| O|  |TAMS 0x0000000088900000| PB 0x0000000088900000| Untracked |  0
| 138|0x0000000088a00000, 0x0000000088a3c9f8, 0x0000000088b00000| 23%| O|  |TAMS 0x0000000088a00000| PB 0x0000000088a00000| Untracked |  0
| 139|0x0000000088b00000, 0x0000000088b00000, 0x0000000088c00000|  0%| F|  |TAMS 0x0000000088b00000| PB 0x0000000088b00000| Untracked |  0
| 140|0x0000000088c00000, 0x0000000088c00000, 0x0000000088d00000|  0%| F|  |TAMS 0x0000000088c00000| PB 0x0000000088c00000| Untracked |  0
| 141|0x0000000088d00000, 0x0000000088d00000, 0x0000000088e00000|  0%| F|  |TAMS 0x0000000088d00000| PB 0x0000000088d00000| Untracked |  0
| 142|0x0000000088e00000, 0x0000000088e00000, 0x0000000088f00000|  0%| F|  |TAMS 0x0000000088e00000| PB 0x0000000088e00000| Untracked |  0
| 143|0x0000000088f00000, 0x0000000088f00000, 0x0000000089000000|  0%| F|  |TAMS 0x0000000088f00000| PB 0x0000000088f00000| Untracked |  0
| 144|0x0000000089000000, 0x0000000089000000, 0x0000000089100000|  0%| F|  |TAMS 0x0000000089000000| PB 0x0000000089000000| Untracked |  0
| 145|0x0000000089100000, 0x0000000089100000, 0x0000000089200000|  0%| F|  |TAMS 0x0000000089100000| PB 0x0000000089100000| Untracked |  0
| 146|0x0000000089200000, 0x0000000089200000, 0x0000000089300000|  0%| F|  |TAMS 0x0000000089200000| PB 0x0000000089200000| Untracked |  0
| 147|0x0000000089300000, 0x0000000089300000, 0x0000000089400000|  0%| F|  |TAMS 0x0000000089300000| PB 0x0000000089300000| Untracked |  0
| 148|0x0000000089400000, 0x0000000089400000, 0x0000000089500000|  0%| F|  |TAMS 0x0000000089400000| PB 0x0000000089400000| Untracked |  0
| 149|0x0000000089500000, 0x0000000089500000, 0x0000000089600000|  0%| F|  |TAMS 0x0000000089500000| PB 0x0000000089500000| Untracked |  0
| 150|0x0000000089600000, 0x0000000089600000, 0x0000000089700000|  0%| F|  |TAMS 0x0000000089600000| PB 0x0000000089600000| Untracked |  0
| 151|0x0000000089700000, 0x0000000089700000, 0x0000000089800000|  0%| F|  |TAMS 0x0000000089700000| PB 0x0000000089700000| Untracked |  0
| 152|0x0000000089800000, 0x0000000089800000, 0x0000000089900000|  0%| F|  |TAMS 0x0000000089800000| PB 0x0000000089800000| Untracked |  0
| 153|0x0000000089900000, 0x0000000089900000, 0x0000000089a00000|  0%| F|  |TAMS 0x0000000089900000| PB 0x0000000089900000| Untracked |  0
| 154|0x0000000089a00000, 0x0000000089a00000, 0x0000000089b00000|  0%| F|  |TAMS 0x0000000089a00000| PB 0x0000000089a00000| Untracked |  0
| 155|0x0000000089b00000, 0x0000000089b00000, 0x0000000089c00000|  0%| F|  |TAMS 0x0000000089b00000| PB 0x0000000089b00000| Untracked |  0
| 156|0x0000000089c00000, 0x0000000089c00000, 0x0000000089d00000|  0%| F|  |TAMS 0x0000000089c00000| PB 0x0000000089c00000| Untracked |  0
| 157|0x0000000089d00000, 0x0000000089d00000, 0x0000000089e00000|  0%| F|  |TAMS 0x0000000089d00000| PB 0x0000000089d00000| Untracked |  0
| 158|0x0000000089e00000, 0x0000000089e00000, 0x0000000089f00000|  0%| F|  |TAMS 0x0000000089e00000| PB 0x0000000089e00000| Untracked |  0
| 159|0x0000000089f00000, 0x0000000089f00000, 0x000000008a000000|  0%| F|  |TAMS 0x0000000089f00000| PB 0x0000000089f00000| Untracked |  0
| 160|0x000000008a000000, 0x000000008a000000, 0x000000008a100000|  0%| F|  |TAMS 0x000000008a000000| PB 0x000000008a000000| Untracked |  0
| 161|0x000000008a100000, 0x000000008a100000, 0x000000008a200000|  0%| F|  |TAMS 0x000000008a100000| PB 0x000000008a100000| Untracked |  0
| 162|0x000000008a200000, 0x000000008a200000, 0x000000008a300000|  0%| F|  |TAMS 0x000000008a200000| PB 0x000000008a200000| Untracked |  0
| 163|0x000000008a300000, 0x000000008a300000, 0x000000008a400000|  0%| F|  |TAMS 0x000000008a300000| PB 0x000000008a300000| Untracked |  0
| 164|0x000000008a400000, 0x000000008a400000, 0x000000008a500000|  0%| F|  |TAMS 0x000000008a400000| PB 0x000000008a400000| Untracked |  0
| 165|0x000000008a500000, 0x000000008a500000, 0x000000008a600000|  0%| F|  |TAMS 0x000000008a500000| PB 0x000000008a500000| Untracked |  0
| 166|0x000000008a600000, 0x000000008a600000, 0x000000008a700000|  0%| F|  |TAMS 0x000000008a600000| PB 0x000000008a600000| Untracked |  0
| 167|0x000000008a700000, 0x000000008a700000, 0x000000008a800000|  0%| F|  |TAMS 0x000000008a700000| PB 0x000000008a700000| Untracked |  0
| 168|0x000000008a800000, 0x000000008a800000, 0x000000008a900000|  0%| F|  |TAMS 0x000000008a800000| PB 0x000000008a800000| Untracked |  0
| 169|0x000000008a900000, 0x000000008a900000, 0x000000008aa00000|  0%| F|  |TAMS 0x000000008a900000| PB 0x000000008a900000| Untracked |  0
| 170|0x000000008aa00000, 0x000000008aa00000, 0x000000008ab00000|  0%| F|  |TAMS 0x000000008aa00000| PB 0x000000008aa00000| Untracked |  0
| 171|0x000000008ab00000, 0x000000008ab00000, 0x000000008ac00000|  0%| F|  |TAMS 0x000000008ab00000| PB 0x000000008ab00000| Untracked |  0
| 172|0x000000008ac00000, 0x000000008ac00000, 0x000000008ad00000|  0%| F|  |TAMS 0x000000008ac00000| PB 0x000000008ac00000| Untracked |  0
| 173|0x000000008ad00000, 0x000000008ad00000, 0x000000008ae00000|  0%| F|  |TAMS 0x000000008ad00000| PB 0x000000008ad00000| Untracked |  0
| 174|0x000000008ae00000, 0x000000008ae00000, 0x000000008af00000|  0%| F|  |TAMS 0x000000008ae00000| PB 0x000000008ae00000| Untracked |  0
| 175|0x000000008af00000, 0x000000008af00000, 0x000000008b000000|  0%| F|  |TAMS 0x000000008af00000| PB 0x000000008af00000| Untracked |  0
| 176|0x000000008b000000, 0x000000008b000000, 0x000000008b100000|  0%| F|  |TAMS 0x000000008b000000| PB 0x000000008b000000| Untracked |  0
| 177|0x000000008b100000, 0x000000008b100000, 0x000000008b200000|  0%| F|  |TAMS 0x000000008b100000| PB 0x000000008b100000| Untracked |  0
| 178|0x000000008b200000, 0x000000008b200000, 0x000000008b300000|  0%| F|  |TAMS 0x000000008b200000| PB 0x000000008b200000| Untracked |  0
| 179|0x000000008b300000, 0x000000008b300000, 0x000000008b400000|  0%| F|  |TAMS 0x000000008b300000| PB 0x000000008b300000| Untracked |  0
| 180|0x000000008b400000, 0x000000008b400000, 0x000000008b500000|  0%| F|  |TAMS 0x000000008b400000| PB 0x000000008b400000| Untracked |  0
| 181|0x000000008b500000, 0x000000008b500000, 0x000000008b600000|  0%| F|  |TAMS 0x000000008b500000| PB 0x000000008b500000| Untracked |  0
| 182|0x000000008b600000, 0x000000008b600000, 0x000000008b700000|  0%| F|  |TAMS 0x000000008b600000| PB 0x000000008b600000| Untracked |  0
| 183|0x000000008b700000, 0x000000008b700000, 0x000000008b800000|  0%| F|  |TAMS 0x000000008b700000| PB 0x000000008b700000| Untracked |  0
| 184|0x000000008b800000, 0x000000008b800000, 0x000000008b900000|  0%| F|  |TAMS 0x000000008b800000| PB 0x000000008b800000| Untracked |  0
| 185|0x000000008b900000, 0x000000008b900000, 0x000000008ba00000|  0%| F|  |TAMS 0x000000008b900000| PB 0x000000008b900000| Untracked |  0
| 186|0x000000008ba00000, 0x000000008ba00000, 0x000000008bb00000|  0%| F|  |TAMS 0x000000008ba00000| PB 0x000000008ba00000| Untracked |  0
| 187|0x000000008bb00000, 0x000000008bb00000, 0x000000008bc00000|  0%| F|  |TAMS 0x000000008bb00000| PB 0x000000008bb00000| Untracked |  0
| 188|0x000000008bc00000, 0x000000008bc00000, 0x000000008bd00000|  0%| F|  |TAMS 0x000000008bc00000| PB 0x000000008bc00000| Untracked |  0
| 189|0x000000008bd00000, 0x000000008bd00000, 0x000000008be00000|  0%| F|  |TAMS 0x000000008bd00000| PB 0x000000008bd00000| Untracked |  0
| 190|0x000000008be00000, 0x000000008be00000, 0x000000008bf00000|  0%| F|  |TAMS 0x000000008be00000| PB 0x000000008be00000| Untracked |  0
| 191|0x000000008bf00000, 0x000000008bf00000, 0x000000008c000000|  0%| F|  |TAMS 0x000000008bf00000| PB 0x000000008bf00000| Untracked |  0
| 192|0x000000008c000000, 0x000000008c000000, 0x000000008c100000|  0%| F|  |TAMS 0x000000008c000000| PB 0x000000008c000000| Untracked |  0
| 193|0x000000008c100000, 0x000000008c100000, 0x000000008c200000|  0%| F|  |TAMS 0x000000008c100000| PB 0x000000008c100000| Untracked |  0
| 194|0x000000008c200000, 0x000000008c200000, 0x000000008c300000|  0%| F|  |TAMS 0x000000008c200000| PB 0x000000008c200000| Untracked |  0
| 195|0x000000008c300000, 0x000000008c300000, 0x000000008c400000|  0%| F|  |TAMS 0x000000008c300000| PB 0x000000008c300000| Untracked |  0
| 196|0x000000008c400000, 0x000000008c400000, 0x000000008c500000|  0%| F|  |TAMS 0x000000008c400000| PB 0x000000008c400000| Untracked |  0
| 197|0x000000008c500000, 0x000000008c500000, 0x000000008c600000|  0%| F|  |TAMS 0x000000008c500000| PB 0x000000008c500000| Untracked |  0
| 198|0x000000008c600000, 0x000000008c600000, 0x000000008c700000|  0%| F|  |TAMS 0x000000008c600000| PB 0x000000008c600000| Untracked |  0
| 199|0x000000008c700000, 0x000000008c700000, 0x000000008c800000|  0%| F|  |TAMS 0x000000008c700000| PB 0x000000008c700000| Untracked |  0
| 200|0x000000008c800000, 0x000000008c800000, 0x000000008c900000|  0%| F|  |TAMS 0x000000008c800000| PB 0x000000008c800000| Untracked |  0
| 201|0x000000008c900000, 0x000000008c900000, 0x000000008ca00000|  0%| F|  |TAMS 0x000000008c900000| PB 0x000000008c900000| Untracked |  0
| 202|0x000000008ca00000, 0x000000008ca00000, 0x000000008cb00000|  0%| F|  |TAMS 0x000000008ca00000| PB 0x000000008ca00000| Untracked |  0
| 203|0x000000008cb00000, 0x000000008cb00000, 0x000000008cc00000|  0%| F|  |TAMS 0x000000008cb00000| PB 0x000000008cb00000| Untracked |  0
| 204|0x000000008cc00000, 0x000000008cd00000, 0x000000008cd00000|100%| S|CS|TAMS 0x000000008cc00000| PB 0x000000008cc00000| Complete |  0
| 205|0x000000008cd00000, 0x000000008ce00000, 0x000000008ce00000|100%| S|CS|TAMS 0x000000008cd00000| PB 0x000000008cd00000| Complete |  0
| 206|0x000000008ce00000, 0x000000008cf00000, 0x000000008cf00000|100%| S|CS|TAMS 0x000000008ce00000| PB 0x000000008ce00000| Complete |  0
| 207|0x000000008cf00000, 0x000000008d000000, 0x000000008d000000|100%| S|CS|TAMS 0x000000008cf00000| PB 0x000000008cf00000| Complete |  0
| 208|0x000000008d000000, 0x000000008d100000, 0x000000008d100000|100%| S|CS|TAMS 0x000000008d000000| PB 0x000000008d000000| Complete |  0
| 209|0x000000008d100000, 0x000000008d100000, 0x000000008d200000|  0%| F|  |TAMS 0x000000008d100000| PB 0x000000008d100000| Untracked |  0
| 210|0x000000008d200000, 0x000000008d200000, 0x000000008d300000|  0%| F|  |TAMS 0x000000008d200000| PB 0x000000008d200000| Untracked |  0
| 211|0x000000008d300000, 0x000000008d300000, 0x000000008d400000|  0%| F|  |TAMS 0x000000008d300000| PB 0x000000008d300000| Untracked |  0
| 212|0x000000008d400000, 0x000000008d400000, 0x000000008d500000|  0%| F|  |TAMS 0x000000008d400000| PB 0x000000008d400000| Untracked |  0
| 213|0x000000008d500000, 0x000000008d500000, 0x000000008d600000|  0%| F|  |TAMS 0x000000008d500000| PB 0x000000008d500000| Untracked |  0
| 214|0x000000008d600000, 0x000000008d600000, 0x000000008d700000|  0%| F|  |TAMS 0x000000008d600000| PB 0x000000008d600000| Untracked |  0
| 215|0x000000008d700000, 0x000000008d700000, 0x000000008d800000|  0%| F|  |TAMS 0x000000008d700000| PB 0x000000008d700000| Untracked |  0
| 216|0x000000008d800000, 0x000000008d800000, 0x000000008d900000|  0%| F|  |TAMS 0x000000008d800000| PB 0x000000008d800000| Untracked |  0
| 217|0x000000008d900000, 0x000000008d900000, 0x000000008da00000|  0%| F|  |TAMS 0x000000008d900000| PB 0x000000008d900000| Untracked |  0
| 218|0x000000008da00000, 0x000000008da00000, 0x000000008db00000|  0%| F|  |TAMS 0x000000008da00000| PB 0x000000008da00000| Untracked |  0
| 219|0x000000008db00000, 0x000000008db00000, 0x000000008dc00000|  0%| F|  |TAMS 0x000000008db00000| PB 0x000000008db00000| Untracked |  0
| 220|0x000000008dc00000, 0x000000008dc00000, 0x000000008dd00000|  0%| F|  |TAMS 0x000000008dc00000| PB 0x000000008dc00000| Untracked |  0
| 221|0x000000008dd00000, 0x000000008dd00000, 0x000000008de00000|  0%| F|  |TAMS 0x000000008dd00000| PB 0x000000008dd00000| Untracked |  0
| 222|0x000000008de00000, 0x000000008de00000, 0x000000008df00000|  0%| F|  |TAMS 0x000000008de00000| PB 0x000000008de00000| Untracked |  0
| 223|0x000000008df00000, 0x000000008df00000, 0x000000008e000000|  0%| F|  |TAMS 0x000000008df00000| PB 0x000000008df00000| Untracked |  0
| 224|0x000000008e000000, 0x000000008e000000, 0x000000008e100000|  0%| F|  |TAMS 0x000000008e000000| PB 0x000000008e000000| Untracked |  0
| 225|0x000000008e100000, 0x000000008e100000, 0x000000008e200000|  0%| F|  |TAMS 0x000000008e100000| PB 0x000000008e100000| Untracked |  0
| 226|0x000000008e200000, 0x000000008e200000, 0x000000008e300000|  0%| F|  |TAMS 0x000000008e200000| PB 0x000000008e200000| Untracked |  0
| 227|0x000000008e300000, 0x000000008e300000, 0x000000008e400000|  0%| F|  |TAMS 0x000000008e300000| PB 0x000000008e300000| Untracked |  0
| 228|0x000000008e400000, 0x000000008e400000, 0x000000008e500000|  0%| F|  |TAMS 0x000000008e400000| PB 0x000000008e400000| Untracked |  0
| 229|0x000000008e500000, 0x000000008e500000, 0x000000008e600000|  0%| F|  |TAMS 0x000000008e500000| PB 0x000000008e500000| Untracked |  0
| 230|0x000000008e600000, 0x000000008e600000, 0x000000008e700000|  0%| F|  |TAMS 0x000000008e600000| PB 0x000000008e600000| Untracked |  0
| 231|0x000000008e700000, 0x000000008e700000, 0x000000008e800000|  0%| F|  |TAMS 0x000000008e700000| PB 0x000000008e700000| Untracked |  0
| 232|0x000000008e800000, 0x000000008e800000, 0x000000008e900000|  0%| F|  |TAMS 0x000000008e800000| PB 0x000000008e800000| Untracked |  0
| 233|0x000000008e900000, 0x000000008e900000, 0x000000008ea00000|  0%| F|  |TAMS 0x000000008e900000| PB 0x000000008e900000| Untracked |  0
| 234|0x000000008ea00000, 0x000000008ea00000, 0x000000008eb00000|  0%| F|  |TAMS 0x000000008ea00000| PB 0x000000008ea00000| Untracked |  0
| 235|0x000000008eb00000, 0x000000008eb00000, 0x000000008ec00000|  0%| F|  |TAMS 0x000000008eb00000| PB 0x000000008eb00000| Untracked |  0
| 236|0x000000008ec00000, 0x000000008ec00000, 0x000000008ed00000|  0%| F|  |TAMS 0x000000008ec00000| PB 0x000000008ec00000| Untracked |  0
| 237|0x000000008ed00000, 0x000000008ed00000, 0x000000008ee00000|  0%| F|  |TAMS 0x000000008ed00000| PB 0x000000008ed00000| Untracked |  0
| 238|0x000000008ee00000, 0x000000008ee00000, 0x000000008ef00000|  0%| F|  |TAMS 0x000000008ee00000| PB 0x000000008ee00000| Untracked |  0
| 239|0x000000008ef00000, 0x000000008ef00000, 0x000000008f000000|  0%| F|  |TAMS 0x000000008ef00000| PB 0x000000008ef00000| Untracked |  0
| 240|0x000000008f000000, 0x000000008f000000, 0x000000008f100000|  0%| F|  |TAMS 0x000000008f000000| PB 0x000000008f000000| Untracked |  0
| 241|0x000000008f100000, 0x000000008f100000, 0x000000008f200000|  0%| F|  |TAMS 0x000000008f100000| PB 0x000000008f100000| Untracked |  0
| 242|0x000000008f200000, 0x000000008f200000, 0x000000008f300000|  0%| F|  |TAMS 0x000000008f200000| PB 0x000000008f200000| Untracked |  0
| 243|0x000000008f300000, 0x000000008f300000, 0x000000008f400000|  0%| F|  |TAMS 0x000000008f300000| PB 0x000000008f300000| Untracked |  0
| 244|0x000000008f400000, 0x000000008f400000, 0x000000008f500000|  0%| F|  |TAMS 0x000000008f400000| PB 0x000000008f400000| Untracked |  0
| 245|0x000000008f500000, 0x000000008f500000, 0x000000008f600000|  0%| F|  |TAMS 0x000000008f500000| PB 0x000000008f500000| Untracked |  0
| 246|0x000000008f600000, 0x000000008f600000, 0x000000008f700000|  0%| F|  |TAMS 0x000000008f600000| PB 0x000000008f600000| Untracked |  0
| 247|0x000000008f700000, 0x000000008f700000, 0x000000008f800000|  0%| F|  |TAMS 0x000000008f700000| PB 0x000000008f700000| Untracked |  0
| 248|0x000000008f800000, 0x000000008f800000, 0x000000008f900000|  0%| F|  |TAMS 0x000000008f800000| PB 0x000000008f800000| Untracked |  0
| 249|0x000000008f900000, 0x000000008f900000, 0x000000008fa00000|  0%| F|  |TAMS 0x000000008f900000| PB 0x000000008f900000| Untracked |  0
| 250|0x000000008fa00000, 0x000000008fa00000, 0x000000008fb00000|  0%| F|  |TAMS 0x000000008fa00000| PB 0x000000008fa00000| Untracked |  0
| 251|0x000000008fb00000, 0x000000008fb00000, 0x000000008fc00000|  0%| F|  |TAMS 0x000000008fb00000| PB 0x000000008fb00000| Untracked |  0
|2024|0x00000000fe800000, 0x00000000fe900000, 0x00000000fe900000|100%| O|  |TAMS 0x00000000fe800000| PB 0x00000000fe800000| Untracked |  0
|2025|0x00000000fe900000, 0x00000000fea00000, 0x00000000fea00000|100%| O|  |TAMS 0x00000000fe900000| PB 0x00000000fe900000| Untracked |  0
|2026|0x00000000fea00000, 0x00000000feb00000, 0x00000000feb00000|100%| O|  |TAMS 0x00000000feb00000| PB 0x00000000fea00000| Untracked |  0
|2027|0x00000000feb00000, 0x00000000fec00000, 0x00000000fec00000|100%| O|  |TAMS 0x00000000fec00000| PB 0x00000000feb00000| Untracked |  0
|2028|0x00000000fec00000, 0x00000000fed00000, 0x00000000fed00000|100%| O|  |TAMS 0x00000000fed00000| PB 0x00000000fec00000| Untracked |  0
|2029|0x00000000fed00000, 0x00000000fee00000, 0x00000000fee00000|100%| O|  |TAMS 0x00000000fee00000| PB 0x00000000fed00000| Untracked |  0
|2030|0x00000000fee00000, 0x00000000fef00000, 0x00000000fef00000|100%| O|Cm|TAMS 0x00000000fef00000| PB 0x00000000fee00000| Updating |  0
|2031|0x00000000fef00000, 0x00000000ff000000, 0x00000000ff000000|100%| O|  |TAMS 0x00000000ff000000| PB 0x00000000fef00000| Untracked |  0
|2032|0x00000000ff000000, 0x00000000ff100000, 0x00000000ff100000|100%| O|  |TAMS 0x00000000ff100000| PB 0x00000000ff000000| Untracked |  0
|2033|0x00000000ff100000, 0x00000000ff200000, 0x00000000ff200000|100%| O|  |TAMS 0x00000000ff200000| PB 0x00000000ff100000| Untracked |  0
|2034|0x00000000ff200000, 0x00000000ff300000, 0x00000000ff300000|100%| O|  |TAMS 0x00000000ff300000| PB 0x00000000ff200000| Untracked |  0
|2035|0x00000000ff300000, 0x00000000ff400000, 0x00000000ff400000|100%| O|  |TAMS 0x00000000ff400000| PB 0x00000000ff300000| Untracked |  0
|2036|0x00000000ff400000, 0x00000000ff500000, 0x00000000ff500000|100%| O|  |TAMS 0x00000000ff500000| PB 0x00000000ff400000| Untracked |  0
|2037|0x00000000ff500000, 0x00000000ff500000, 0x00000000ff600000|  0%| F|  |TAMS 0x00000000ff500000| PB 0x00000000ff500000| Untracked |  0
|2038|0x00000000ff600000, 0x00000000ff700000, 0x00000000ff700000|100%| O|  |TAMS 0x00000000ff700000| PB 0x00000000ff600000| Untracked |  0
|2039|0x00000000ff700000, 0x00000000ff800000, 0x00000000ff800000|100%| O|  |TAMS 0x00000000ff800000| PB 0x00000000ff700000| Untracked |  0
|2040|0x00000000ff800000, 0x00000000ff900000, 0x00000000ff900000|100%| O|  |TAMS 0x00000000ff900000| PB 0x00000000ff800000| Untracked |  0
|2041|0x00000000ff900000, 0x00000000ffa00000, 0x00000000ffa00000|100%| O|  |TAMS 0x00000000ffa00000| PB 0x00000000ff900000| Untracked |  0
|2042|0x00000000ffa00000, 0x00000000ffb00000, 0x00000000ffb00000|100%| O|  |TAMS 0x00000000ffb00000| PB 0x00000000ffa00000| Untracked |  0
|2043|0x00000000ffb00000, 0x00000000ffc00000, 0x00000000ffc00000|100%| O|  |TAMS 0x00000000ffc00000| PB 0x00000000ffb00000| Untracked |  0
|2044|0x00000000ffc00000, 0x00000000ffd00000, 0x00000000ffd00000|100%| O|  |TAMS 0x00000000ffd00000| PB 0x00000000ffc00000| Untracked |  0
|2045|0x00000000ffd00000, 0x00000000ffe00000, 0x00000000ffe00000|100%| O|  |TAMS 0x00000000ffe00000| PB 0x00000000ffd00000| Untracked |  0
|2046|0x00000000ffe00000, 0x00000000fff00000, 0x00000000fff00000|100%| O|  |TAMS 0x00000000fff00000| PB 0x00000000ffe00000| Untracked |  0
|2047|0x00000000fff00000, 0x0000000100000000, 0x0000000100000000|100%| O|  |TAMS 0x0000000100000000| PB 0x00000000fff00000| Untracked |  0

Card table byte_map: [0x000002499dab0000,0x000002499deb0000] _byte_map_base: 0x000002499d6b0000

Marking Bits: (CMBitMap*) 0x000002498abbb1c0
 Bits: [0x000002499deb0000, 0x000002499feb0000)

Polling page: 0x0000024988970000

Metaspace:
Metaspace        used 86593K, committed 88256K, reserved 1179648K
 class space     used 12511K, committed 13312K, reserved 1048576K

Usage:
  Non-class:     72.35 MB used.
      Class:     12.22 MB used.
       Both:     84.56 MB used.

Virtual space:
  Non-class space:      128.00 MB reserved,      73.19 MB ( 57%) committed,  2 nodes.
      Class space:        1.00 GB reserved,      13.00 MB (  1%) committed,  1 nodes.
             Both:        1.12 GB reserved,      86.19 MB (  7%) committed. 

Chunk freelists:
   Non-Class:  6.04 MB
       Class:  3.04 MB
        Both:  9.07 MB

MaxMetaspaceSize: unlimited
CompressedClassSpaceSize: 1.00 GB
Initial GC threshold: 21.00 MB
Current GC threshold: 143.44 MB
CDS: off
 - commit_granule_bytes: 65536.
 - commit_granule_words: 8192.
 - virtual_space_node_default_size: 8388608.
 - enlarge_chunks_in_place: 1.
UseCompressedClassPointers 1, UseCompactObjectHeaders 0
Narrow klass pointer bits 32, Max shift 3
Narrow klass base: 0x0000000000000000, Narrow klass shift: 0
Encoding Range: [0x0000000000000000 - 0x0000000100000000), (4294967296 bytes)
Klass Range:    [0x0000000026000000 - 0x0000000066000000), (1073741824 bytes)
Klass ID Range:  [637534208 - 1711276025) (1073741817)
No protection zone.


Internal statistics:

num_allocs_failed_limit: 6.
num_arena_births: 3288.
num_arena_deaths: 22.
num_vsnodes_births: 3.
num_vsnodes_deaths: 0.
num_space_committed: 1378.
num_space_uncommitted: 0.
num_chunks_returned_to_freelist: 36.
num_chunks_taken_from_freelist: 6926.
num_chunk_merges: 13.
num_chunk_splits: 4422.
num_chunks_enlarged: 2632.
num_inconsistent_stats: 0.

CodeHeap 'non-profiled nmethods': size=120064Kb used=3717Kb max_used=3862Kb free=116346Kb
 bounds [0x0000024995b10000, 0x0000024995ee0000, 0x000002499d050000]
CodeHeap 'profiled nmethods': size=120000Kb used=11887Kb max_used=12621Kb free=108112Kb
 bounds [0x000002498e050000, 0x000002498ecb0000, 0x0000024995580000]
CodeHeap 'non-nmethods': size=5696Kb used=1943Kb max_used=2030Kb free=3753Kb
 bounds [0x0000024995580000, 0x00000249957f0000, 0x0000024995b10000]
CodeCache: size=245760Kb, used=17547Kb, max_used=18513Kb, free=228211Kb
 total_blobs=9240, nmethods=8428, adapters=714, full_count=0
Compilation: enabled, stopped_count=0, restarted_count=0

Compilation events (20 events):
Event: 14.153 Thread 0x00000249ac5e9090 nmethod 10087 0x0000024995cb5c88 code [0x0000024995cb5d80, 0x0000024995cb6510]
Event: 14.153 Thread 0x00000249ac5e9090 10155       4       com.android.tools.r8.graph.g::h (9 bytes)
Event: 14.154 Thread 0x00000249ac5e9090 nmethod 10155 0x0000024995d70d88 code [0x0000024995d70e80, 0x0000024995d70f08]
Event: 14.154 Thread 0x00000249ac5e9090 10171       4       com.android.tools.r8.internal.dv::a (80 bytes)
Event: 14.156 Thread 0x00000249a7035e10 10172       3       com.android.tools.r8.internal.vd3::a (69 bytes)
Event: 14.157 Thread 0x00000249a7035e10 nmethod 10172 0x000002498e09fd08 code [0x000002498e09fe00, 0x000002498e0a0290]
Event: 14.157 Thread 0x00000249a7035e10 10173       2       com.android.tools.r8.graph.g8$f::<init> (59 bytes)
Event: 14.157 Thread 0x00000249a7035e10 nmethod 10173 0x000002498e671988 code [0x000002498e671a80, 0x000002498e671c98]
Event: 14.161 Thread 0x00000249a7035e10 10174       3       com.android.tools.r8.internal.bk4::a (69 bytes)
Event: 14.162 Thread 0x00000249a7035e10 nmethod 10174 0x000002498e077c08 code [0x000002498e077d00, 0x000002498e078080]
Event: 14.162 Thread 0x00000249a7035e10 10177       3       com.android.tools.r8.internal.bk4::b (69 bytes)
Event: 14.162 Thread 0x00000249a7035e10 nmethod 10177 0x000002498e118a08 code [0x000002498e118b00, 0x000002498e118e80]
Event: 14.163 Thread 0x00000249a7035e10 10175       3       com.android.tools.r8.internal.bk4::a (36 bytes)
Event: 14.163 Thread 0x00000249a7035e10 nmethod 10175 0x000002498e085208 code [0x000002498e085300, 0x000002498e0854c0]
Event: 14.163 Thread 0x00000249a7035e10 10176       3       com.android.tools.r8.internal.bk4::b (36 bytes)
Event: 14.163 Thread 0x00000249a7035e10 nmethod 10176 0x000002498e0a5a08 code [0x000002498e0a5b00, 0x000002498e0a5cc0]
Event: 14.163 Thread 0x00000249a7035e10 10178   !   3       com.android.tools.r8.graph.j8::c (68 bytes)
Event: 14.164 Thread 0x00000249a7035e10 nmethod 10178 0x000002498e96dd08 code [0x000002498e96de00, 0x000002498e96e6c8]
Event: 14.165 Thread 0x00000249a7035e10 10180       2       com.android.tools.r8.graph.j8$$Lambda/0x0000000026cb1760::accept (12 bytes)
Event: 14.165 Thread 0x00000249a7035e10 nmethod 10180 0x000002498e0aae88 code [0x000002498e0aaf80, 0x000002498e0ab0d0]

GC Heap Usage History (20 events):
Event: 11.384 {heap After GC invocations=21 (full 0):
 garbage-first heap   total reserved 2097152K, committed 122880K, used 69368K [0x0000000080000000, 0x0000000100000000)
  region size 1024K, 4 young (4096K), 4 survivors (4096K)
}
Event: 11.834 {heap Before GC invocations=21 (full 0):
 garbage-first heap   total reserved 2097152K, committed 122880K, used 113400K [0x0000000080000000, 0x0000000100000000)
  region size 1024K, 46 young (47104K), 4 survivors (4096K)
}
Event: 11.845 {heap After GC invocations=22 (full 0):
 garbage-first heap   total reserved 2097152K, committed 147456K, used 72733K [0x0000000080000000, 0x0000000100000000)
  region size 1024K, 5 young (5120K), 5 survivors (5120K)
}
Event: 12.412 {heap Before GC invocations=22 (full 0):
 garbage-first heap   total reserved 2097152K, committed 147456K, used 132125K [0x0000000080000000, 0x0000000100000000)
  region size 1024K, 64 young (65536K), 5 survivors (5120K)
}
Event: 12.421 {heap After GC invocations=23 (full 0):
 garbage-first heap   total reserved 2097152K, committed 147456K, used 75418K [0x0000000080000000, 0x0000000100000000)
  region size 1024K, 7 young (7168K), 7 survivors (7168K)
}
Event: 12.941 {heap Before GC invocations=23 (full 0):
 garbage-first heap   total reserved 2097152K, committed 147456K, used 133786K [0x0000000080000000, 0x0000000100000000)
  region size 1024K, 65 young (66560K), 7 survivors (7168K)
}
Event: 12.953 {heap After GC invocations=24 (full 0):
 garbage-first heap   total reserved 2097152K, committed 147456K, used 79628K [0x0000000080000000, 0x0000000100000000)
  region size 1024K, 7 young (7168K), 7 survivors (7168K)
}
Event: 13.148 {heap Before GC invocations=24 (full 0):
 garbage-first heap   total reserved 2097152K, committed 147456K, used 134924K [0x0000000080000000, 0x0000000100000000)
  region size 1024K, 62 young (63488K), 7 survivors (7168K)
}
Event: 13.160 {heap After GC invocations=25 (full 0):
 garbage-first heap   total reserved 2097152K, committed 152576K, used 89088K [0x0000000080000000, 0x0000000100000000)
  region size 1024K, 8 young (8192K), 8 survivors (8192K)
}
Event: 13.435 {heap Before GC invocations=26 (full 0):
 garbage-first heap   total reserved 2097152K, committed 152576K, used 137216K [0x0000000080000000, 0x0000000100000000)
  region size 1024K, 56 young (57344K), 8 survivors (8192K)
}
Event: 13.445 {heap After GC invocations=27 (full 0):
 garbage-first heap   total reserved 2097152K, committed 154624K, used 97280K [0x0000000080000000, 0x0000000100000000)
  region size 1024K, 7 young (7168K), 7 survivors (7168K)
}
Event: 13.599 {heap Before GC invocations=27 (full 0):
 garbage-first heap   total reserved 2097152K, committed 154624K, used 139264K [0x0000000080000000, 0x0000000100000000)
  region size 1024K, 49 young (50176K), 7 survivors (7168K)
}
Event: 13.615 {heap After GC invocations=28 (full 0):
 garbage-first heap   total reserved 2097152K, committed 200704K, used 108694K [0x0000000080000000, 0x0000000100000000)
  region size 1024K, 7 young (7168K), 7 survivors (7168K)
}
Event: 13.788 {heap Before GC invocations=28 (full 0):
 garbage-first heap   total reserved 2097152K, committed 200704K, used 173206K [0x0000000080000000, 0x0000000100000000)
  region size 1024K, 71 young (72704K), 7 survivors (7168K)
}
Event: 13.810 {heap After GC invocations=29 (full 0):
 garbage-first heap   total reserved 2097152K, committed 200704K, used 125757K [0x0000000080000000, 0x0000000100000000)
  region size 1024K, 9 young (9216K), 9 survivors (9216K)
}
Event: 13.912 {heap Before GC invocations=29 (full 0):
 garbage-first heap   total reserved 2097152K, committed 200704K, used 173885K [0x0000000080000000, 0x0000000100000000)
  region size 1024K, 57 young (58368K), 9 survivors (9216K)
}
Event: 13.937 {heap After GC invocations=30 (full 0):
 garbage-first heap   total reserved 2097152K, committed 200704K, used 141107K [0x0000000080000000, 0x0000000100000000)
  region size 1024K, 8 young (8192K), 8 survivors (8192K)
}
Event: 14.036 {heap Before GC invocations=30 (full 0):
 garbage-first heap   total reserved 2097152K, committed 200704K, used 182067K [0x0000000080000000, 0x0000000100000000)
  region size 1024K, 45 young (46080K), 8 survivors (8192K)
}
Event: 14.059 {heap After GC invocations=31 (full 0):
 garbage-first heap   total reserved 2097152K, committed 202752K, used 155189K [0x0000000080000000, 0x0000000100000000)
  region size 1024K, 6 young (6144K), 6 survivors (6144K)
}
Event: 14.167 {heap Before GC invocations=32 (full 0):
 garbage-first heap   total reserved 2097152K, committed 260096K, used 183861K [0x0000000080000000, 0x0000000100000000)
  region size 1024K, 34 young (34816K), 6 survivors (6144K)
}

Metaspace Usage History (20 events):
Event: 11.384 {metaspace After GC invocations=21 (full 0):
 Metaspace       used 72208K, committed 73920K, reserved 1114112K
  class space    used 10460K, committed 11264K, reserved 1048576K
}
Event: 11.834 {metaspace Before GC invocations=21 (full 0):
 Metaspace       used 73115K, committed 74816K, reserved 1114112K
  class space    used 10571K, committed 11392K, reserved 1048576K
}
Event: 11.845 {metaspace After GC invocations=22 (full 0):
 Metaspace       used 73115K, committed 74816K, reserved 1114112K
  class space    used 10571K, committed 11392K, reserved 1048576K
}
Event: 12.412 {metaspace Before GC invocations=22 (full 0):
 Metaspace       used 74621K, committed 76288K, reserved 1114112K
  class space    used 10782K, committed 11584K, reserved 1048576K
}
Event: 12.421 {metaspace After GC invocations=23 (full 0):
 Metaspace       used 74621K, committed 76288K, reserved 1114112K
  class space    used 10782K, committed 11584K, reserved 1048576K
}
Event: 12.941 {metaspace Before GC invocations=23 (full 0):
 Metaspace       used 79606K, committed 81280K, reserved 1179648K
  class space    used 11499K, committed 12288K, reserved 1048576K
}
Event: 12.953 {metaspace After GC invocations=24 (full 0):
 Metaspace       used 79606K, committed 81280K, reserved 1179648K
  class space    used 11499K, committed 12288K, reserved 1048576K
}
Event: 13.148 {metaspace Before GC invocations=24 (full 0):
 Metaspace       used 81892K, committed 83520K, reserved 1179648K
  class space    used 11824K, committed 12608K, reserved 1048576K
}
Event: 13.160 {metaspace After GC invocations=25 (full 0):
 Metaspace       used 81892K, committed 83520K, reserved 1179648K
  class space    used 11824K, committed 12608K, reserved 1048576K
}
Event: 13.435 {metaspace Before GC invocations=26 (full 0):
 Metaspace       used 84808K, committed 86464K, reserved 1179648K
  class space    used 12291K, committed 13056K, reserved 1048576K
}
Event: 13.445 {metaspace After GC invocations=27 (full 0):
 Metaspace       used 84808K, committed 86464K, reserved 1179648K
  class space    used 12291K, committed 13056K, reserved 1048576K
}
Event: 13.599 {metaspace Before GC invocations=27 (full 0):
 Metaspace       used 85518K, committed 87168K, reserved 1179648K
  class space    used 12387K, committed 13184K, reserved 1048576K
}
Event: 13.615 {metaspace After GC invocations=28 (full 0):
 Metaspace       used 85518K, committed 87168K, reserved 1179648K
  class space    used 12387K, committed 13184K, reserved 1048576K
}
Event: 13.788 {metaspace Before GC invocations=28 (full 0):
 Metaspace       used 86085K, committed 87808K, reserved 1179648K
  class space    used 12451K, committed 13248K, reserved 1048576K
}
Event: 13.810 {metaspace After GC invocations=29 (full 0):
 Metaspace       used 86085K, committed 87808K, reserved 1179648K
  class space    used 12451K, committed 13248K, reserved 1048576K
}
Event: 13.912 {metaspace Before GC invocations=29 (full 0):
 Metaspace       used 86320K, committed 87936K, reserved 1179648K
  class space    used 12483K, committed 13248K, reserved 1048576K
}
Event: 13.937 {metaspace After GC invocations=30 (full 0):
 Metaspace       used 86320K, committed 87936K, reserved 1179648K
  class space    used 12483K, committed 13248K, reserved 1048576K
}
Event: 14.036 {metaspace Before GC invocations=30 (full 0):
 Metaspace       used 86433K, committed 88128K, reserved 1179648K
  class space    used 12499K, committed 13312K, reserved 1048576K
}
Event: 14.059 {metaspace After GC invocations=31 (full 0):
 Metaspace       used 86433K, committed 88128K, reserved 1179648K
  class space    used 12499K, committed 13312K, reserved 1048576K
}
Event: 14.167 {metaspace Before GC invocations=32 (full 0):
 Metaspace       used 86593K, committed 88256K, reserved 1179648K
  class space    used 12511K, committed 13312K, reserved 1048576K
}

Dll operation events (3 events):
Event: 0.013 Loaded shared library C:\Program Files\Android\Android Studio\jbr\bin\java.dll
Event: 0.019 Loaded shared library C:\Program Files\Android\Android Studio\jbr\bin\zip.dll
Event: 0.874 Loaded shared library C:\Program Files\Android\Android Studio\jbr\bin\verify.dll

Deoptimization events (20 events):
Event: 14.155 Thread 0x00000249aa957060 Uncommon trap: trap_request=0xffffff45 fr.pc=0x0000024995ec9094 relative=0x0000000000000114
Event: 14.155 Thread 0x00000249aa957060 Uncommon trap: reason=unstable_if action=reinterpret pc=0x0000024995ec9094 method=com.android.tools.r8.internal.vd3.a(Lcom/android/tools/r8/graph/v3;Lcom/android/tools/r8/graph/n6;)Z @ 5 c2
Event: 14.155 Thread 0x00000249aa957060 DEOPT PACKING pc=0x0000024995ec9094 sp=0x000000d5cc8fe440
Event: 14.155 Thread 0x00000249aa957060 DEOPT UNPACKING pc=0x0000024995698582 sp=0x000000d5cc8fe360 mode 2
Event: 14.161 Thread 0x00000249aa9587d0 Uncommon trap: trap_request=0xffffff45 fr.pc=0x0000024995e2099c relative=0x000000000000011c
Event: 14.161 Thread 0x00000249aa9587d0 Uncommon trap: reason=unstable_if action=reinterpret pc=0x0000024995e2099c method=com.android.tools.r8.internal.bk4.a(Lcom/android/tools/r8/graph/v3;Lcom/android/tools/r8/graph/n6;)Z @ 29 c2
Event: 14.161 Thread 0x00000249aa9587d0 DEOPT PACKING pc=0x0000024995e2099c sp=0x000000d5cc6feab0
Event: 14.161 Thread 0x00000249aa9587d0 DEOPT UNPACKING pc=0x0000024995698582 sp=0x000000d5cc6fe9d0 mode 2
Event: 14.161 Thread 0x00000249aa9587d0 Uncommon trap: trap_request=0xffffff45 fr.pc=0x0000024995d934f4 relative=0x0000000000000074
Event: 14.161 Thread 0x00000249aa9587d0 Uncommon trap: reason=unstable_if action=reinterpret pc=0x0000024995d934f4 method=com.android.tools.r8.internal.bk4.a(Lcom/android/tools/r8/graph/v3;Lcom/android/tools/r8/graph/n6;)Z @ 29 c2
Event: 14.161 Thread 0x00000249aa9587d0 DEOPT PACKING pc=0x0000024995d934f4 sp=0x000000d5cc6fe800
Event: 14.161 Thread 0x00000249aa9587d0 DEOPT UNPACKING pc=0x0000024995698582 sp=0x000000d5cc6fe788 mode 2
Event: 14.161 Thread 0x00000249aa961470 Uncommon trap: trap_request=0xffffff45 fr.pc=0x0000024995c06bcc relative=0x00000000000001cc
Event: 14.161 Thread 0x00000249aa961470 Uncommon trap: reason=unstable_if action=reinterpret pc=0x0000024995c06bcc method=com.android.tools.r8.internal.bk4.b(Lcom/android/tools/r8/graph/v3;Lcom/android/tools/r8/graph/n6;)Z @ 29 c2
Event: 14.161 Thread 0x00000249aa961470 DEOPT PACKING pc=0x0000024995c06bcc sp=0x000000d5ccffe7f0
Event: 14.161 Thread 0x00000249aa961470 DEOPT UNPACKING pc=0x0000024995698582 sp=0x000000d5ccffe710 mode 2
Event: 14.161 Thread 0x00000249aa961470 Uncommon trap: trap_request=0xffffff45 fr.pc=0x0000024995c50b74 relative=0x0000000000000074
Event: 14.161 Thread 0x00000249aa961470 Uncommon trap: reason=unstable_if action=reinterpret pc=0x0000024995c50b74 method=com.android.tools.r8.internal.bk4.b(Lcom/android/tools/r8/graph/v3;Lcom/android/tools/r8/graph/n6;)Z @ 29 c2
Event: 14.161 Thread 0x00000249aa961470 DEOPT PACKING pc=0x0000024995c50b74 sp=0x000000d5ccffe770
Event: 14.161 Thread 0x00000249aa961470 DEOPT UNPACKING pc=0x0000024995698582 sp=0x000000d5ccffe708 mode 2

Classes loaded (20 events):
Event: 13.276 Loading class sun/misc/Unsafe$MemoryAccessOption
Event: 13.276 Loading class sun/misc/Unsafe$MemoryAccessOption done
Event: 13.281 Loading class sun/misc/Unsafe$StackWalkerHolder
Event: 13.281 Loading class sun/misc/Unsafe$StackWalkerHolder done
Event: 13.281 Loading class java/lang/StackWalker$Option
Event: 13.281 Loading class java/lang/StackWalker$Option done
Event: 13.283 Loading class java/lang/StackStreamFactory
Event: 13.283 Loading class java/lang/StackStreamFactory done
Event: 13.284 Loading class java/lang/StackWalker$ExtendedOption
Event: 13.284 Loading class java/lang/StackWalker$ExtendedOption done
Event: 13.284 Loading class java/lang/StackStreamFactory$StackFrameTraverser
Event: 13.285 Loading class java/lang/StackStreamFactory$StackFrameTraverser done
Event: 13.285 Loading class java/lang/StackStreamFactory$WalkerState
Event: 13.285 Loading class java/lang/StackStreamFactory$WalkerState done
Event: 13.286 Loading class java/lang/StackStreamFactory$StackFrameBuffer
Event: 13.286 Loading class java/lang/StackStreamFactory$FrameBuffer
Event: 13.286 Loading class java/lang/StackStreamFactory$FrameBuffer done
Event: 13.286 Loading class java/lang/StackStreamFactory$StackFrameBuffer done
Event: 14.068 Loading class java/util/concurrent/CountedCompleter
Event: 14.110 Loading class java/util/concurrent/CountedCompleter done

Classes unloaded (11 events):
Event: 13.230 Thread 0x00000249a2b200c0 Unloading class 0x0000000026ab8800 'java/lang/invoke/LambdaForm$DMH+0x0000000026ab8800'
Event: 13.230 Thread 0x00000249a2b200c0 Unloading class 0x0000000026ab8400 'java/lang/invoke/LambdaForm$DMH+0x0000000026ab8400'
Event: 13.230 Thread 0x00000249a2b200c0 Unloading class 0x0000000026ab8c00 'java/lang/invoke/LambdaForm$DMH+0x0000000026ab8c00'
Event: 13.230 Thread 0x00000249a2b200c0 Unloading class 0x0000000026a9c400 'java/lang/invoke/LambdaForm$DMH+0x0000000026a9c400'
Event: 14.088 Thread 0x00000249a2b200c0 Unloading class 0x0000000026ca8c00 'java/lang/invoke/LambdaForm$DMH+0x0000000026ca8c00'
Event: 14.088 Thread 0x00000249a2b200c0 Unloading class 0x0000000026ca8400 'java/lang/invoke/LambdaForm$DMH+0x0000000026ca8400'
Event: 14.088 Thread 0x00000249a2b200c0 Unloading class 0x0000000026ca8800 'java/lang/invoke/LambdaForm$DMH+0x0000000026ca8800'
Event: 14.088 Thread 0x00000249a2b200c0 Unloading class 0x0000000026c8c800 'java/lang/invoke/LambdaForm$DMH+0x0000000026c8c800'
Event: 14.088 Thread 0x00000249a2b200c0 Unloading class 0x0000000026c8c400 'java/lang/invoke/LambdaForm$DMH+0x0000000026c8c400'
Event: 14.088 Thread 0x00000249a2b200c0 Unloading class 0x0000000026c84800 'java/lang/invoke/LambdaForm$DMH+0x0000000026c84800'
Event: 14.088 Thread 0x00000249a2b200c0 Unloading class 0x0000000026c84000 'java/lang/invoke/LambdaForm$DMH+0x0000000026c84000'

Classes redefined (0 events):
No events

Internal exceptions (20 events):
Event: 14.015 Thread 0x00000249ab5404b0 Exception <a 'sun/nio/fs/WindowsException'{0x00000000891e7658}> (0x00000000891e7658) 
thrown [s\src\hotspot\share\prims\jni.cpp, line 535]
Event: 14.016 Thread 0x00000249ab5404b0 Exception <a 'sun/nio/fs/WindowsException'{0x0000000089071090}> (0x0000000089071090) 
thrown [s\src\hotspot\share\prims\jni.cpp, line 535]
Event: 14.017 Thread 0x00000249ab5404b0 Exception <a 'sun/nio/fs/WindowsException'{0x00000000890b3150}> (0x00000000890b3150) 
thrown [s\src\hotspot\share\prims\jni.cpp, line 535]
Event: 14.018 Thread 0x00000249ab5404b0 Exception <a 'sun/nio/fs/WindowsException'{0x00000000890f5aa8}> (0x00000000890f5aa8) 
thrown [s\src\hotspot\share\prims\jni.cpp, line 535]
Event: 14.020 Thread 0x00000249ab5404b0 Exception <a 'sun/nio/fs/WindowsException'{0x0000000088e1af48}> (0x0000000088e1af48) 
thrown [s\src\hotspot\share\prims\jni.cpp, line 535]
Event: 14.023 Thread 0x00000249ab5404b0 Exception <a 'sun/nio/fs/WindowsException'{0x0000000088ec3e20}> (0x0000000088ec3e20) 
thrown [s\src\hotspot\share\prims\jni.cpp, line 535]
Event: 14.026 Thread 0x00000249ab5404b0 Exception <a 'sun/nio/fs/WindowsException'{0x0000000088db0938}> (0x0000000088db0938) 
thrown [s\src\hotspot\share\prims\jni.cpp, line 535]
Event: 14.028 Thread 0x00000249ab5404b0 Exception <a 'sun/nio/fs/WindowsException'{0x0000000088c923f8}> (0x0000000088c923f8) 
thrown [s\src\hotspot\share\prims\jni.cpp, line 535]
Event: 14.030 Thread 0x00000249ab5404b0 Exception <a 'sun/nio/fs/WindowsException'{0x0000000088ceec58}> (0x0000000088ceec58) 
thrown [s\src\hotspot\share\prims\jni.cpp, line 535]
Event: 14.032 Thread 0x00000249ab5404b0 Exception <a 'sun/nio/fs/WindowsException'{0x0000000088a03f78}> (0x0000000088a03f78) 
thrown [s\src\hotspot\share\prims\jni.cpp, line 535]
Event: 14.113 Thread 0x00000249ab5404b0 Exception <a 'sun/nio/fs/WindowsException'{0x000000008e311cc0}> (0x000000008e311cc0) 
thrown [s\src\hotspot\share\prims\jni.cpp, line 535]
Event: 14.115 Thread 0x00000249ab5404b0 Exception <a 'sun/nio/fs/WindowsException'{0x000000008e3f7358}> (0x000000008e3f7358) 
thrown [s\src\hotspot\share\prims\jni.cpp, line 535]
Event: 14.116 Thread 0x00000249ab5404b0 Exception <a 'sun/nio/fs/WindowsException'{0x000000008e265b40}> (0x000000008e265b40) 
thrown [s\src\hotspot\share\prims\jni.cpp, line 535]
Event: 14.118 Thread 0x00000249ab5404b0 Exception <a 'sun/nio/fs/WindowsException'{0x000000008e2f52f0}> (0x000000008e2f52f0) 
thrown [s\src\hotspot\share\prims\jni.cpp, line 535]
Event: 14.124 Thread 0x00000249ab5404b0 Exception <a 'sun/nio/fs/WindowsException'{0x000000008df0f790}> (0x000000008df0f790) 
thrown [s\src\hotspot\share\prims\jni.cpp, line 535]
Event: 14.127 Thread 0x00000249ab5404b0 Exception <a 'sun/nio/fs/WindowsException'{0x000000008de07460}> (0x000000008de07460) 
thrown [s\src\hotspot\share\prims\jni.cpp, line 535]
Event: 14.129 Thread 0x00000249ab5404b0 Exception <a 'sun/nio/fs/WindowsException'{0x000000008dd2acd0}> (0x000000008dd2acd0) 
thrown [s\src\hotspot\share\prims\jni.cpp, line 535]
Event: 14.131 Thread 0x00000249ab5404b0 Exception <a 'sun/nio/fs/WindowsException'{0x000000008ddf6070}> (0x000000008ddf6070) 
thrown [s\src\hotspot\share\prims\jni.cpp, line 535]
Event: 14.134 Thread 0x00000249ab5404b0 Exception <a 'sun/nio/fs/WindowsException'{0x000000008dccdc40}> (0x000000008dccdc40) 
thrown [s\src\hotspot\share\prims\jni.cpp, line 535]
Event: 14.136 Thread 0x00000249ab5404b0 Exception <a 'sun/nio/fs/WindowsException'{0x000000008dbc7898}> (0x000000008dbc7898) 
thrown [s\src\hotspot\share\prims\jni.cpp, line 535]

VM Operations (20 events):
Event: 13.160 Executing safepoint VM operation: G1CollectForAllocation (G1 Evacuation Pause) done
Event: 13.229 Executing safepoint VM operation: G1PauseRemark
Event: 13.245 Executing safepoint VM operation: G1PauseRemark done
Event: 13.253 Executing non-safepoint VM operation: HandshakeAllThreads (Deoptimize)
Event: 13.256 Executing non-safepoint VM operation: HandshakeAllThreads (Deoptimize) done
Event: 13.276 Executing safepoint VM operation: G1PauseCleanup
Event: 13.277 Executing safepoint VM operation: G1PauseCleanup done
Event: 13.435 Executing safepoint VM operation: G1CollectForAllocation (G1 Evacuation Pause)
Event: 13.446 Executing safepoint VM operation: G1CollectForAllocation (G1 Evacuation Pause) done
Event: 13.598 Executing safepoint VM operation: G1CollectForAllocation (G1 Evacuation Pause)
Event: 13.615 Executing safepoint VM operation: G1CollectForAllocation (G1 Evacuation Pause) done
Event: 13.787 Executing safepoint VM operation: G1CollectForAllocation (G1 Evacuation Pause)
Event: 13.811 Executing safepoint VM operation: G1CollectForAllocation (G1 Evacuation Pause) done
Event: 13.912 Executing safepoint VM operation: G1CollectForAllocation (G1 Evacuation Pause)
Event: 13.937 Executing safepoint VM operation: G1CollectForAllocation (G1 Evacuation Pause) done
Event: 14.036 Executing safepoint VM operation: G1CollectForAllocation (G1 Evacuation Pause)
Event: 14.059 Executing safepoint VM operation: G1CollectForAllocation (G1 Evacuation Pause) done
Event: 14.085 Executing safepoint VM operation: G1PauseRemark
Event: 14.104 Executing safepoint VM operation: G1PauseRemark done
Event: 14.166 Executing safepoint VM operation: G1CollectForAllocation (G1 Evacuation Pause)

Memory protections (0 events):
No events

Nmethod flushes (20 events):
Event: 14.102 Thread 0x00000249a2b200c0 flushing  nmethod 0x000002498ebc6608
Event: 14.102 Thread 0x00000249a2b200c0 flushing  nmethod 0x0000024995b88508
Event: 14.102 Thread 0x00000249a2b200c0 flushing  nmethod 0x0000024995e41108
Event: 14.102 Thread 0x00000249a2b200c0 flushing  nmethod 0x000002498e1a3408
Event: 14.102 Thread 0x00000249a2b200c0 flushing  nmethod 0x000002498e1a3708
Event: 14.102 Thread 0x00000249a2b200c0 flushing  nmethod 0x000002498e1a3b08
Event: 14.102 Thread 0x00000249a2b200c0 flushing  nmethod 0x000002498e1a3e08
Event: 14.102 Thread 0x00000249a2b200c0 flushing  nmethod 0x000002498e1a4688
Event: 14.102 Thread 0x00000249a2b200c0 flushing  nmethod 0x000002498e2b8e88
Event: 14.102 Thread 0x00000249a2b200c0 flushing  nmethod 0x000002498e2b9b08
Event: 14.102 Thread 0x00000249a2b200c0 flushing  nmethod 0x000002498e300308
Event: 14.102 Thread 0x00000249a2b200c0 flushing  nmethod 0x000002498e43ec08
Event: 14.102 Thread 0x00000249a2b200c0 flushing  nmethod 0x000002498e6b6888
Event: 14.102 Thread 0x00000249a2b200c0 flushing  nmethod 0x000002498e93b388
Event: 14.102 Thread 0x00000249a2b200c0 flushing  nmethod 0x000002498e981408
Event: 14.102 Thread 0x00000249a2b200c0 flushing  nmethod 0x000002498e986088
Event: 14.102 Thread 0x00000249a2b200c0 flushing  nmethod 0x000002498e9b9988
Event: 14.102 Thread 0x00000249a2b200c0 flushing  nmethod 0x000002498e9ba488
Event: 14.102 Thread 0x00000249a2b200c0 flushing  nmethod 0x000002498e9bb108
Event: 14.102 Thread 0x00000249a2b200c0 flushing  nmethod 0x000002498ea17b88

Events (20 events):
Event: 10.615 Thread 0x00000249ab0ac3d0 Thread added: 0x00000249ab540c80
Event: 10.616 Thread 0x00000249ab9e8dc0 Thread added: 0x00000249ab541450
Event: 10.617 Thread 0x00000249ab0acba0 Thread added: 0x00000249ab5423f0
Event: 10.617 Thread 0x00000249ab9e9d60 Thread added: 0x00000249ab543390
Event: 10.623 Thread 0x00000249ab0acba0 Thread added: 0x00000249ac9e9a40
Event: 10.623 Thread 0x00000249ab0ac3d0 Thread added: 0x00000249ac9e7330
Event: 10.629 Thread 0x00000249ab9e9d60 Thread added: 0x00000249ac9e7b00
Event: 12.475 Thread 0x00000249ab0ae310 Thread added: 0x00000249ac9ed8c0
Event: 13.027 Thread 0x00000249ab9e9590 Thread added: 0x00000249aa95a710
Event: 13.028 Thread 0x00000249ab9e9590 Thread added: 0x00000249aa9587d0
Event: 13.028 Thread 0x00000249aa95a710 Thread added: 0x00000249aa959f40
Event: 13.028 Thread 0x00000249aa9587d0 Thread added: 0x00000249aa957060
Event: 13.030 Thread 0x00000249aa959f40 Thread added: 0x00000249aa957830
Event: 13.030 Thread 0x00000249aa957060 Thread added: 0x00000249aa95b6b0
Event: 13.031 Thread 0x00000249aa957830 Thread added: 0x00000249aa95ed60
Event: 13.032 Thread 0x00000249aa95b6b0 Thread added: 0x00000249aa95e590
Event: 13.032 Thread 0x00000249aa95ed60 Thread added: 0x00000249aa95ce20
Event: 13.035 Thread 0x00000249aa95e590 Thread added: 0x00000249aa9604d0
Event: 13.035 Thread 0x00000249aa95ce20 Thread added: 0x00000249aa961470
Event: 13.035 Thread 0x00000249aa9604d0 Thread added: 0x00000249aa961c40


Dynamic libraries:
0x00007ff6d7960000 - 0x00007ff6d796a000 	C:\Program Files\Android\Android Studio\jbr\bin\java.exe
0x00007ffcd8da0000 - 0x00007ffcd9006000 	C:\windows\SYSTEM32\ntdll.dll
0x00007ffcd6e60000 - 0x00007ffcd6f29000 	C:\windows\System32\KERNEL32.DLL
0x00007ffcd6290000 - 0x00007ffcd668f000 	C:\windows\System32\KERNELBASE.dll
0x00007ffcd6940000 - 0x00007ffcd6a8c000 	C:\windows\System32\ucrtbase.dll
0x00007ffcc4680000 - 0x00007ffcc469b000 	C:\Program Files\Android\Android Studio\jbr\bin\VCRUNTIME140.dll
0x00007ffcbe480000 - 0x00007ffcbe496000 	C:\Program Files\Android\Android Studio\jbr\bin\jli.dll
0x00007ffcd6c80000 - 0x00007ffcd6e46000 	C:\windows\System32\USER32.dll
0x00007ffcb11f0000 - 0x00007ffcb1481000 	C:\windows\WinSxS\amd64_microsoft.windows.common-controls_6595b64144ccf1df_6.0.26100.8972_none_3e0da176e32f9d4b\COMCTL32.dll
0x00007ffcd6aa0000 - 0x00007ffcd6ac7000 	C:\windows\System32\win32u.dll
0x00007ffcd7b70000 - 0x00007ffcd7c19000 	C:\windows\System32\msvcrt.dll
0x00007ffcd8120000 - 0x00007ffcd814b000 	C:\windows\System32\GDI32.dll
0x00007ffcd6810000 - 0x00007ffcd6939000 	C:\windows\System32\gdi32full.dll
0x00007ffcd66a0000 - 0x00007ffcd6743000 	C:\windows\System32\msvcp_win.dll
0x00007ffcd8150000 - 0x00007ffcd8182000 	C:\windows\System32\IMM32.DLL
0x00007ffccf040000 - 0x00007ffccf04c000 	C:\Program Files\Android\Android Studio\jbr\bin\vcruntime140_1.dll
0x00007ffcb2730000 - 0x00007ffcb27bd000 	C:\Program Files\Android\Android Studio\jbr\bin\msvcp140.dll
0x00007ffc1e7f0000 - 0x00007ffc1f6ca000 	C:\Program Files\Android\Android Studio\jbr\bin\server\jvm.dll
0x00007ffcd8c00000 - 0x00007ffcd8cbc000 	C:\windows\System32\ADVAPI32.dll
0x00007ffcd8870000 - 0x00007ffcd891a000 	C:\windows\System32\sechost.dll
0x00007ffcd8a90000 - 0x00007ffcd8ba8000 	C:\windows\System32\RPCRT4.dll
0x00007ffcd8cd0000 - 0x00007ffcd8d52000 	C:\windows\System32\WS2_32.dll
0x00007ffcd5e30000 - 0x00007ffcd5e8e000 	C:\windows\SYSTEM32\POWRPROF.dll
0x00007ffcce620000 - 0x00007ffcce656000 	C:\windows\SYSTEM32\WINMM.dll
0x00007ffccdcc0000 - 0x00007ffccdccb000 	C:\windows\SYSTEM32\VERSION.dll
0x00007ffcd5e10000 - 0x00007ffcd5e25000 	C:\windows\SYSTEM32\UMPDC.dll
0x00007ffcd4c60000 - 0x00007ffcd4c7b000 	C:\windows\SYSTEM32\kernel.appcore.dll
0x00007ffcce6f0000 - 0x00007ffcce6fa000 	C:\Program Files\Android\Android Studio\jbr\bin\jimage.dll
0x00007ffcd3690000 - 0x00007ffcd38d2000 	C:\windows\SYSTEM32\DBGHELP.DLL
0x00007ffcd7d20000 - 0x00007ffcd80a5000 	C:\windows\System32\combase.dll
0x00007ffcd8650000 - 0x00007ffcd8729000 	C:\windows\System32\OLEAUT32.dll
0x00007ffcb2460000 - 0x00007ffcb249b000 	C:\windows\SYSTEM32\dbgcore.DLL
0x00007ffcd5fb0000 - 0x00007ffcd605c000 	C:\windows\System32\bcryptPrimitives.dll
0x00007ffcbd7b0000 - 0x00007ffcbd7be000 	C:\Program Files\Android\Android Studio\jbr\bin\instrument.dll
0x00007ffcc4630000 - 0x00007ffcc464f000 	C:\Program Files\Android\Android Studio\jbr\bin\java.dll
0x00007ffcd79d0000 - 0x00007ffcd7b69000 	C:\windows\System32\ole32.dll
0x00007ffcd7240000 - 0x00007ffcd79c8000 	C:\windows\System32\SHELL32.dll
0x00007ffcbe7e0000 - 0x00007ffcbe7f7000 	C:\Program Files\Android\Android Studio\jbr\bin\zip.dll
0x00007ffcd38e0000 - 0x00007ffcd417b000 	C:\windows\SYSTEM32\windows.storage.dll
0x00007ffcd7c20000 - 0x00007ffcd7d19000 	C:\windows\System32\SHCORE.dll
0x00007ffcd80b0000 - 0x00007ffcd8116000 	C:\windows\System32\shlwapi.dll
0x00007ffcd5ed0000 - 0x00007ffcd5ef9000 	C:\windows\SYSTEM32\profapi.dll
0x00007ffcce670000 - 0x00007ffcce680000 	C:\Program Files\Android\Android Studio\jbr\bin\net.dll
0x00007ffcd51f0000 - 0x00007ffcd525c000 	C:\windows\system32\mswsock.dll
0x00007ffcbe630000 - 0x00007ffcbe646000 	C:\Program Files\Android\Android Studio\jbr\bin\nio.dll
0x00007ffcbe620000 - 0x00007ffcbe630000 	C:\Program Files\Android\Android Studio\jbr\bin\verify.dll
0x00007ffcbd5c0000 - 0x00007ffcbd5e7000 	C:\Users\Aluno\.gradle\native\660c5614fbf4a5f2a75b1949f50a0caf5cd603558e7d8a26e50b933a0cfb79d1\windows-amd64\native-platform.dll
0x00007ffcac7d0000 - 0x00007ffcac847000 	C:\Users\Aluno\.gradle\native\0.2.8\x86_64-windows-gnu\gradle-fileevents.dll
0x00007ffcc4dc0000 - 0x00007ffcc4dc9000 	C:\Program Files\Android\Android Studio\jbr\bin\management.dll
0x00007ffcc4620000 - 0x00007ffcc462b000 	C:\Program Files\Android\Android Studio\jbr\bin\management_ext.dll
0x00007ffcd6e50000 - 0x00007ffcd6e58000 	C:\windows\System32\PSAPI.DLL
0x00007ffcd4660000 - 0x00007ffcd4693000 	C:\windows\SYSTEM32\IPHLPAPI.DLL
0x00007ffcd6b30000 - 0x00007ffcd6b3a000 	C:\windows\System32\NSI.dll
0x00007ffcc5fb0000 - 0x00007ffcc5fb9000 	C:\Program Files\Android\Android Studio\jbr\bin\extnet.dll
0x00007ffcd5610000 - 0x00007ffcd562b000 	C:\windows\SYSTEM32\CRYPTSP.dll
0x00007ffcd4bc0000 - 0x00007ffcd4bf9000 	C:\windows\system32\rsaenh.dll
0x00007ffcd52a0000 - 0x00007ffcd52d2000 	C:\windows\SYSTEM32\USERENV.dll
0x00007ffcd5ea0000 - 0x00007ffcd5eca000 	C:\windows\SYSTEM32\bcrypt.dll
0x00007ffcd55e0000 - 0x00007ffcd55ec000 	C:\windows\SYSTEM32\CRYPTBASE.dll
0x00007ffca4b50000 - 0x00007ffca4b58000 	C:\windows\system32\wshunix.dll

JVMTI agents:
C:\Users\Aluno\.gradle\wrapper\dists\gradle-9.5.0-bin\bvnork1r7n8i6kp5cnkibsc9q\gradle-9.5.0\lib\agents\gradle-instrumentation-agent-9.5.0.jar path:C:\Program Files\Android\Android Studio\jbr\bin\instrument.dll, loaded, initialized, instrumentlib options:none

dbghelp: loaded successfully - version: 4.0.5 - missing functions: none
symbol engine: initialized successfully - sym options: 0x614 - pdb path: .;C:\Program Files\Android\Android Studio\jbr\bin;C:\windows\SYSTEM32;C:\windows\WinSxS\amd64_microsoft.windows.common-controls_6595b64144ccf1df_6.0.26100.8972_none_3e0da176e32f9d4b;C:\Program Files\Android\Android Studio\jbr\bin\server;C:\Users\Aluno\.gradle\native\660c5614fbf4a5f2a75b1949f50a0caf5cd603558e7d8a26e50b933a0cfb79d1\windows-amd64;C:\Users\Aluno\.gradle\native\0.2.8\x86_64-windows-gnu

VM Arguments:
jvm_args: --add-opens=java.base/java.lang=ALL-UNNAMED --add-opens=java.base/java.lang.invoke=ALL-UNNAMED --add-opens=java.base/java.util=ALL-UNNAMED --add-opens=java.prefs/java.util.prefs=ALL-UNNAMED --add-exports=jdk.compiler/com.sun.tools.javac.api=ALL-UNNAMED --add-exports=jdk.compiler/com.sun.tools.javac.util=ALL-UNNAMED --add-opens=java.base/java.nio.charset=ALL-UNNAMED --add-opens=java.base/java.net=ALL-UNNAMED --add-opens=java.base/java.util.concurrent=ALL-UNNAMED --add-opens=java.base/java.util.concurrent.atomic=ALL-UNNAMED --add-opens=java.xml/javax.xml.namespace=ALL-UNNAMED --add-opens=java.base/java.time=ALL-UNNAMED --enable-native-access=ALL-UNNAMED -Xmx2048m -Dfile.encoding=UTF-8 -Duser.country=BR -Duser.language=pt -Duser.variant -javaagent:C:\Users\Aluno\.gradle\wrapper\dists\gradle-9.5.0-bin\bvnork1r7n8i6kp5cnkibsc9q\gradle-9.5.0\lib\agents\gradle-instrumentation-agent-9.5.0.jar 
java_command: org.gradle.launcher.daemon.bootstrap.GradleDaemon 9.5.0
java_class_path (initial): C:\Users\Aluno\.gradle\wrapper\dists\gradle-9.5.0-bin\bvnork1r7n8i6kp5cnkibsc9q\gradle-9.5.0\lib\gradle-daemon-main-9.5.0.jar
Launcher Type: SUN_STANDARD

[Global flags]
     intx CICompilerCount                          = 4                                         {product} {ergonomic}
     uint ConcGCThreads                            = 3                                         {product} {ergonomic}
     uint G1ConcRefinementThreads                  = 10                                        {product} {ergonomic}
   size_t G1HeapRegionSize                         = 1048576                                   {product} {ergonomic}
   size_t InitialHeapSize                          = 264241152                                 {product} {ergonomic}
   size_t MarkStackSize                            = 4194304                                   {product} {ergonomic}
   size_t MarkStackSizeMax                         = 536870912                                 {product} {ergonomic}
   size_t MaxHeapSize                              = 2147483648                                {product} {command line}
   size_t MaxNewSize                               = 1287651328                                {product} {ergonomic}
   size_t MinHeapDeltaBytes                        = 1048576                                   {product} {ergonomic}
   size_t MinHeapSize                              = 8388608                                   {product} {ergonomic}
    uintx NonNMethodCodeHeapSize                   = 5832704                                {pd product} {ergonomic}
    uintx NonProfiledCodeHeapSize                  = 122945536                              {pd product} {ergonomic}
     bool PerfDisableSharedMem                     = true                                      {product} {ergonomic}
    uintx ProfiledCodeHeapSize                     = 122880000                              {pd product} {ergonomic}
    uintx ReservedCodeCacheSize                    = 251658240                              {pd product} {ergonomic}
     bool SegmentedCodeCache                       = true                                      {product} {ergonomic}
   size_t SoftMaxHeapSize                          = 2147483648                             {manageable} {ergonomic}
     bool UseCompressedOops                        = true                           {product lp64_product} {ergonomic}
     bool UseG1GC                                  = true                                      {product} {ergonomic}
     bool UseLargePagesIndividualAllocation        = false                                  {pd product} {ergonomic}

Logging:
Log output configuration:
 #0: stdout all=warning uptime,level,tags foldmultilines=false
 #1: stderr all=off uptime,level,tags foldmultilines=false

Release file:
JAVA_VERSION="25.0.2" 
MODULES="java.base java.compiler java.datatransfer java.xml java.prefs java.desktop java.instrument java.logging java.management java.security.sasl java.naming java.rmi java.management.rmi java.net.http java.scripting java.security.jgss java.transaction.xa java.sql java.sql.rowset java.xml.crypto java.se java.smartcardio jdk.accessibility jdk.internal.jvmstat jdk.attach jdk.charsets jdk.internal.opt jdk.zipfs jdk.compiler jdk.crypto.cryptoki jdk.crypto.ec jdk.dynalink jdk.hotspot.agent jdk.httpserver jdk.internal.ed jdk.internal.le jdk.internal.md jdk.internal.vm.ci jdk.jartool jdk.javadoc jdk.jcmd jdk.jdeps jdk.jdwp.agent jdk.jdi jdk.jfr jdk.jlink jdk.localedata jdk.management jdk.management.agent jdk.management.jfr jdk.naming.dns jdk.naming.rmi jdk.net jdk.sctp jdk.security.auth jdk.security.jgss jdk.unsupported jdk.unsupported.desktop jdk.xml.dom" 
IMPLEMENTOR="JetBrains s.r.o." 
JAVA_RUNTIME_VERSION="25.0.2+-15348964-b329.117" 
LIBC="default" 
OS_ARCH="x86_64" 
OS_NAME="Windows" 
SOURCE=".:git:3cf398e84a39" 

Environment Variables:
PATH=C:\Program Files\Microsoft SDKs\Azure\CLI2\wbin;C:\Program Files (x86)\Common Files\Oracle\Java\java8path;C:\Program Files (x86)\Common Files\Oracle\Java\javapath;C:\windows\system32;C:\windows;C:\windows\System32\Wbem;C:\windows\System32\WindowsPowerShell\v1.0\;C:\windows\System32\OpenSSH\;C:\Program Files\Microsoft SQL Server\150\Tools\Binn\;C:\Program Files\Microsoft SQL Server\Client SDK\ODBC\170\Tools\Binn\;C:\Program Files\dotnet\;C:\Program Files (x86)\Microsoft SQL Server\160\Tools\Binn\;C:\Program Files\Microsoft SQL Server\160\Tools\Binn\;C:\Program Files\Microsoft SQL Server\160\DTS\Binn\;C:\Program Files\Git\cmd;C:\Program Files\Docker\Docker\resources\bin;C:\Program Files\nodejs\;C:\Users\Aluno\AppData\Local\Programs\Python\Python314\Scripts\;C:\Users\Aluno\AppData\Local\Programs\Python\Python314\;C:\Users\Aluno\AppData\Local\Microsoft\WindowsApps;C:\Users\Aluno\AppData\Local\Programs\Microsoft VS Code\bin;C:\Users\Aluno\.dotnet\tools;C:\Users\Aluno\AppData\Roaming\npm
USERNAME=Aluno
OS=Windows_NT
PROCESSOR_IDENTIFIER=Intel64 Family 6 Model 186 Stepping 3, GenuineIntel
TMP=C:\Users\Aluno\AppData\Local\Temp
TEMP=C:\Users\Aluno\AppData\Local\Temp




Compilation memory statistics disabled.

Periodic native trim disabled

JNI global refs:
JNI global refs: 25, weak refs: 53

JNI global refs memory usage: 835, weak refs: 833

Process memory usage:
Resident Set Size: 461416K (2% of 16400672K total physical memory with 561320K free physical memory)

OOME stack traces (most recent first):
Classloader memory used:
Loader org.gradle.internal.classloader.VisitableURLClassLoader                         : 36465 K
Loader bootstrap                                                                       : 25223 K
Loader org.gradle.internal.classloader.VisitableURLClassLoader$InstrumentingVisitableURLClassLoader: 15398 K
Loader org.gradle.initialization.MixInLegacyTypesClassLoader                           : 9137 K
Loader jdk.internal.loader.ClassLoaders$AppClassLoader                                 : 188 K
Loader jdk.internal.loader.ClassLoaders$PlatformClassLoader                            : 156 K
Loader java.net.URLClassLoader                                                         : 24624 B

Classes loaded by more than one classloader:
Class com.google.common.collect.RegularImmutableMap$KeySet                            : loaded 2 times (x 154B)
Class com.google.common.base.PairwiseEquivalence                                      : loaded 2 times (x 85B)
Class com.google.common.base.Equivalence$Identity                                     : loaded 2 times (x 84B)
Class org.gradle.internal.classloader.FilteringClassLoader                            : loaded 2 times (x 106B)
Class [Lcom.google.common.base.AbstractIterator$State;                                : loaded 2 times (x 71B)
Class com.google.common.base.CharMatcher$IsEither                                     : loaded 2 times (x 113B)
Class org.gradle.internal.classloader.ClassLoaderHierarchy                            : loaded 2 times (x 72B)
Class com.google.common.collect.ImmutableList$1                                       : loaded 2 times (x 99B)
Class com.google.common.collect.ImmutableEnumSet                                      : loaded 2 times (x 148B)
Class com.google.common.util.concurrent.ExecutionError                                : loaded 2 times (x 84B)
Class com.google.common.collect.AbstractMapBasedMultimap$WrappedCollection            : loaded 2 times (x 126B)
Class com.google.common.io.ByteArrayDataOutput                                        : loaded 2 times (x 72B)
Class com.google.common.collect.RegularImmutableMap                                   : loaded 2 times (x 122B)
Class com.google.common.collect.ImmutableMap$MapViewOfValuesAsSingletonSets           : loaded 2 times (x 128B)
Class com.google.common.collect.UnmodifiableListIterator                              : loaded 2 times (x 97B)
Class com.google.common.base.Platform$JdkPatternCompiler                              : loaded 2 times (x 77B)
Class [Lcom.google.common.cache.CacheBuilder$OneWeigher;                              : loaded 2 times (x 71B)
Class com.google.common.base.Suppliers                                                : loaded 2 times (x 73B)
Class org.gradle.internal.classloader.DefaultClassLoaderFactory                       : loaded 2 times (x 84B)
Class com.google.common.base.CharMatcher$None                                         : loaded 2 times (x 114B)
Class [Lcom.google.common.collect.ImmutableMapEntry;                                  : loaded 2 times (x 71B)
Class com.google.common.collect.ImmutableEnumMap                                      : loaded 2 times (x 128B)
Class com.google.common.collect.ListMultimap                                          : loaded 2 times (x 72B)
Class com.google.common.collect.Sets$1                                                : loaded 2 times (x 143B)
Class com.google.common.base.Splitter                                                 : loaded 2 times (x 74B)
Class org.gradle.api.internal.DefaultClassPathProvider                                : loaded 2 times (x 78B)
Class com.google.common.collect.Maps$ViewCachingAbstractMap                           : loaded 2 times (x 127B)
Class com.google.common.collect.Sets$2                                                : loaded 2 times (x 143B)
Class [Lorg.gradle.api.internal.ClassPathProvider;                                    : loaded 2 times (x 71B)
Class org.gradle.api.internal.ClassPathProvider                                       : loaded 2 times (x 72B)
Class com.google.common.collect.Sets$3                                                : loaded 2 times (x 143B)
Class com.google.common.base.AbstractIterator$State                                   : loaded 2 times (x 81B)
Class com.google.common.cache.LocalCache$LocalLoadingCache                            : loaded 2 times (x 136B)
Class org.gradle.internal.service.UnknownServiceException                             : loaded 2 times (x 85B)
Class com.google.common.io.ByteArrayDataInput                                         : loaded 2 times (x 72B)
Class com.google.common.collect.Sets$4                                                : loaded 2 times (x 143B)
Class com.google.common.cache.LocalCache$Strength$1                                   : loaded 2 times (x 83B)
Class com.google.common.cache.LocalCache$Strength$2                                   : loaded 2 times (x 83B)
Class com.google.common.collect.TransformedIterator                                   : loaded 2 times (x 82B)
Class com.google.common.io.ByteStreams                                                : loaded 2 times (x 73B)
Class com.google.common.base.Splitter$1                                               : loaded 2 times (x 79B)
Class com.google.common.cache.LocalCache$Strength$3                                   : loaded 2 times (x 83B)
Class com.google.common.collect.MapDifference                                         : loaded 2 times (x 72B)
Class com.google.common.cache.CacheBuilder$NullListener                               : loaded 2 times (x 84B)
Class org.gradle.internal.classpath.TransformedClassPath                              : loaded 2 times (x 98B)
Class org.gradle.internal.classloader.InstrumentingClassLoader                        : loaded 2 times (x 72B)
Class com.google.common.cache.CacheLoader$FunctionToCacheLoader                       : loaded 2 times (x 77B)
Class com.google.common.collect.Iterators$ArrayItr                                    : loaded 2 times (x 99B)
Class com.google.common.collect.ImmutableCollection$Builder                           : loaded 2 times (x 78B)
Class com.google.common.base.Joiner                                                   : loaded 2 times (x 82B)
Class com.google.common.base.MoreObjects                                              : loaded 2 times (x 73B)
Class com.google.common.collect.Platform                                              : loaded 2 times (x 73B)
Class com.google.common.collect.UnmodifiableIterator                                  : loaded 2 times (x 82B)
Class org.gradle.internal.service.ServiceLocator                                      : loaded 2 times (x 72B)
Class com.google.common.cache.LocalCache$1                                            : loaded 2 times (x 91B)
Class com.google.common.collect.Iterators$SingletonIterator                           : loaded 2 times (x 83B)
Class com.google.common.collect.AbstractMapEntry                                      : loaded 2 times (x 83B)
Class com.google.common.collect.Sets$ImprovedAbstractSet                              : loaded 2 times (x 137B)
Class com.google.common.cache.LocalCache$2                                            : loaded 2 times (x 144B)
Class com.google.common.collect.AbstractMultimap                                      : loaded 2 times (x 125B)
Class com.google.common.collect.RegularImmutableAsList                                : loaded 2 times (x 219B)
Class com.google.common.util.concurrent.AbstractFuture$Trusted                        : loaded 2 times (x 72B)
Class com.google.common.collect.Iterators                                             : loaded 2 times (x 73B)
Class com.google.common.collect.Lists$StringAsImmutableList                           : loaded 2 times (x 209B)
Class com.google.common.util.concurrent.UncheckedExecutionException                   : loaded 2 times (x 84B)
Class com.google.common.base.CharMatcher$And                                          : loaded 2 times (x 114B)
Class com.google.common.cache.CacheLoader$UnsupportedLoadingOperationException        : loaded 2 times (x 84B)
Class com.google.common.collect.IndexedImmutableSet                                   : loaded 2 times (x 154B)
Class com.google.common.collect.ImmutableMap$1                                        : loaded 2 times (x 83B)
Class com.google.common.collect.BiMap                                                 : loaded 2 times (x 72B)
Class org.gradle.api.internal.classpath.DefaultModuleRegistry$DefaultModule           : loaded 2 times (x 84B)
Class com.google.common.primitives.Ints                                               : loaded 2 times (x 73B)
Class com.google.common.collect.AbstractIterator                                      : loaded 2 times (x 84B)
Class com.google.common.collect.ObjectArrays                                          : loaded 2 times (x 73B)
Class com.google.common.collect.AbstractIndexedListIterator                           : loaded 2 times (x 98B)
Class com.google.common.collect.ArrayListMultimapGwtSerializationDependencies         : loaded 2 times (x 173B)
Class com.google.common.collect.Multiset                                              : loaded 2 times (x 72B)
Class com.google.common.collect.ImmutableMapEntrySet                                  : loaded 2 times (x 154B)
Class org.gradle.api.internal.classpath.Module                                        : loaded 2 times (x 72B)
Class com.google.common.cache.Weigher                                                 : loaded 2 times (x 72B)
Class org.gradle.api.internal.classpath.UnknownModuleException                        : loaded 2 times (x 84B)
Class com.google.common.cache.LocalCache$Strength                                     : loaded 2 times (x 83B)
Class com.google.common.cache.Cache                                                   : loaded 2 times (x 72B)
Class com.google.common.util.concurrent.AbstractFuture$Cancellation                   : loaded 2 times (x 74B)
Class com.google.common.collect.ImmutableMap$Builder                                  : loaded 2 times (x 84B)
Class com.google.common.base.NullnessCasts                                            : loaded 2 times (x 73B)
Class com.google.common.cache.RemovalListener                                         : loaded 2 times (x 72B)
Class org.gradle.api.internal.DefaultClassPathRegistry                                : loaded 2 times (x 78B)
Class com.google.common.primitives.IntsMethodsForWeb                                  : loaded 2 times (x 73B)
Class com.google.common.collect.Multimap                                              : loaded 2 times (x 72B)
Class org.gradle.internal.classpath.DefaultClassPath$ImmutableUniqueList              : loaded 2 times (x 201B)
Class org.gradle.api.internal.ClassPathRegistry                                       : loaded 2 times (x 72B)
Class com.google.common.collect.SingletonImmutableList                                : loaded 2 times (x 209B)
Class com.google.common.cache.CacheBuilder                                            : loaded 2 times (x 74B)
Class org.gradle.internal.classpath.ClassPath                                         : loaded 2 times (x 72B)
Class com.google.common.collect.ImmutableList$ReverseImmutableList                    : loaded 2 times (x 211B)
Class com.google.common.base.JdkPattern                                               : loaded 2 times (x 77B)
Class org.gradle.api.internal.classpath.DefaultModuleRegistry$DefaultModuleAlias      : loaded 2 times (x 82B)
Class com.google.common.base.Suppliers$SupplierOfInstance                             : loaded 2 times (x 81B)
Class com.google.common.collect.Iterators$1                                           : loaded 2 times (x 83B)
Class com.google.common.cache.LocalCache$ComputingValueReference                      : loaded 2 times (x 98B)
Class com.google.common.collect.ImmutableMap$IteratorBasedImmutableMap                : loaded 2 times (x 128B)
Class com.google.common.collect.SingletonImmutableSet                                 : loaded 2 times (x 148B)
Class com.google.common.cache.LocalCache$Segment                                      : loaded 2 times (x 155B)
Class com.google.common.collect.ImmutableBiMap                                        : loaded 2 times (x 145B)
Class com.google.common.cache.CacheLoader                                             : loaded 2 times (x 76B)
Class com.google.common.collect.Iterators$4                                           : loaded 2 times (x 84B)
Class com.google.common.collect.AbstractListMultimap                                  : loaded 2 times (x 173B)
Class org.gradle.api.internal.classpath.ModuleRegistry                                : loaded 2 times (x 72B)
Class org.gradle.internal.installation.GradleInstallation$1                           : loaded 2 times (x 77B)
Class com.google.common.util.concurrent.internal.InternalFutureFailureAccess          : loaded 2 times (x 74B)
Class com.google.common.base.Splitter$SplittingIterator                               : loaded 2 times (x 85B)
Class com.google.common.collect.Iterators$5                                           : loaded 2 times (x 84B)
Class com.google.common.base.CharMatcher$ForPredicate                                 : loaded 2 times (x 114B)
Class com.google.common.cache.LocalCache$LocalManualCache$1                           : loaded 2 times (x 77B)
Class com.google.common.base.CharMatcher$AnyOf                                        : loaded 2 times (x 114B)
Class com.google.common.collect.ImmutableCollection                                   : loaded 2 times (x 127B)
Class org.gradle.api.internal.classpath.DefaultModuleRegistry                         : loaded 2 times (x 86B)
Class com.google.common.util.concurrent.ListenableFuture                              : loaded 2 times (x 72B)
Class com.google.common.collect.Lists                                                 : loaded 2 times (x 73B)
Class com.google.common.cache.ReferenceEntry                                          : loaded 2 times (x 72B)
Class com.google.common.base.Converter                                                : loaded 2 times (x 92B)
Class com.google.common.collect.ImmutableSet$CachingAsList                            : loaded 2 times (x 150B)
Class com.google.common.util.concurrent.AbstractFuture                                : loaded 2 times (x 108B)
Class com.google.common.base.FunctionalEquivalence                                    : loaded 2 times (x 85B)
Class com.google.common.collect.Iterators$9                                           : loaded 2 times (x 83B)
Class com.google.common.collect.AbstractMapBasedMultimap                              : loaded 2 times (x 140B)
Class com.google.common.collect.ImmutableAsList                                       : loaded 2 times (x 211B)
Class com.google.common.cache.CacheLoader$SupplierToCacheLoader                       : loaded 2 times (x 77B)
Class org.gradle.internal.service.ServiceLookupException                              : loaded 2 times (x 84B)
Class [Lcom.google.common.cache.LocalCache$EntryFactory;                              : loaded 2 times (x 71B)
Class org.gradle.internal.classloader.ClassLoaderFactory                              : loaded 2 times (x 72B)
Class com.google.common.base.CharMatcher$IsNot                                        : loaded 2 times (x 113B)
Class com.google.common.base.CommonPattern                                            : loaded 2 times (x 76B)
Class com.google.common.cache.LocalCache$LocalManualCache                             : loaded 2 times (x 101B)
Class org.gradle.internal.service.CachingServiceLocator                               : loaded 2 times (x 84B)
Class com.google.common.math.IntMath                                                  : loaded 2 times (x 73B)
Class com.google.common.collect.ImmutableMapEntry                                     : loaded 2 times (x 87B)
Class com.google.common.collect.ImmutableMapEntry$NonTerminalImmutableMapEntry        : loaded 2 times (x 87B)
Class com.google.common.base.Equivalence                                              : loaded 2 times (x 84B)
Class com.google.common.base.Function                                                 : loaded 2 times (x 72B)
Class com.google.common.collect.RegularImmutableList                                  : loaded 2 times (x 215B)
Class com.google.common.cache.CacheBuilder$OneWeigher                                 : loaded 2 times (x 84B)
Class org.gradle.internal.classloader.ClasspathUtil                                   : loaded 2 times (x 73B)
Class com.google.common.util.concurrent.LazyLogger                                    : loaded 2 times (x 74B)
Class com.google.common.collect.Maps                                                  : loaded 2 times (x 73B)
Class org.gradle.api.specs.Spec                                                       : loaded 2 times (x 72B)
Class [Lcom.google.common.collect.ImmutableEntry;                                     : loaded 2 times (x 71B)
Class com.google.common.cache.LocalCache$LoadingValueReference                        : loaded 2 times (x 98B)
Class com.google.common.base.Platform                                                 : loaded 2 times (x 73B)
Class com.google.common.collect.Maps$8                                                : loaded 2 times (x 84B)
Class com.google.common.collect.Sets$SetView                                          : loaded 2 times (x 141B)
Class org.gradle.internal.classloader.VisitableURLClassLoader$InstrumentingVisitableURLClassLoader: loaded 2 times (x 124B)
Class [Lcom.google.common.cache.CacheBuilder$NullListener;                            : loaded 2 times (x 71B)
Class org.gradle.internal.classloader.VisitableURLClassLoader$Spec                    : loaded 2 times (x 76B)
Class org.gradle.internal.classpath.DefaultClassPath                                  : loaded 2 times (x 92B)
Class com.google.common.base.AbstractIterator                                         : loaded 2 times (x 82B)
Class com.google.common.collect.RegularImmutableMap$Values                            : loaded 2 times (x 209B)
Class com.google.common.base.CharMatcher$BitSetMatcher                                : loaded 2 times (x 114B)
Class com.google.common.io.Closer                                                     : loaded 2 times (x 80B)
Class com.google.common.collect.ImmutableSet                                          : loaded 2 times (x 147B)
Class org.gradle.internal.classloader.ClassLoaderSpec                                 : loaded 2 times (x 73B)
Class com.google.common.cache.CacheStats                                              : loaded 2 times (x 73B)
Class com.google.common.util.concurrent.AbstractFuture$Listener                       : loaded 2 times (x 74B)
Class com.google.common.base.CharMatcher$Or                                           : loaded 2 times (x 114B)
Class com.google.common.io.Closer$Suppressor                                          : loaded 2 times (x 72B)
Class org.gradle.api.internal.classpath.Module$ModuleAlias                            : loaded 2 times (x 72B)
Class com.google.common.base.Supplier                                                 : loaded 2 times (x 72B)
Class org.gradle.internal.classloader.VisitableURLClassLoader                         : loaded 2 times (x 118B)
Class org.gradle.internal.Cast                                                        : loaded 2 times (x 73B)
Class org.gradle.api.Action                                                           : loaded 2 times (x 72B)
Class com.google.common.base.Strings                                                  : loaded 2 times (x 73B)
Class com.google.common.collect.Sets                                                  : loaded 2 times (x 73B)
Class com.google.common.base.CharMatcher$FastMatcher                                  : loaded 2 times (x 113B)
Class com.google.common.base.Ticker                                                   : loaded 2 times (x 74B)
Class [Lcom.google.common.cache.LocalCache$Segment;                                   : loaded 2 times (x 71B)
Class com.google.common.base.Predicate                                                : loaded 2 times (x 72B)
Class [Lcom.google.common.cache.LocalCache$Strength;                                  : loaded 2 times (x 71B)
Class com.google.common.cache.CacheBuilder$1                                          : loaded 2 times (x 87B)
Class com.google.common.collect.ImmutableMap                                          : loaded 2 times (x 122B)
Class org.gradle.internal.classpath.DefaultClassPath$ImmutableUniqueList$Builder      : loaded 2 times (x 77B)
Class com.google.common.base.CharMatcher$NegatedFastMatcher                           : loaded 2 times (x 115B)
Class com.google.common.cache.LocalCache                                              : loaded 2 times (x 188B)
Class com.google.common.cache.CacheBuilder$2                                          : loaded 2 times (x 81B)
Class [Lcom.google.common.collect.AbstractMapEntry;                                   : loaded 2 times (x 71B)
Class com.google.common.collect.ImmutableEntry                                        : loaded 2 times (x 84B)
Class com.google.common.cache.CacheBuilder$3                                          : loaded 2 times (x 74B)
Class com.google.common.collect.ArrayListMultimap                                     : loaded 2 times (x 173B)
Class org.gradle.api.GradleException                                                  : loaded 2 times (x 84B)
Class com.google.common.base.Suppliers$MemoizingSupplier                              : loaded 2 times (x 81B)
Class com.google.common.collect.CollectPreconditions                                  : loaded 2 times (x 73B)
Class com.google.common.collect.SortedMapDifference                                   : loaded 2 times (x 72B)
Class com.google.common.cache.LocalCache$EntryFactory                                 : loaded 2 times (x 85B)
Class org.gradle.internal.IoActions                                                   : loaded 2 times (x 73B)
Class com.google.common.cache.CacheLoader$InvalidCacheLoadException                   : loaded 2 times (x 84B)
Class com.google.common.collect.ImmutableSet$RegularSetBuilderImpl                    : loaded 2 times (x 78B)
Class com.google.common.cache.LoadingCache                                            : loaded 2 times (x 72B)
Class com.google.common.io.ByteStreams$LimitedInputStream                             : loaded 2 times (x 94B)
Class com.google.common.collect.RegularImmutableMap$BucketOverflowException           : loaded 2 times (x 84B)
Class com.google.common.base.Suppliers$NonSerializableMemoizingSupplier               : loaded 2 times (x 81B)
Class [Lcom.google.common.cache.Weigher;                                              : loaded 2 times (x 71B)
Class com.google.common.base.CharMatcher$Negated                                      : loaded 2 times (x 115B)
Class com.google.common.base.CharMatcher$Is                                           : loaded 2 times (x 113B)
Class com.google.common.cache.LocalCache$ValueReference                               : loaded 2 times (x 72B)
Class com.google.common.base.PatternCompiler                                          : loaded 2 times (x 72B)
Class com.google.common.util.concurrent.AbstractFuture$Failure                        : loaded 2 times (x 74B)
Class com.google.common.collect.Hashing                                               : loaded 2 times (x 73B)
Class com.google.common.base.Equivalence$Equals                                       : loaded 2 times (x 84B)
Class com.google.common.base.Preconditions                                            : loaded 2 times (x 73B)
Class com.google.common.base.CharMatcher                                              : loaded 2 times (x 113B)
Class com.google.common.base.Joiner$1                                                 : loaded 2 times (x 83B)
Class com.google.common.collect.PeekingIterator                                       : loaded 2 times (x 72B)
Class com.google.common.collect.Table                                                 : loaded 2 times (x 72B)
Class com.google.common.base.CharMatcher$NamedFastMatcher                             : loaded 2 times (x 114B)
Class com.google.common.base.CharMatcher$1                                            : loaded 2 times (x 115B)
Class com.google.common.base.Joiner$2                                                 : loaded 2 times (x 82B)
Class com.google.common.cache.LocalCache$EntryFactory$1                               : loaded 2 times (x 85B)
Class [Lcom.google.common.cache.RemovalListener;                                      : loaded 2 times (x 71B)
Class com.google.common.cache.LocalCache$EntryFactory$2                               : loaded 2 times (x 85B)
Class com.google.common.collect.ImmutableMapEntrySet$RegularEntrySet                  : loaded 2 times (x 154B)
Class com.google.common.cache.LocalCache$EntryFactory$3                               : loaded 2 times (x 85B)
Class com.google.common.base.Ticker$1                                                 : loaded 2 times (x 74B)
Class com.google.common.collect.Maps$BiMapConverter                                   : loaded 2 times (x 92B)
Class com.google.common.base.CharMatcher$InRange                                      : loaded 2 times (x 113B)
Class com.google.common.cache.LocalCache$EntryFactory$4                               : loaded 2 times (x 85B)
Class com.google.common.collect.ImmutableSet$Builder                                  : loaded 2 times (x 87B)
Class com.google.common.io.ByteStreams$1                                              : loaded 2 times (x 87B)
Class com.google.common.cache.LocalCache$EntryFactory$5                               : loaded 2 times (x 85B)
Class com.google.common.cache.LocalCache$EntryFactory$6                               : loaded 2 times (x 85B)
Class org.gradle.internal.installation.CurrentGradleInstallationLocator               : loaded 2 times (x 73B)
Class com.google.common.cache.LocalCache$EntryFactory$7                               : loaded 2 times (x 85B)
Class com.google.common.collect.ImmutableList                                         : loaded 2 times (x 208B)
Class org.gradle.internal.service.DefaultServiceLocator                               : loaded 2 times (x 85B)
Class com.google.common.cache.LocalCache$EntryFactory$8                               : loaded 2 times (x 85B)
Class com.google.common.collect.ImmutableSet$SetBuilderImpl                           : loaded 2 times (x 78B)
Class org.gradle.internal.installation.CurrentGradleInstallation                      : loaded 2 times (x 75B)
Class com.google.common.collect.ImmutableList$SubList                                 : loaded 2 times (x 211B)
Class com.google.common.collect.ForwardingObject                                      : loaded 2 times (x 74B)
Class com.google.common.cache.CacheLoader$1                                           : loaded 2 times (x 77B)
Class org.gradle.util.internal.GUtil                                                  : loaded 2 times (x 73B)
Class com.google.common.cache.AbstractCache$StatsCounter                              : loaded 2 times (x 72B)
Class com.google.common.collect.Iterators$MergingIterator                             : loaded 2 times (x 83B)
Class com.google.common.collect.RegularImmutableSet                                   : loaded 2 times (x 150B)
Class org.gradle.internal.installation.GradleInstallation                             : loaded 2 times (x 77B)
Class com.google.common.base.Splitter$Strategy                                        : loaded 2 times (x 72B)

---------------  S Y S T E M  ---------------

OS:
 Windows 11 , 64 bit Build 26100 (10.0.26100.9168)
OS uptime: 7 days 0:28 hours
Hyper-V role detected

CPU: total 12 (initial active 12) (6 cores per cpu, 2 threads per core) family 6 model 186 stepping 3 microcode 0x6134, cx8, cmov, fxsr, ht, mmx, 3dnowpref, sse, sse2, sse3, ssse3, sse4.1, sse4.2, popcnt, lzcnt, tsc, tscinvbit, avx, avx2, aes, erms, clmul, bmi1, bmi2, adx, sha, fma, vzeroupper, clflush, clflushopt, clwb, hv, serialize, rdtscp, rdpid, fsrm, gfni, f16c, cet_ibt, cet_ss
Processor Information for processor 0
  Max Mhz: 1600, Current Mhz: 1600, Mhz Limit: 1600
Processor Information for processor 1
  Max Mhz: 1600, Current Mhz: 1600, Mhz Limit: 1600
Processor Information for processor 2
  Max Mhz: 1600, Current Mhz: 1600, Mhz Limit: 1600
Processor Information for processor 3
  Max Mhz: 1600, Current Mhz: 1600, Mhz Limit: 1600
Processor Information for processor 4
  Max Mhz: 1600, Current Mhz: 1466, Mhz Limit: 1600
Processor Information for processor 5
  Max Mhz: 1600, Current Mhz: 1600, Mhz Limit: 1600
Processor Information for processor 6
  Max Mhz: 1600, Current Mhz: 1600, Mhz Limit: 1600
Processor Information for processor 7
  Max Mhz: 1600, Current Mhz: 1600, Mhz Limit: 1600
Processor Information for processor 8
  Max Mhz: 1600, Current Mhz: 1466, Mhz Limit: 1600
Processor Information for processor 9
  Max Mhz: 1600, Current Mhz: 1466, Mhz Limit: 1600
Processor Information for processor 10
  Max Mhz: 1600, Current Mhz: 1600, Mhz Limit: 1600
Processor Information for processor 11
  Max Mhz: 1600, Current Mhz: 1466, Mhz Limit: 1600

Memory: 4k page, system-wide physical 16016M (547M free)
TotalPageFile size 16016M (AvailPageFile size 348M)
current process WorkingSet (physical memory assigned to process): 453M, peak: 459M
current process commit charge ("private bytes"): 551M, peak: 902M

vm_info: OpenJDK 64-Bit Server VM (25.0.2+-15348964-b329.117) for windows-amd64 JRE (25.0.2+-15348964-b329.117), built on 2026-05-05T18:25:19Z with MS VC++ 16.10 / 16.11 (VS2019)

END.
