#
# There is insufficient memory for the Java Runtime Environment to continue.
# Native memory allocation (mmap) failed to map 268435456 bytes. Error detail: G1 virtual space
# Possible reasons:
#   The system is out of physical RAM or swap space
#   This process is running with CompressedOops enabled, and the Java Heap may be blocking the growth of the native heap
# Possible solutions:
#   Reduce memory load on the system
#   Increase physical memory or swap space
#   Check if swap backing store is full
#   Decrease Java heap size (-Xmx/-Xms)
#   Decrease number of Java threads
#   Decrease Java thread stack sizes (-Xss)
#   Set larger code cache with -XX:ReservedCodeCacheSize=
#   JVM is running with Unscaled Compressed Oops mode in which the Java heap is
#     placed in the first 4GB address space. The Java Heap base address is the
#     maximum limit for the native heap growth. Please use -XX:HeapBaseMinAddress
#     to set the Java Heap base and to place the Java Heap above 4GB virtual address.
# This output file may be truncated or incomplete.
#
#  Out of Memory Error (os_windows.cpp:3766), pid=8460, tid=10768
#
# JRE version: OpenJDK Runtime Environment (25.0.2) (build 25.0.2+-15348964-b329.117)
# Java VM: OpenJDK 64-Bit Server VM (25.0.2+-15348964-b329.117, mixed mode, tiered, compressed oops, compressed class ptrs, g1 gc, windows-amd64)
# No core dump will be written. Minidumps are not enabled by default on client versions of Windows
#

---------------  S U M M A R Y ------------

Command Line: --add-opens=java.base/java.lang=ALL-UNNAMED --add-opens=java.base/java.lang.invoke=ALL-UNNAMED --add-opens=java.base/java.util=ALL-UNNAMED --add-opens=java.prefs/java.util.prefs=ALL-UNNAMED --add-exports=jdk.compiler/com.sun.tools.javac.api=ALL-UNNAMED --add-exports=jdk.compiler/com.sun.tools.javac.util=ALL-UNNAMED --add-opens=java.base/java.nio.charset=ALL-UNNAMED --add-opens=java.base/java.net=ALL-UNNAMED --add-opens=java.base/java.util.concurrent=ALL-UNNAMED --add-opens=java.base/java.util.concurrent.atomic=ALL-UNNAMED --add-opens=java.xml/javax.xml.namespace=ALL-UNNAMED --add-opens=java.base/java.time=ALL-UNNAMED --enable-native-access=ALL-UNNAMED -Xmx2048m -Dfile.encoding=UTF-8 -Duser.country=BR -Duser.language=pt -Duser.variant -javaagent:C:\Users\Aluno\.gradle\wrapper\dists\gradle-9.5.0-bin\bvnork1r7n8i6kp5cnkibsc9q\gradle-9.5.0\lib\agents\gradle-instrumentation-agent-9.5.0.jar org.gradle.launcher.daemon.bootstrap.GradleDaemon 9.5.0

Host: 13th Gen Intel(R) Core(TM) i5-1345U, 12 cores, 15G,  Windows 11 , 64 bit Build 26100 (10.0.26100.9168)
Time: Mon Sep 28 20:32:04 2026 Hora oficial do Brasil elapsed time: 51.194183 seconds (0d 0h 0m 51s)

---------------  T H R E A D  ---------------

Current thread (0x000001a14fa213c0):  VMThread "VM Thread"          [id=10768, stack(0x0000003cae700000,0x0000003cae800000) (1024K)]

Stack: [0x0000003cae700000,0x0000003cae800000]
Native frames: (J=compiled Java code, j=interpreted, Vv=VM code, C=native code)
V  [jvm.dll+0x7bd439]  (no source info available)
V  [jvm.dll+0x78763d]  (no source info available)
V  [jvm.dll+0xa0c885]  (no source info available)
V  [jvm.dll+0xa0ef04]  (no source info available)
V  [jvm.dll+0xa0f603]  (no source info available)
V  [jvm.dll+0x309bf6]  (no source info available)
V  [jvm.dll+0x7b9545]  (no source info available)
V  [jvm.dll+0x7ac047]  (no source info available)
V  [jvm.dll+0x3fdeab]  (no source info available)
V  [jvm.dll+0x406066]  (no source info available)
V  [jvm.dll+0x3f2516]  (no source info available)
V  [jvm.dll+0x3f27f8]  (no source info available)
V  [jvm.dll+0x3c7b82]  (no source info available)
V  [jvm.dll+0x3c7c1a]  (no source info available)
V  [jvm.dll+0x4172d0]  (no source info available)
V  [jvm.dll+0x415bf1]  (no source info available)
V  [jvm.dll+0x3c72b7]  (no source info available)
V  [jvm.dll+0x41502f]  (no source info available)
V  [jvm.dll+0xa158ca]  (no source info available)
V  [jvm.dll+0xa16bd1]  (no source info available)
V  [jvm.dll+0xa17148]  (no source info available)
V  [jvm.dll+0xa173d3]  (no source info available)
V  [jvm.dll+0x9ab9c8]  (no source info available)
V  [jvm.dll+0x7bb985]  (no source info available)
C  [ucrtbase.dll+0x2cd30]  (no source info available)
C  [KERNEL32.DLL+0x2ccb7]  (no source info available)
C  [ntdll.dll+0xaad6c]  (no source info available)

VM_Operation (0x0000003cb17fb8d0): G1CollectForAllocation, mode: safepoint, requested by thread 0x000001a155c2b800


---------------  P R O C E S S  ---------------

Threads class SMR info:
_java_thread_list=0x000001a158ab22e0, length=92, elements={
0x000001a137a94060, 0x000001a14fa49030, 0x000001a14fbc04a0, 0x000001a14fbc1300,
0x000001a14fbc30d0, 0x000001a14fbc3c90, 0x000001a14fa5c450, 0x000001a14fa5d010,
0x000001a14fa61b10, 0x000001a14fa62320, 0x000001a14fefda00, 0x000001a156f20080,
0x000001a15577beb0, 0x000001a156df0650, 0x000001a1572434d0, 0x000001a1572150b0,
0x000001a157236c40, 0x000001a15722ad80, 0x000001a15722b550, 0x000001a15722bd20,
0x000001a15722d490, 0x000001a15722ccc0, 0x000001a156300010, 0x000001a1562ff070,
0x000001a1562ff840, 0x000001a1562fd900, 0x000001a156301780, 0x000001a156302720,
0x000001a156303e90, 0x000001a157b781f0, 0x000001a157b7a130, 0x000001a157b79190,
0x000001a15483afc0, 0x000001a15483a020, 0x000001a15483bf60, 0x000001a155c2b030,
0x000001a155c2a090, 0x000001a155c2b800, 0x000001a155c2a860, 0x000001a155c30620,
0x000001a155c30df0, 0x000001a155c2fe50, 0x000001a1573cd4b0, 0x000001a1573ce450,
0x000001a1573cf3f0, 0x000001a1573cec20, 0x000001a1573cfbc0, 0x000001a1573d2aa0,
0x000001a1573d22d0, 0x000001a1591ffa30, 0x000001a159200200, 0x000001a1592011a0,
0x000001a159202910, 0x000001a156375930, 0x000001a156378fe0, 0x000001a156376100,
0x000001a159af89f0, 0x000001a159afc870, 0x000001a159afd040, 0x000001a159b035d0,
0x000001a159b02e00, 0x000001a159b01690, 0x000001a159b05510, 0x000001a159b04570,
0x000001a159b02630, 0x000001a159b064b0, 0x000001a1591fea90, 0x000001a157668f40,
0x000001a157669710, 0x000001a157667fa0, 0x000001a157667000, 0x000001a15766be20,
0x000001a15e904570, 0x000001a15e907c20, 0x000001a15e908bc0, 0x000001a15e9064b0,
0x000001a15e909390, 0x000001a15e909b60, 0x000001a15e90ab00, 0x000001a15637b6f0,
0x000001a159aff750, 0x000001a159bb2930, 0x000001a159bb3100, 0x000001a159bb38d0,
0x000001a159bb6f80, 0x000001a159bb7750, 0x000001a159bbb5d0, 0x000001a159bb9690,
0x000001a159bb7f20, 0x000001a159bbc570, 0x000001a159bbec80, 0x000001a159bc03f0
}

Java Threads: ( => current thread )
  0x000001a137a94060 JavaThread "main"                              [_thread_blocked, id=20476, stack(0x0000003cae000000,0x0000003cae100000) (1024K)]
  0x000001a14fa49030 JavaThread "Common-Cleaner"             daemon [_thread_blocked, id=7712, stack(0x0000003cae800000,0x0000003cae900000) (1024K)]
  0x000001a14fbc04a0 JavaThread "Reference Handler"          daemon [_thread_blocked, id=19672, stack(0x0000003cae900000,0x0000003caea00000) (1024K)]
  0x000001a14fbc1300 JavaThread "Finalizer"                  daemon [_thread_blocked, id=4176, stack(0x0000003caea00000,0x0000003caeb00000) (1024K)]
  0x000001a14fbc30d0 JavaThread "Signal Dispatcher"          daemon [_thread_blocked, id=26920, stack(0x0000003caeb00000,0x0000003caec00000) (1024K)]
  0x000001a14fbc3c90 JavaThread "Attach Listener"            daemon [_thread_blocked, id=21400, stack(0x0000003caec00000,0x0000003caed00000) (1024K)]
  0x000001a14fa5c450 JavaThread "Service Thread"             daemon [_thread_blocked, id=10132, stack(0x0000003caed00000,0x0000003caee00000) (1024K)]
  0x000001a14fa5d010 JavaThread "Monitor Deflation Thread"   daemon [_thread_blocked, id=20708, stack(0x0000003caee00000,0x0000003caef00000) (1024K)]
  0x000001a14fa61b10 JavaThread "C2 CompilerThread0"         daemon [_thread_blocked, id=24420, stack(0x0000003caef00000,0x0000003caf000000) (1024K)]
  0x000001a14fa62320 JavaThread "C1 CompilerThread0"         daemon [_thread_blocked, id=4768, stack(0x0000003caf000000,0x0000003caf100000) (1024K)]
  0x000001a14fefda00 JavaThread "Notification Thread"        daemon [_thread_blocked, id=12800, stack(0x0000003caf100000,0x0000003caf200000) (1024K)]
  0x000001a156f20080 JavaThread "Daemon health stats"               [_thread_blocked, id=23340, stack(0x0000003caf700000,0x0000003caf800000) (1024K)]
  0x000001a15577beb0 JavaThread "Incoming local TCP Connector on port 52699"        [_thread_in_native, id=23732, stack(0x0000003caf800000,0x0000003caf900000) (1024K)]
  0x000001a156df0650 JavaThread "Daemon periodic checks"            [_thread_blocked, id=19260, stack(0x0000003caf900000,0x0000003cafa00000) (1024K)]
  0x000001a1572434d0 JavaThread "Daemon"                            [_thread_blocked, id=28132, stack(0x0000003cb0000000,0x0000003cb0100000) (1024K)]
  0x000001a1572150b0 JavaThread "Handler for socket connection from /127.0.0.1:52699 to /127.0.0.1:52700"        [_thread_in_native, id=6972, stack(0x0000003cb0100000,0x0000003cb0200000) (1024K)]
  0x000001a157236c40 JavaThread "Cancel handler"                    [_thread_blocked, id=26964, stack(0x0000003cb0200000,0x0000003cb0300000) (1024K)]
  0x000001a15722ad80 JavaThread "Daemon worker"                     [_thread_blocked, id=24024, stack(0x0000003cb0300000,0x0000003cb0400000) (1024K)]
  0x000001a15722b550 JavaThread "Asynchronous log dispatcher for DefaultDaemonConnection: socket connection from /127.0.0.1:52699 to /127.0.0.1:52700"        [_thread_blocked, id=17620, stack(0x0000003cb0400000,0x0000003cb0500000) (1024K)]
  0x000001a15722bd20 JavaThread "Stdin handler"                     [_thread_blocked, id=6240, stack(0x0000003cb0500000,0x0000003cb0600000) (1024K)]
  0x000001a15722d490 JavaThread "Daemon client event forwarder"        [_thread_blocked, id=20848, stack(0x0000003cb0600000,0x0000003cb0700000) (1024K)]
  0x000001a15722ccc0 JavaThread "Cache worker for journal cache (C:\Users\Aluno\.gradle\caches\journal-1)"        [_thread_blocked, id=21612, stack(0x0000003cb0700000,0x0000003cb0800000) (1024K)]
  0x000001a156300010 JavaThread "File lock request listener"        [_thread_in_native, id=19540, stack(0x0000003cb0800000,0x0000003cb0900000) (1024K)]
  0x000001a1562ff070 JavaThread "Cache worker for file hash cache (C:\Users\Aluno\.gradle\caches\9.5.0\fileHashes)"        [_thread_blocked, id=2960, stack(0x0000003cb0900000,0x0000003cb0a00000) (1024K)]
  0x000001a1562ff840 JavaThread "Cache worker for file hash cache (C:\Users\Aluno\AndroidStudioProjects\AppEleicao\.gradle\9.5.0\fileHashes)"        [_thread_blocked, id=25424, stack(0x0000003cb0a00000,0x0000003cb0b00000) (1024K)]
  0x000001a1562fd900 JavaThread "Cache worker for checksums cache (C:\Users\Aluno\AndroidStudioProjects\AppEleicao\.gradle\9.5.0\checksums)"        [_thread_blocked, id=24408, stack(0x0000003cb0b00000,0x0000003cb0c00000) (1024K)]
  0x000001a156301780 JavaThread "Cache worker for Build Output Cleanup Cache (C:\Users\Aluno\AndroidStudioProjects\AppEleicao\.gradle\buildOutputCleanup)"        [_thread_blocked, id=24184, stack(0x0000003cb0c00000,0x0000003cb0d00000) (1024K)]
  0x000001a156302720 JavaThread "Cache worker for file content cache (C:\Users\Aluno\.gradle\caches\9.5.0\fileContent)"        [_thread_blocked, id=24068, stack(0x0000003cb0d00000,0x0000003cb0e00000) (1024K)]
  0x000001a156303e90 JavaThread "File watcher server"        daemon [_thread_blocked, id=4128, stack(0x0000003cb0e00000,0x0000003cb0f00000) (1024K)]
  0x000001a157b781f0 JavaThread "File watcher consumer"      daemon [_thread_blocked, id=19064, stack(0x0000003cb0f00000,0x0000003cb1000000) (1024K)]
  0x000001a157b7a130 JavaThread "Cache worker for cache directory md-supplier (C:\Users\Aluno\.gradle\caches\9.5.0\md-supplier)"        [_thread_blocked, id=15848, stack(0x0000003cb1000000,0x0000003cb1100000) (1024K)]
  0x000001a157b79190 JavaThread "Cache worker for cache directory md-rule (C:\Users\Aluno\.gradle\caches\9.5.0\md-rule)"        [_thread_blocked, id=24500, stack(0x0000003cb1100000,0x0000003cb1200000) (1024K)]
  0x000001a15483afc0 JavaThread "jar transforms"                    [_thread_blocked, id=21524, stack(0x0000003cb1200000,0x0000003cb1300000) (1024K)]
  0x000001a15483a020 JavaThread "jar transforms Thread 2"           [_thread_blocked, id=24840, stack(0x0000003cb1300000,0x0000003cb1400000) (1024K)]
  0x000001a15483bf60 JavaThread "jar transforms Thread 3"           [_thread_blocked, id=6100, stack(0x0000003cb1400000,0x0000003cb1500000) (1024K)]
  0x000001a155c2b030 JavaThread "Build operations"                  [_thread_blocked, id=9436, stack(0x0000003cb1500000,0x0000003cb1600000) (1024K)]
  0x000001a155c2a090 JavaThread "Build operations Thread 2"         [_thread_blocked, id=27348, stack(0x0000003cb1600000,0x0000003cb1700000) (1024K)]
  0x000001a155c2b800 JavaThread "Build operations Thread 3"         [_thread_blocked, id=20872, stack(0x0000003cb1700000,0x0000003cb1800000) (1024K)]
  0x000001a155c2a860 JavaThread "Build operations Thread 4"         [_thread_blocked, id=18924, stack(0x0000003cb1800000,0x0000003cb1900000) (1024K)]
  0x000001a155c30620 JavaThread "Build operations Thread 5"         [_thread_blocked, id=6444, stack(0x0000003cb1900000,0x0000003cb1a00000) (1024K)]
  0x000001a155c30df0 JavaThread "Build operations Thread 6"         [_thread_blocked, id=26332, stack(0x0000003cb1a00000,0x0000003cb1b00000) (1024K)]
  0x000001a155c2fe50 JavaThread "Build operations Thread 7"         [_thread_blocked, id=28388, stack(0x0000003cb1b00000,0x0000003cb1c00000) (1024K)]
  0x000001a1573cd4b0 JavaThread "Build operations Thread 8"         [_thread_blocked, id=2224, stack(0x0000003cb1c00000,0x0000003cb1d00000) (1024K)]
  0x000001a1573ce450 JavaThread "Build operations Thread 9"         [_thread_blocked, id=13860, stack(0x0000003cb1d00000,0x0000003cb1e00000) (1024K)]
  0x000001a1573cf3f0 JavaThread "Build operations Thread 10"        [_thread_blocked, id=13244, stack(0x0000003cb1e00000,0x0000003cb1f00000) (1024K)]
  0x000001a1573cec20 JavaThread "Build operations Thread 11"        [_thread_blocked, id=14940, stack(0x0000003cb1f00000,0x0000003cb2000000) (1024K)]
  0x000001a1573cfbc0 JavaThread "Build operations Thread 12"        [_thread_blocked, id=27248, stack(0x0000003cb2000000,0x0000003cb2100000) (1024K)]
  0x000001a1573d2aa0 JavaThread "jar transforms Thread 4"           [_thread_blocked, id=24036, stack(0x0000003cb2100000,0x0000003cb2200000) (1024K)]
  0x000001a1573d22d0 JavaThread "jar transforms Thread 5"           [_thread_blocked, id=21192, stack(0x0000003cb2200000,0x0000003cb2300000) (1024K)]
  0x000001a1591ffa30 JavaThread "jar transforms Thread 6"           [_thread_blocked, id=26988, stack(0x0000003cb2300000,0x0000003cb2400000) (1024K)]
  0x000001a159200200 JavaThread "jar transforms Thread 7"           [_thread_blocked, id=23012, stack(0x0000003cb2400000,0x0000003cb2500000) (1024K)]
  0x000001a1592011a0 JavaThread "jar transforms Thread 8"           [_thread_blocked, id=10128, stack(0x0000003cb2500000,0x0000003cb2600000) (1024K)]
  0x000001a159202910 JavaThread "Configuration cache report writer"        [_thread_blocked, id=19828, stack(0x0000003cb2600000,0x0000003cb2700000) (1024K)]
  0x000001a156375930 JavaThread "build event listener"              [_thread_blocked, id=5076, stack(0x0000003cb2700000,0x0000003cb2800000) (1024K)]
  0x000001a156378fe0 JavaThread "Memory manager"                    [_thread_blocked, id=19508, stack(0x0000003cb2800000,0x0000003cb2900000) (1024K)]
  0x000001a156376100 JavaThread "build event listener"              [_thread_blocked, id=21672, stack(0x0000003cb2900000,0x0000003cb2a00000) (1024K)]
  0x000001a159af89f0 JavaThread "Exec process"                      [_thread_blocked, id=14936, stack(0x0000003cb2a00000,0x0000003cb2b00000) (1024K)]
  0x000001a159afc870 JavaThread "Exec process Thread 2"             [_thread_blocked, id=2392, stack(0x0000003cb2b00000,0x0000003cb2c00000) (1024K)]
  0x000001a159afd040 JavaThread "Exec process Thread 3"             [_thread_blocked, id=25116, stack(0x0000003cb2c00000,0x0000003cb2d00000) (1024K)]
  0x000001a159b035d0 JavaThread "included builds"                   [_thread_blocked, id=16460, stack(0x0000003cb2d00000,0x0000003cb2e00000) (1024K)]
  0x000001a159b02e00 JavaThread "Execution worker"                  [_thread_blocked, id=6648, stack(0x0000003cb2e00000,0x0000003cb2f00000) (1024K)]
  0x000001a159b01690 JavaThread "Execution worker Thread 2"         [_thread_blocked, id=28292, stack(0x0000003cb2f00000,0x0000003cb3000000) (1024K)]
  0x000001a159b05510 JavaThread "Execution worker Thread 3"         [_thread_blocked, id=2208, stack(0x0000003cb3000000,0x0000003cb3100000) (1024K)]
  0x000001a159b04570 JavaThread "Execution worker Thread 4"         [_thread_blocked, id=23148, stack(0x0000003cb3100000,0x0000003cb3200000) (1024K)]
  0x000001a159b02630 JavaThread "Execution worker Thread 5"         [_thread_blocked, id=8708, stack(0x0000003cb3200000,0x0000003cb3300000) (1024K)]
  0x000001a159b064b0 JavaThread "Execution worker Thread 6"         [_thread_blocked, id=8960, stack(0x0000003cb3300000,0x0000003cb3400000) (1024K)]
  0x000001a1591fea90 JavaThread "Execution worker Thread 7"         [_thread_blocked, id=10836, stack(0x0000003cb3400000,0x0000003cb3500000) (1024K)]
  0x000001a157668f40 JavaThread "Execution worker Thread 8"         [_thread_blocked, id=1124, stack(0x0000003cb3500000,0x0000003cb3600000) (1024K)]
  0x000001a157669710 JavaThread "Execution worker Thread 9"         [_thread_blocked, id=15024, stack(0x0000003cb3600000,0x0000003cb3700000) (1024K)]
  0x000001a157667fa0 JavaThread "Execution worker Thread 10"        [_thread_blocked, id=27680, stack(0x0000003cb3700000,0x0000003cb3800000) (1024K)]
  0x000001a157667000 JavaThread "Execution worker Thread 11"        [_thread_blocked, id=17692, stack(0x0000003cb3800000,0x0000003cb3900000) (1024K)]
  0x000001a15766be20 JavaThread "Cache worker for execution history cache (C:\Users\Aluno\AndroidStudioProjects\AppEleicao\.gradle\9.5.0\executionHistory)"        [_thread_blocked, id=24952, stack(0x0000003cb3900000,0x0000003cb3a00000) (1024K)]
  0x000001a15e904570 JavaThread "WorkerExecutor Queue"              [_thread_blocked, id=4728, stack(0x0000003cb3a00000,0x0000003cb3b00000) (1024K)]
  0x000001a15e907c20 JavaThread "WorkerExecutor Queue Thread 2"        [_thread_blocked, id=11996, stack(0x0000003cb3b00000,0x0000003cb3c00000) (1024K)]
  0x000001a15e908bc0 JavaThread "ForkJoinPool-1-worker-1"    daemon [_thread_blocked, id=9680, stack(0x0000003cb3c00000,0x0000003cb3d00000) (1024K)]
  0x000001a15e9064b0 JavaThread "ForkJoinPool-1-worker-2"    daemon [_thread_blocked, id=20736, stack(0x0000003cb3d00000,0x0000003cb3e00000) (1024K)]
  0x000001a15e909390 JavaThread "ForkJoinPool-1-worker-3"    daemon [_thread_blocked, id=18828, stack(0x0000003cb3e00000,0x0000003cb3f00000) (1024K)]
  0x000001a15e909b60 JavaThread "ForkJoinPool-1-worker-4"    daemon [_thread_blocked, id=4880, stack(0x0000003cb3f00000,0x0000003cb4000000) (1024K)]
  0x000001a15e90ab00 JavaThread "ForkJoinPool-1-worker-5"    daemon [_thread_blocked, id=11852, stack(0x0000003cb4000000,0x0000003cb4100000) (1024K)]
  0x000001a15637b6f0 JavaThread "ForkJoinPool-1-worker-6"    daemon [_thread_blocked, id=17464, stack(0x0000003cb4100000,0x0000003cb4200000) (1024K)]
  0x000001a159aff750 JavaThread "ForkJoinPool-1-worker-7"    daemon [_thread_blocked, id=19476, stack(0x0000003cb4200000,0x0000003cb4300000) (1024K)]
  0x000001a159bb2930 JavaThread "ForkJoinPool-1-worker-8"    daemon [_thread_blocked, id=19660, stack(0x0000003cb4300000,0x0000003cb4400000) (1024K)]
  0x000001a159bb3100 JavaThread "ForkJoinPool-1-worker-9"    daemon [_thread_blocked, id=21388, stack(0x0000003cb4400000,0x0000003cb4500000) (1024K)]
  0x000001a159bb38d0 JavaThread "ForkJoinPool-1-worker-10"   daemon [_thread_blocked, id=17636, stack(0x0000003cb4500000,0x0000003cb4600000) (1024K)]
  0x000001a159bb6f80 JavaThread "ForkJoinPool-1-worker-11"   daemon [_thread_blocked, id=17024, stack(0x0000003cb4600000,0x0000003cb4700000) (1024K)]
  0x000001a159bb7750 JavaThread "ForkJoinPool-1-worker-12"   daemon [_thread_blocked, id=10776, stack(0x0000003cb4700000,0x0000003cb4800000) (1024K)]
  0x000001a159bbb5d0 JavaThread "WorkerExecutor Queue Thread 3"        [_thread_blocked, id=17976, stack(0x0000003cb4800000,0x0000003cb4900000) (1024K)]
  0x000001a159bb9690 JavaThread "WorkerExecutor Queue Thread 4"        [_thread_blocked, id=18776, stack(0x0000003cb4900000,0x0000003cb4a00000) (1024K)]
  0x000001a159bb7f20 JavaThread "WorkerExecutor Queue Thread 5"        [_thread_blocked, id=3652, stack(0x0000003cb4a00000,0x0000003cb4b00000) (1024K)]
  0x000001a159bbc570 JavaThread "WorkerExecutor Queue Thread 6"        [_thread_blocked, id=25756, stack(0x0000003cb4b00000,0x0000003cb4c00000) (1024K)]
  0x000001a159bbec80 JavaThread "WorkerExecutor Queue Thread 7"        [_thread_blocked, id=15308, stack(0x0000003cb4c00000,0x0000003cb4d00000) (1024K)]
  0x000001a159bc03f0 JavaThread "WorkerExecutor Queue Thread 8"        [_thread_blocked, id=13424, stack(0x0000003cb4d00000,0x0000003cb4e00000) (1024K)]
Total: 92

Other Threads:
=>0x000001a14fa213c0 VMThread "VM Thread"                           [id=10768, stack(0x0000003cae700000,0x0000003cae800000) (1024K)]
  0x000001a14f9d8490 WatcherThread "VM Periodic Task Thread"        [id=3952, stack(0x0000003cae600000,0x0000003cae700000) (1024K)]
  0x000001a1355dd850 WorkerThread "GC Thread#0"                     [id=19416, stack(0x0000003cae100000,0x0000003cae200000) (1024K)]
  0x000001a154fb8560 WorkerThread "GC Thread#1"                     [id=20224, stack(0x0000003caf200000,0x0000003caf300000) (1024K)]
  0x000001a1550bb790 WorkerThread "GC Thread#2"                     [id=11520, stack(0x0000003caf300000,0x0000003caf400000) (1024K)]
  0x000001a1550bbfd0 WorkerThread "GC Thread#3"                     [id=11720, stack(0x0000003caf400000,0x0000003caf500000) (1024K)]
  0x000001a1550bc400 WorkerThread "GC Thread#4"                     [id=23112, stack(0x0000003caf500000,0x0000003caf600000) (1024K)]
  0x000001a15402f080 WorkerThread "GC Thread#5"                     [id=27660, stack(0x0000003caf600000,0x0000003caf700000) (1024K)]
  0x000001a1554ce150 WorkerThread "GC Thread#6"                     [id=1600, stack(0x0000003cafa00000,0x0000003cafb00000) (1024K)]
  0x000001a1554cd460 WorkerThread "GC Thread#7"                     [id=472, stack(0x0000003cafb00000,0x0000003cafc00000) (1024K)]
  0x000001a1554ce9f0 WorkerThread "GC Thread#8"                     [id=22180, stack(0x0000003cafc00000,0x0000003cafd00000) (1024K)]
  0x000001a1554cf290 WorkerThread "GC Thread#9"                     [id=8552, stack(0x0000003cafd00000,0x0000003cafe00000) (1024K)]
  0x000001a1355de8e0 ConcurrentGCThread "G1 Main Marker"            [id=22532, stack(0x0000003cae200000,0x0000003cae300000) (1024K)]
  0x000001a137b02490 WorkerThread "G1 Conc#0"                       [id=12752, stack(0x0000003cae300000,0x0000003cae400000) (1024K)]
  0x000001a1554cd010 WorkerThread "G1 Conc#1"                       [id=27420, stack(0x0000003cafe00000,0x0000003caff00000) (1024K)]
  0x000001a1554cee40 WorkerThread "G1 Conc#2"                       [id=23932, stack(0x0000003caff00000,0x0000003cb0000000) (1024K)]
  0x000001a14f8a29c0 ConcurrentGCThread "G1 Refine#0"               [id=7372, stack(0x0000003cae400000,0x0000003cae500000) (1024K)]
  0x000001a14f8a35d0 ConcurrentGCThread "G1 Service"                [id=19784, stack(0x0000003cae500000,0x0000003cae600000) (1024K)]
Total: 18

Threads with active compile tasks:
C2 CompilerThread0  51303 17253   !   4       com.google.common.cache.LocalCache$Segment::get (122 bytes)
Total: 1

VM state: at safepoint (normal execution)

VM Mutex/Monitor currently owned by a thread:  ([mutex/lock_event])
[0x00007ffc1f5d4698] Threads_lock - owner thread: 0x000001a14fa213c0
[0x00007ffc1f5d4818] Heap_lock - owner thread: 0x000001a155c2b800

Heap address: 0x0000000080000000, size: 2048 MB, Compressed Oops mode: 32-bit

CDS archive(s) not mapped
Compressed class space mapped at: 0x0000000038000000-0x0000000078000000, reserved size: 1073741824
UseCompressedClassPointers 1, UseCompactObjectHeaders 0
Narrow klass pointer bits 32, Max shift 3
Narrow klass base: 0x0000000000000000, Narrow klass shift: 0
Encoding Range: [0x0000000000000000 - 0x0000000100000000), (4294967296 bytes)
Klass Range:    [0x0000000038000000 - 0x0000000078000000), (1073741824 bytes)
Klass ID Range:  [939524096 - 2013265913) (1073741817)
No protection zone.

GC Precious Log:
 CardTable entry size: 512
 Card Set container configuration: InlinePtr #cards 5 size 8 Array Of Cards #cards 10 size 36 Howl #buckets 4 coarsen threshold 1843 Howl Bitmap #cards 512 size 80 coarsen threshold 460 Card regions per heap region 1 cards per card region 2048
 CPUs: 12 total, 12 available
 Memory: 16016M
 Large Page Support: Disabled
 NUMA Support: Disabled
 Compressed Oops: Enabled (32-bit)
 Heap Region Size: 1M
 Heap Min Capacity: 8M
 Heap Initial Capacity: 252M
 Heap Max Capacity: 2G
 Pre-touch: Disabled
 Parallel Workers: 10
 Concurrent Workers: 3
 Concurrent Refinement Workers: 10
 Periodic GC: Disabled

Heap:
 garbage-first heap   total reserved 2097152K, committed 306176K, used 182421K [0x0000000080000000, 0x0000000100000000)
  region size 1024K, 7 young (7168K), 7 survivors (7168K)

Heap Regions: E=young(eden), S=young(survivor), O=old, HS=humongous(starts), HC=humongous(continues), CS=collection set, F=free, TAMS=top-at-mark-start, PB=parsable bottom
|   0|0x0000000080000000, 0x0000000080100000, 0x0000000080100000|100%|HS|  |TAMS 0x0000000080000000| PB 0x0000000080000000| Complete |  0
|   1|0x0000000080100000, 0x0000000080200000, 0x0000000080200000|100%|HC|  |TAMS 0x0000000080100000| PB 0x0000000080100000| Complete |  0
|   2|0x0000000080200000, 0x0000000080300000, 0x0000000080300000|100%|HC|  |TAMS 0x0000000080200000| PB 0x0000000080200000| Complete |  0
|   3|0x0000000080300000, 0x0000000080400000, 0x0000000080400000|100%|HC|  |TAMS 0x0000000080300000| PB 0x0000000080300000| Complete |  0
|   4|0x0000000080400000, 0x0000000080500000, 0x0000000080500000|100%| O|  |TAMS 0x0000000080400000| PB 0x0000000080400000| Untracked |  0
|   5|0x0000000080500000, 0x0000000080600000, 0x0000000080600000|100%| O|  |TAMS 0x0000000080500000| PB 0x0000000080500000| Untracked |  0
|   6|0x0000000080600000, 0x0000000080700000, 0x0000000080700000|100%| O|  |TAMS 0x0000000080600000| PB 0x0000000080600000| Untracked |  0
|   7|0x0000000080700000, 0x0000000080800000, 0x0000000080800000|100%|HS|  |TAMS 0x0000000080700000| PB 0x0000000080700000| Complete |  0
|   8|0x0000000080800000, 0x0000000080900000, 0x0000000080900000|100%| O|  |TAMS 0x0000000080800000| PB 0x0000000080800000| Untracked |  0
|   9|0x0000000080900000, 0x0000000080a00000, 0x0000000080a00000|100%| O|  |TAMS 0x0000000080900000| PB 0x0000000080900000| Untracked |  0
|  10|0x0000000080a00000, 0x0000000080b00000, 0x0000000080b00000|100%| O|  |TAMS 0x0000000080a00000| PB 0x0000000080a00000| Untracked |  0
|  11|0x0000000080b00000, 0x0000000080c00000, 0x0000000080c00000|100%| O|  |TAMS 0x0000000080b00000| PB 0x0000000080b00000| Untracked |  0
|  12|0x0000000080c00000, 0x0000000080d00000, 0x0000000080d00000|100%| O|  |TAMS 0x0000000080c00000| PB 0x0000000080c00000| Untracked |  0
|  13|0x0000000080d00000, 0x0000000080e00000, 0x0000000080e00000|100%| O|  |TAMS 0x0000000080d00000| PB 0x0000000080d00000| Untracked |  0
|  14|0x0000000080e00000, 0x0000000080f00000, 0x0000000080f00000|100%| O|  |TAMS 0x0000000080e00000| PB 0x0000000080e00000| Untracked |  0
|  15|0x0000000080f00000, 0x0000000081000000, 0x0000000081000000|100%| O|  |TAMS 0x0000000080f00000| PB 0x0000000080f00000| Untracked |  0
|  16|0x0000000081000000, 0x0000000081100000, 0x0000000081100000|100%| O|  |TAMS 0x0000000081000000| PB 0x0000000081000000| Untracked |  0
|  17|0x0000000081100000, 0x0000000081200000, 0x0000000081200000|100%| O|  |TAMS 0x0000000081100000| PB 0x0000000081100000| Untracked |  0
|  18|0x0000000081200000, 0x0000000081300000, 0x0000000081300000|100%| O|  |TAMS 0x0000000081200000| PB 0x0000000081200000| Untracked |  0
|  19|0x0000000081300000, 0x0000000081400000, 0x0000000081400000|100%| O|  |TAMS 0x0000000081300000| PB 0x0000000081300000| Untracked |  0
|  20|0x0000000081400000, 0x0000000081500000, 0x0000000081500000|100%| O|  |TAMS 0x0000000081400000| PB 0x0000000081400000| Untracked |  0
|  21|0x0000000081500000, 0x0000000081600000, 0x0000000081600000|100%| O|  |TAMS 0x0000000081500000| PB 0x0000000081500000| Untracked |  0
|  22|0x0000000081600000, 0x0000000081700000, 0x0000000081700000|100%| O|  |TAMS 0x0000000081600000| PB 0x0000000081600000| Untracked |  0
|  23|0x0000000081700000, 0x0000000081800000, 0x0000000081800000|100%| O|  |TAMS 0x0000000081700000| PB 0x0000000081700000| Untracked |  0
|  24|0x0000000081800000, 0x0000000081900000, 0x0000000081900000|100%| O|  |TAMS 0x0000000081800000| PB 0x0000000081800000| Untracked |  0
|  25|0x0000000081900000, 0x0000000081a00000, 0x0000000081a00000|100%| O|  |TAMS 0x0000000081900000| PB 0x0000000081900000| Untracked |  0
|  26|0x0000000081a00000, 0x0000000081b00000, 0x0000000081b00000|100%| O|  |TAMS 0x0000000081a00000| PB 0x0000000081a00000| Untracked |  0
|  27|0x0000000081b00000, 0x0000000081c00000, 0x0000000081c00000|100%| O|  |TAMS 0x0000000081b00000| PB 0x0000000081b00000| Untracked |  0
|  28|0x0000000081c00000, 0x0000000081d00000, 0x0000000081d00000|100%| O|  |TAMS 0x0000000081c00000| PB 0x0000000081c00000| Untracked |  0
|  29|0x0000000081d00000, 0x0000000081e00000, 0x0000000081e00000|100%| O|  |TAMS 0x0000000081d00000| PB 0x0000000081d00000| Untracked |  0
|  30|0x0000000081e00000, 0x0000000081f00000, 0x0000000081f00000|100%| O|  |TAMS 0x0000000081e00000| PB 0x0000000081e00000| Untracked |  0
|  31|0x0000000081f00000, 0x0000000082000000, 0x0000000082000000|100%| O|  |TAMS 0x0000000081f00000| PB 0x0000000081f00000| Untracked |  0
|  32|0x0000000082000000, 0x0000000082100000, 0x0000000082100000|100%| O|  |TAMS 0x0000000082000000| PB 0x0000000082000000| Untracked |  0
|  33|0x0000000082100000, 0x0000000082200000, 0x0000000082200000|100%| O|  |TAMS 0x0000000082100000| PB 0x0000000082100000| Untracked |  0
|  34|0x0000000082200000, 0x0000000082300000, 0x0000000082300000|100%| O|  |TAMS 0x0000000082200000| PB 0x0000000082200000| Untracked |  0
|  35|0x0000000082300000, 0x0000000082400000, 0x0000000082400000|100%| O|  |TAMS 0x0000000082300000| PB 0x0000000082300000| Untracked |  0
|  36|0x0000000082400000, 0x0000000082500000, 0x0000000082500000|100%| O|  |TAMS 0x0000000082400000| PB 0x0000000082400000| Untracked |  0
|  37|0x0000000082500000, 0x0000000082600000, 0x0000000082600000|100%| O|  |TAMS 0x0000000082500000| PB 0x0000000082500000| Untracked |  0
|  38|0x0000000082600000, 0x0000000082700000, 0x0000000082700000|100%| O|  |TAMS 0x0000000082600000| PB 0x0000000082600000| Untracked |  0
|  39|0x0000000082700000, 0x0000000082800000, 0x0000000082800000|100%| O|  |TAMS 0x0000000082700000| PB 0x0000000082700000| Untracked |  0
|  40|0x0000000082800000, 0x0000000082900000, 0x0000000082900000|100%| O|  |TAMS 0x0000000082800000| PB 0x0000000082800000| Untracked |  0
|  41|0x0000000082900000, 0x0000000082a00000, 0x0000000082a00000|100%| O|  |TAMS 0x0000000082900000| PB 0x0000000082900000| Untracked |  0
|  42|0x0000000082a00000, 0x0000000082b00000, 0x0000000082b00000|100%| O|  |TAMS 0x0000000082a00000| PB 0x0000000082a00000| Untracked |  0
|  43|0x0000000082b00000, 0x0000000082c00000, 0x0000000082c00000|100%|HS|  |TAMS 0x0000000082b00000| PB 0x0000000082b00000| Complete |  0
|  44|0x0000000082c00000, 0x0000000082d00000, 0x0000000082d00000|100%| O|  |TAMS 0x0000000082c00000| PB 0x0000000082c00000| Untracked |  0
|  45|0x0000000082d00000, 0x0000000082e00000, 0x0000000082e00000|100%|HS|  |TAMS 0x0000000082d00000| PB 0x0000000082d00000| Complete |  0
|  46|0x0000000082e00000, 0x0000000082f00000, 0x0000000082f00000|100%|HS|  |TAMS 0x0000000082e00000| PB 0x0000000082e00000| Complete |  0
|  47|0x0000000082f00000, 0x0000000083000000, 0x0000000083000000|100%|HS|  |TAMS 0x0000000082f00000| PB 0x0000000082f00000| Complete |  0
|  48|0x0000000083000000, 0x0000000083100000, 0x0000000083100000|100%|HC|  |TAMS 0x0000000083000000| PB 0x0000000083000000| Complete |  0
|  49|0x0000000083100000, 0x0000000083200000, 0x0000000083200000|100%|HS|  |TAMS 0x0000000083100000| PB 0x0000000083100000| Complete |  0
|  50|0x0000000083200000, 0x0000000083300000, 0x0000000083300000|100%|HS|  |TAMS 0x0000000083200000| PB 0x0000000083200000| Complete |  0
|  51|0x0000000083300000, 0x0000000083400000, 0x0000000083400000|100%| O|  |TAMS 0x0000000083300000| PB 0x0000000083300000| Untracked |  0
|  52|0x0000000083400000, 0x0000000083500000, 0x0000000083500000|100%| O|  |TAMS 0x0000000083400000| PB 0x0000000083400000| Untracked |  0
|  53|0x0000000083500000, 0x0000000083600000, 0x0000000083600000|100%|HS|  |TAMS 0x0000000083500000| PB 0x0000000083500000| Complete |  0
|  54|0x0000000083600000, 0x0000000083700000, 0x0000000083700000|100%| O|  |TAMS 0x0000000083600000| PB 0x0000000083600000| Untracked |  0
|  55|0x0000000083700000, 0x0000000083800000, 0x0000000083800000|100%|HS|  |TAMS 0x0000000083700000| PB 0x0000000083700000| Complete |  0
|  56|0x0000000083800000, 0x0000000083900000, 0x0000000083900000|100%|HS|  |TAMS 0x0000000083800000| PB 0x0000000083800000| Complete |  0
|  57|0x0000000083900000, 0x0000000083a00000, 0x0000000083a00000|100%| O|  |TAMS 0x0000000083900000| PB 0x0000000083900000| Untracked |  0
|  58|0x0000000083a00000, 0x0000000083b00000, 0x0000000083b00000|100%| O|  |TAMS 0x0000000083a00000| PB 0x0000000083a00000| Untracked |  0
|  59|0x0000000083b00000, 0x0000000083c00000, 0x0000000083c00000|100%|HS|  |TAMS 0x0000000083b00000| PB 0x0000000083b00000| Complete |  0
|  60|0x0000000083c00000, 0x0000000083d00000, 0x0000000083d00000|100%|HC|  |TAMS 0x0000000083c00000| PB 0x0000000083c00000| Complete |  0
|  61|0x0000000083d00000, 0x0000000083e00000, 0x0000000083e00000|100%| O|  |TAMS 0x0000000083d00000| PB 0x0000000083d00000| Untracked |  0
|  62|0x0000000083e00000, 0x0000000083f00000, 0x0000000083f00000|100%| O|  |TAMS 0x0000000083e00000| PB 0x0000000083e00000| Untracked |  0
|  63|0x0000000083f00000, 0x0000000084000000, 0x0000000084000000|100%| O|  |TAMS 0x0000000083f00000| PB 0x0000000083f00000| Untracked |  0
|  64|0x0000000084000000, 0x0000000084100000, 0x0000000084100000|100%| O|  |TAMS 0x0000000084000000| PB 0x0000000084000000| Untracked |  0
|  65|0x0000000084100000, 0x0000000084200000, 0x0000000084200000|100%| O|  |TAMS 0x0000000084100000| PB 0x0000000084100000| Untracked |  0
|  66|0x0000000084200000, 0x0000000084300000, 0x0000000084300000|100%|HS|  |TAMS 0x0000000084200000| PB 0x0000000084200000| Complete |  0
|  67|0x0000000084300000, 0x0000000084400000, 0x0000000084400000|100%| O|  |TAMS 0x0000000084300000| PB 0x0000000084300000| Untracked |  0
|  68|0x0000000084400000, 0x0000000084500000, 0x0000000084500000|100%| O|  |TAMS 0x0000000084400000| PB 0x0000000084400000| Untracked |  0
|  69|0x0000000084500000, 0x0000000084600000, 0x0000000084600000|100%| O|  |TAMS 0x0000000084500000| PB 0x0000000084500000| Untracked |  0
|  70|0x0000000084600000, 0x0000000084700000, 0x0000000084700000|100%| O|  |TAMS 0x0000000084600000| PB 0x0000000084600000| Untracked |  0
|  71|0x0000000084700000, 0x0000000084800000, 0x0000000084800000|100%| O|  |TAMS 0x0000000084700000| PB 0x0000000084700000| Untracked |  0
|  72|0x0000000084800000, 0x0000000084900000, 0x0000000084900000|100%| O|  |TAMS 0x0000000084800000| PB 0x0000000084800000| Untracked |  0
|  73|0x0000000084900000, 0x0000000084a00000, 0x0000000084a00000|100%| O|  |TAMS 0x0000000084900000| PB 0x0000000084900000| Untracked |  0
|  74|0x0000000084a00000, 0x0000000084b00000, 0x0000000084b00000|100%| O|  |TAMS 0x0000000084a00000| PB 0x0000000084a00000| Untracked |  0
|  75|0x0000000084b00000, 0x0000000084c00000, 0x0000000084c00000|100%| O|  |TAMS 0x0000000084b00000| PB 0x0000000084b00000| Untracked |  0
|  76|0x0000000084c00000, 0x0000000084d00000, 0x0000000084d00000|100%| O|  |TAMS 0x0000000084c00000| PB 0x0000000084c00000| Untracked |  0
|  77|0x0000000084d00000, 0x0000000084e00000, 0x0000000084e00000|100%| O|  |TAMS 0x0000000084d00000| PB 0x0000000084d00000| Untracked |  0
|  78|0x0000000084e00000, 0x0000000084f00000, 0x0000000084f00000|100%| O|  |TAMS 0x0000000084e00000| PB 0x0000000084e00000| Untracked |  0
|  79|0x0000000084f00000, 0x0000000085000000, 0x0000000085000000|100%| O|  |TAMS 0x0000000084f00000| PB 0x0000000084f00000| Untracked |  0
|  80|0x0000000085000000, 0x0000000085100000, 0x0000000085100000|100%| O|  |TAMS 0x0000000085000000| PB 0x0000000085000000| Untracked |  0
|  81|0x0000000085100000, 0x0000000085200000, 0x0000000085200000|100%|HS|  |TAMS 0x0000000085100000| PB 0x0000000085100000| Complete |  0
|  82|0x0000000085200000, 0x0000000085300000, 0x0000000085300000|100%| O|  |TAMS 0x0000000085200000| PB 0x0000000085200000| Untracked |  0
|  83|0x0000000085300000, 0x0000000085400000, 0x0000000085400000|100%| O|  |TAMS 0x0000000085300000| PB 0x0000000085300000| Untracked |  0
|  84|0x0000000085400000, 0x0000000085500000, 0x0000000085500000|100%| O|  |TAMS 0x0000000085400000| PB 0x0000000085400000| Untracked |  0
|  85|0x0000000085500000, 0x0000000085600000, 0x0000000085600000|100%| O|  |TAMS 0x0000000085500000| PB 0x0000000085500000| Untracked |  0
|  86|0x0000000085600000, 0x0000000085700000, 0x0000000085700000|100%| O|  |TAMS 0x0000000085600000| PB 0x0000000085600000| Untracked |  0
|  87|0x0000000085700000, 0x0000000085800000, 0x0000000085800000|100%| O|  |TAMS 0x0000000085700000| PB 0x0000000085700000| Untracked |  0
|  88|0x0000000085800000, 0x0000000085900000, 0x0000000085900000|100%| O|  |TAMS 0x0000000085800000| PB 0x0000000085800000| Untracked |  0
|  89|0x0000000085900000, 0x0000000085a00000, 0x0000000085a00000|100%| O|  |TAMS 0x0000000085900000| PB 0x0000000085900000| Untracked |  0
|  90|0x0000000085a00000, 0x0000000085b00000, 0x0000000085b00000|100%| O|  |TAMS 0x0000000085a00000| PB 0x0000000085a00000| Untracked |  0
|  91|0x0000000085b00000, 0x0000000085c00000, 0x0000000085c00000|100%| O|  |TAMS 0x0000000085b00000| PB 0x0000000085b00000| Untracked |  0
|  92|0x0000000085c00000, 0x0000000085d00000, 0x0000000085d00000|100%| O|  |TAMS 0x0000000085c00000| PB 0x0000000085c00000| Untracked |  0
|  93|0x0000000085d00000, 0x0000000085e00000, 0x0000000085e00000|100%| O|  |TAMS 0x0000000085d00000| PB 0x0000000085d00000| Untracked |  0
|  94|0x0000000085e00000, 0x0000000085f00000, 0x0000000085f00000|100%| O|  |TAMS 0x0000000085e00000| PB 0x0000000085e00000| Untracked |  0
|  95|0x0000000085f00000, 0x0000000086000000, 0x0000000086000000|100%| O|  |TAMS 0x0000000085f00000| PB 0x0000000085f00000| Untracked |  0
|  96|0x0000000086000000, 0x0000000086100000, 0x0000000086100000|100%|HS|  |TAMS 0x0000000086000000| PB 0x0000000086000000| Complete |  0
|  97|0x0000000086100000, 0x0000000086200000, 0x0000000086200000|100%| O|  |TAMS 0x0000000086100000| PB 0x0000000086100000| Untracked |  0
|  98|0x0000000086200000, 0x0000000086300000, 0x0000000086300000|100%| O|  |TAMS 0x0000000086200000| PB 0x0000000086200000| Untracked |  0
|  99|0x0000000086300000, 0x0000000086400000, 0x0000000086400000|100%| O|  |TAMS 0x0000000086300000| PB 0x0000000086300000| Untracked |  0
| 100|0x0000000086400000, 0x0000000086500000, 0x0000000086500000|100%| O|  |TAMS 0x0000000086400000| PB 0x0000000086400000| Untracked |  0
| 101|0x0000000086500000, 0x0000000086600000, 0x0000000086600000|100%| O|  |TAMS 0x0000000086500000| PB 0x0000000086500000| Untracked |  0
| 102|0x0000000086600000, 0x0000000086700000, 0x0000000086700000|100%| O|  |TAMS 0x0000000086600000| PB 0x0000000086600000| Untracked |  0
| 103|0x0000000086700000, 0x0000000086800000, 0x0000000086800000|100%| O|  |TAMS 0x0000000086700000| PB 0x0000000086700000| Untracked |  0
| 104|0x0000000086800000, 0x0000000086900000, 0x0000000086900000|100%| O|  |TAMS 0x0000000086800000| PB 0x0000000086800000| Untracked |  0
| 105|0x0000000086900000, 0x0000000086a00000, 0x0000000086a00000|100%| O|  |TAMS 0x0000000086900000| PB 0x0000000086900000| Untracked |  0
| 106|0x0000000086a00000, 0x0000000086b00000, 0x0000000086b00000|100%| O|  |TAMS 0x0000000086a00000| PB 0x0000000086a00000| Untracked |  0
| 107|0x0000000086b00000, 0x0000000086c00000, 0x0000000086c00000|100%| O|  |TAMS 0x0000000086b00000| PB 0x0000000086b00000| Untracked |  0
| 108|0x0000000086c00000, 0x0000000086d00000, 0x0000000086d00000|100%| O|  |TAMS 0x0000000086c00000| PB 0x0000000086c00000| Untracked |  0
| 109|0x0000000086d00000, 0x0000000086e00000, 0x0000000086e00000|100%| O|  |TAMS 0x0000000086d00000| PB 0x0000000086d00000| Untracked |  0
| 110|0x0000000086e00000, 0x0000000086f00000, 0x0000000086f00000|100%| O|  |TAMS 0x0000000086e00000| PB 0x0000000086e00000| Untracked |  0
| 111|0x0000000086f00000, 0x0000000087000000, 0x0000000087000000|100%|HS|  |TAMS 0x0000000086f00000| PB 0x0000000086f00000| Complete |  0
| 112|0x0000000087000000, 0x0000000087100000, 0x0000000087100000|100%| O|  |TAMS 0x0000000087000000| PB 0x0000000087000000| Untracked |  0
| 113|0x0000000087100000, 0x0000000087200000, 0x0000000087200000|100%| O|  |TAMS 0x0000000087100000| PB 0x0000000087100000| Untracked |  0
| 114|0x0000000087200000, 0x0000000087300000, 0x0000000087300000|100%| O|  |TAMS 0x0000000087200000| PB 0x0000000087200000| Untracked |  0
| 115|0x0000000087300000, 0x0000000087400000, 0x0000000087400000|100%| O|  |TAMS 0x0000000087300000| PB 0x0000000087300000| Untracked |  0
| 116|0x0000000087400000, 0x0000000087500000, 0x0000000087500000|100%| O|  |TAMS 0x0000000087400000| PB 0x0000000087400000| Untracked |  0
| 117|0x0000000087500000, 0x0000000087600000, 0x0000000087600000|100%| O|  |TAMS 0x0000000087500000| PB 0x0000000087500000| Untracked |  0
| 118|0x0000000087600000, 0x0000000087700000, 0x0000000087700000|100%| O|  |TAMS 0x0000000087600000| PB 0x0000000087600000| Untracked |  0
| 119|0x0000000087700000, 0x0000000087800000, 0x0000000087800000|100%| O|  |TAMS 0x0000000087700000| PB 0x0000000087700000| Untracked |  0
| 120|0x0000000087800000, 0x0000000087900000, 0x0000000087900000|100%| O|  |TAMS 0x0000000087800000| PB 0x0000000087800000| Untracked |  0
| 121|0x0000000087900000, 0x0000000087a00000, 0x0000000087a00000|100%| O|  |TAMS 0x0000000087900000| PB 0x0000000087900000| Untracked |  0
| 122|0x0000000087a00000, 0x0000000087a00000, 0x0000000087b00000|  0%| F|  |TAMS 0x0000000087a00000| PB 0x0000000087a00000| Untracked |  0
| 123|0x0000000087b00000, 0x0000000087c00000, 0x0000000087c00000|100%| O|  |TAMS 0x0000000087b00000| PB 0x0000000087b00000| Untracked |  0
| 124|0x0000000087c00000, 0x0000000087d00000, 0x0000000087d00000|100%| O|  |TAMS 0x0000000087c00000| PB 0x0000000087c00000| Untracked |  0
| 125|0x0000000087d00000, 0x0000000087e00000, 0x0000000087e00000|100%| O|  |TAMS 0x0000000087d00000| PB 0x0000000087d00000| Untracked |  0
| 126|0x0000000087e00000, 0x0000000087f00000, 0x0000000087f00000|100%| O|  |TAMS 0x0000000087e00000| PB 0x0000000087e00000| Untracked |  0
| 127|0x0000000087f00000, 0x0000000088000000, 0x0000000088000000|100%| O|  |TAMS 0x0000000087f00000| PB 0x0000000087f00000| Untracked |  0
| 128|0x0000000088000000, 0x0000000088100000, 0x0000000088100000|100%| O|  |TAMS 0x0000000088000000| PB 0x0000000088000000| Untracked |  0
| 129|0x0000000088100000, 0x0000000088200000, 0x0000000088200000|100%| O|  |TAMS 0x0000000088100000| PB 0x0000000088100000| Untracked |  0
| 130|0x0000000088200000, 0x0000000088300000, 0x0000000088300000|100%| O|  |TAMS 0x0000000088200000| PB 0x0000000088200000| Untracked |  0
| 131|0x0000000088300000, 0x0000000088400000, 0x0000000088400000|100%| O|  |TAMS 0x0000000088300000| PB 0x0000000088300000| Untracked |  0
| 132|0x0000000088400000, 0x0000000088500000, 0x0000000088500000|100%| O|  |TAMS 0x0000000088400000| PB 0x0000000088400000| Untracked |  0
| 133|0x0000000088500000, 0x0000000088600000, 0x0000000088600000|100%|HS|  |TAMS 0x0000000088500000| PB 0x0000000088500000| Complete |  0
| 134|0x0000000088600000, 0x0000000088700000, 0x0000000088700000|100%| O|  |TAMS 0x0000000088600000| PB 0x0000000088600000| Untracked |  0
| 135|0x0000000088700000, 0x0000000088800000, 0x0000000088800000|100%| O|  |TAMS 0x0000000088700000| PB 0x0000000088700000| Untracked |  0
| 136|0x0000000088800000, 0x0000000088900000, 0x0000000088900000|100%| O|  |TAMS 0x0000000088800000| PB 0x0000000088800000| Untracked |  0
| 137|0x0000000088900000, 0x0000000088a00000, 0x0000000088a00000|100%| O|  |TAMS 0x0000000088900000| PB 0x0000000088900000| Untracked |  0
| 138|0x0000000088a00000, 0x0000000088b00000, 0x0000000088b00000|100%| O|  |TAMS 0x0000000088a00000| PB 0x0000000088a00000| Untracked |  0
| 139|0x0000000088b00000, 0x0000000088c00000, 0x0000000088c00000|100%| O|  |TAMS 0x0000000088b00000| PB 0x0000000088b00000| Untracked |  0
| 140|0x0000000088c00000, 0x0000000088d00000, 0x0000000088d00000|100%| O|  |TAMS 0x0000000088c00000| PB 0x0000000088c00000| Untracked |  0
| 141|0x0000000088d00000, 0x0000000088e00000, 0x0000000088e00000|100%| O|  |TAMS 0x0000000088d00000| PB 0x0000000088d00000| Untracked |  0
| 142|0x0000000088e00000, 0x0000000088f00000, 0x0000000088f00000|100%| O|  |TAMS 0x0000000088e00000| PB 0x0000000088e00000| Untracked |  0
| 143|0x0000000088f00000, 0x0000000088f00000, 0x0000000089000000|  0%| F|  |TAMS 0x0000000088f00000| PB 0x0000000088f00000| Untracked |  0
| 144|0x0000000089000000, 0x0000000089100000, 0x0000000089100000|100%| O|  |TAMS 0x0000000089000000| PB 0x0000000089000000| Untracked |  0
| 145|0x0000000089100000, 0x0000000089200000, 0x0000000089200000|100%| O|  |TAMS 0x0000000089100000| PB 0x0000000089100000| Untracked |  0
| 146|0x0000000089200000, 0x0000000089300000, 0x0000000089300000|100%| O|  |TAMS 0x0000000089200000| PB 0x0000000089200000| Untracked |  0
| 147|0x0000000089300000, 0x0000000089400000, 0x0000000089400000|100%| O|  |TAMS 0x0000000089300000| PB 0x0000000089300000| Untracked |  0
| 148|0x0000000089400000, 0x0000000089500000, 0x0000000089500000|100%| O|  |TAMS 0x0000000089400000| PB 0x0000000089400000| Untracked |  0
| 149|0x0000000089500000, 0x0000000089500000, 0x0000000089600000|  0%| F|  |TAMS 0x0000000089500000| PB 0x0000000089500000| Untracked |  0
| 150|0x0000000089600000, 0x0000000089600000, 0x0000000089700000|  0%| F|  |TAMS 0x0000000089600000| PB 0x0000000089600000| Untracked |  0
| 151|0x0000000089700000, 0x0000000089800000, 0x0000000089800000|100%| O|  |TAMS 0x0000000089700000| PB 0x0000000089700000| Untracked |  0
| 152|0x0000000089800000, 0x0000000089900000, 0x0000000089900000|100%| O|  |TAMS 0x0000000089800000| PB 0x0000000089800000| Untracked |  0
| 153|0x0000000089900000, 0x0000000089a00000, 0x0000000089a00000|100%| O|  |TAMS 0x0000000089900000| PB 0x0000000089900000| Untracked |  0
| 154|0x0000000089a00000, 0x0000000089b00000, 0x0000000089b00000|100%| O|  |TAMS 0x0000000089a00000| PB 0x0000000089a00000| Untracked |  0
| 155|0x0000000089b00000, 0x0000000089c00000, 0x0000000089c00000|100%| O|  |TAMS 0x0000000089b00000| PB 0x0000000089b00000| Untracked |  0
| 156|0x0000000089c00000, 0x0000000089d00000, 0x0000000089d00000|100%| O|  |TAMS 0x0000000089c00000| PB 0x0000000089c00000| Untracked |  0
| 157|0x0000000089d00000, 0x0000000089e00000, 0x0000000089e00000|100%|HS|  |TAMS 0x0000000089d00000| PB 0x0000000089d00000| Complete |  0
| 158|0x0000000089e00000, 0x0000000089e79b00, 0x0000000089f00000| 47%| O|  |TAMS 0x0000000089e00000| PB 0x0000000089e00000| Untracked |  0
| 159|0x0000000089f00000, 0x0000000089f00000, 0x000000008a000000|  0%| F|  |TAMS 0x0000000089f00000| PB 0x0000000089f00000| Untracked |  0
| 160|0x000000008a000000, 0x000000008a000000, 0x000000008a100000|  0%| F|  |TAMS 0x000000008a000000| PB 0x000000008a000000| Untracked |  0
| 161|0x000000008a100000, 0x000000008a100000, 0x000000008a200000|  0%| F|  |TAMS 0x000000008a100000| PB 0x000000008a100000| Untracked |  0
| 162|0x000000008a200000, 0x000000008a200000, 0x000000008a300000|  0%| F|  |TAMS 0x000000008a200000| PB 0x000000008a200000| Untracked |  0
| 163|0x000000008a300000, 0x000000008a300000, 0x000000008a400000|  0%| F|  |TAMS 0x000000008a300000| PB 0x000000008a300000| Untracked |  0
| 164|0x000000008a400000, 0x000000008a500000, 0x000000008a500000|100%| O|  |TAMS 0x000000008a400000| PB 0x000000008a400000| Untracked |  0
| 165|0x000000008a500000, 0x000000008a500000, 0x000000008a600000|  0%| F|  |TAMS 0x000000008a500000| PB 0x000000008a500000| Untracked |  0
| 166|0x000000008a600000, 0x000000008a600000, 0x000000008a700000|  0%| F|  |TAMS 0x000000008a600000| PB 0x000000008a600000| Untracked |  0
| 167|0x000000008a700000, 0x000000008a700000, 0x000000008a800000|  0%| F|  |TAMS 0x000000008a700000| PB 0x000000008a700000| Untracked |  0
| 168|0x000000008a800000, 0x000000008a800000, 0x000000008a900000|  0%| F|  |TAMS 0x000000008a800000| PB 0x000000008a800000| Untracked |  0
| 169|0x000000008a900000, 0x000000008a900000, 0x000000008aa00000|  0%| F|  |TAMS 0x000000008a900000| PB 0x000000008a900000| Untracked |  0
| 170|0x000000008aa00000, 0x000000008aa00000, 0x000000008ab00000|  0%| F|  |TAMS 0x000000008aa00000| PB 0x000000008aa00000| Untracked |  0
| 171|0x000000008ab00000, 0x000000008ab00000, 0x000000008ac00000|  0%| F|  |TAMS 0x000000008ab00000| PB 0x000000008ab00000| Untracked |  0
| 172|0x000000008ac00000, 0x000000008ac00000, 0x000000008ad00000|  0%| F|  |TAMS 0x000000008ac00000| PB 0x000000008ac00000| Untracked |  0
| 173|0x000000008ad00000, 0x000000008ad00000, 0x000000008ae00000|  0%| F|  |TAMS 0x000000008ad00000| PB 0x000000008ad00000| Untracked |  0
| 174|0x000000008ae00000, 0x000000008ae00000, 0x000000008af00000|  0%| F|  |TAMS 0x000000008ae00000| PB 0x000000008ae00000| Untracked |  0
| 175|0x000000008af00000, 0x000000008af00000, 0x000000008b000000|  0%| F|  |TAMS 0x000000008af00000| PB 0x000000008af00000| Untracked |  0
| 176|0x000000008b000000, 0x000000008b000000, 0x000000008b100000|  0%| F|  |TAMS 0x000000008b000000| PB 0x000000008b000000| Untracked |  0
| 177|0x000000008b100000, 0x000000008b100000, 0x000000008b200000|  0%| F|  |TAMS 0x000000008b100000| PB 0x000000008b100000| Untracked |  0
| 178|0x000000008b200000, 0x000000008b200000, 0x000000008b300000|  0%| F|  |TAMS 0x000000008b200000| PB 0x000000008b200000| Untracked |  0
| 179|0x000000008b300000, 0x000000008b300000, 0x000000008b400000|  0%| F|  |TAMS 0x000000008b300000| PB 0x000000008b300000| Untracked |  0
| 180|0x000000008b400000, 0x000000008b400000, 0x000000008b500000|  0%| F|  |TAMS 0x000000008b400000| PB 0x000000008b400000| Untracked |  0
| 181|0x000000008b500000, 0x000000008b500000, 0x000000008b600000|  0%| F|  |TAMS 0x000000008b500000| PB 0x000000008b500000| Untracked |  0
| 182|0x000000008b600000, 0x000000008b600000, 0x000000008b700000|  0%| F|  |TAMS 0x000000008b600000| PB 0x000000008b600000| Untracked |  0
| 183|0x000000008b700000, 0x000000008b700000, 0x000000008b800000|  0%| F|  |TAMS 0x000000008b700000| PB 0x000000008b700000| Untracked |  0
| 184|0x000000008b800000, 0x000000008b800000, 0x000000008b900000|  0%| F|  |TAMS 0x000000008b800000| PB 0x000000008b800000| Untracked |  0
| 185|0x000000008b900000, 0x000000008b900000, 0x000000008ba00000|  0%| F|  |TAMS 0x000000008b900000| PB 0x000000008b900000| Untracked |  0
| 186|0x000000008ba00000, 0x000000008ba00000, 0x000000008bb00000|  0%| F|  |TAMS 0x000000008ba00000| PB 0x000000008ba00000| Untracked |  0
| 187|0x000000008bb00000, 0x000000008bb00000, 0x000000008bc00000|  0%| F|  |TAMS 0x000000008bb00000| PB 0x000000008bb00000| Untracked |  0
| 188|0x000000008bc00000, 0x000000008bc00000, 0x000000008bd00000|  0%| F|  |TAMS 0x000000008bc00000| PB 0x000000008bc00000| Untracked |  0
| 189|0x000000008bd00000, 0x000000008bd00000, 0x000000008be00000|  0%| F|  |TAMS 0x000000008bd00000| PB 0x000000008bd00000| Untracked |  0
| 190|0x000000008be00000, 0x000000008be00000, 0x000000008bf00000|  0%| F|  |TAMS 0x000000008be00000| PB 0x000000008be00000| Untracked |  0
| 191|0x000000008bf00000, 0x000000008bf00000, 0x000000008c000000|  0%| F|  |TAMS 0x000000008bf00000| PB 0x000000008bf00000| Untracked |  0
| 192|0x000000008c000000, 0x000000008c000000, 0x000000008c100000|  0%| F|  |TAMS 0x000000008c000000| PB 0x000000008c000000| Untracked |  0
| 193|0x000000008c100000, 0x000000008c100000, 0x000000008c200000|  0%| F|  |TAMS 0x000000008c100000| PB 0x000000008c100000| Untracked |  0
| 194|0x000000008c200000, 0x000000008c200000, 0x000000008c300000|  0%| F|  |TAMS 0x000000008c200000| PB 0x000000008c200000| Untracked |  0
| 195|0x000000008c300000, 0x000000008c300000, 0x000000008c400000|  0%| F|  |TAMS 0x000000008c300000| PB 0x000000008c300000| Untracked |  0
| 196|0x000000008c400000, 0x000000008c4aba40, 0x000000008c500000| 67%| S|CS|TAMS 0x000000008c400000| PB 0x000000008c400000| Complete |  0
| 197|0x000000008c500000, 0x000000008c600000, 0x000000008c600000|100%| S|CS|TAMS 0x000000008c500000| PB 0x000000008c500000| Complete |  0
| 198|0x000000008c600000, 0x000000008c700000, 0x000000008c700000|100%| S|CS|TAMS 0x000000008c600000| PB 0x000000008c600000| Complete |  0
| 199|0x000000008c700000, 0x000000008c800000, 0x000000008c800000|100%| S|CS|TAMS 0x000000008c700000| PB 0x000000008c700000| Complete |  0
| 200|0x000000008c800000, 0x000000008c900000, 0x000000008c900000|100%| S|CS|TAMS 0x000000008c800000| PB 0x000000008c800000| Complete |  0
| 201|0x000000008c900000, 0x000000008ca00000, 0x000000008ca00000|100%| S|CS|TAMS 0x000000008c900000| PB 0x000000008c900000| Complete |  0
| 202|0x000000008ca00000, 0x000000008cb00000, 0x000000008cb00000|100%| S|CS|TAMS 0x000000008ca00000| PB 0x000000008ca00000| Complete |  0
| 203|0x000000008cb00000, 0x000000008cb00000, 0x000000008cc00000|  0%| F|  |TAMS 0x000000008cb00000| PB 0x000000008cb00000| Untracked |  0
| 204|0x000000008cc00000, 0x000000008cc00000, 0x000000008cd00000|  0%| F|  |TAMS 0x000000008cc00000| PB 0x000000008cc00000| Untracked |  0
| 205|0x000000008cd00000, 0x000000008cd00000, 0x000000008ce00000|  0%| F|  |TAMS 0x000000008cd00000| PB 0x000000008cd00000| Untracked |  0
| 206|0x000000008ce00000, 0x000000008ce00000, 0x000000008cf00000|  0%| F|  |TAMS 0x000000008ce00000| PB 0x000000008ce00000| Untracked |  0
| 207|0x000000008cf00000, 0x000000008cf00000, 0x000000008d000000|  0%| F|  |TAMS 0x000000008cf00000| PB 0x000000008cf00000| Untracked |  0
| 208|0x000000008d000000, 0x000000008d000000, 0x000000008d100000|  0%| F|  |TAMS 0x000000008d000000| PB 0x000000008d000000| Untracked |  0
| 209|0x000000008d100000, 0x000000008d100000, 0x000000008d200000|  0%| F|  |TAMS 0x000000008d100000| PB 0x000000008d100000| Untracked |  0
| 210|0x000000008d200000, 0x000000008d200000, 0x000000008d300000|  0%| F|  |TAMS 0x000000008d200000| PB 0x000000008d200000| Untracked |  0
| 211|0x000000008d300000, 0x000000008d300000, 0x000000008d400000|  0%| F|  |TAMS 0x000000008d300000| PB 0x000000008d300000| Untracked |  0
| 212|0x000000008d400000, 0x000000008d400000, 0x000000008d500000|  0%| F|  |TAMS 0x000000008d400000| PB 0x000000008d400000| Untracked |  0
| 213|0x000000008d500000, 0x000000008d500000, 0x000000008d600000|  0%| F|  |TAMS 0x000000008d500000| PB 0x000000008d500000| Untracked |  0
| 214|0x000000008d600000, 0x000000008d600000, 0x000000008d700000|  0%| F|  |TAMS 0x000000008d600000| PB 0x000000008d600000| Untracked |  0
| 215|0x000000008d700000, 0x000000008d700000, 0x000000008d800000|  0%| F|  |TAMS 0x000000008d700000| PB 0x000000008d700000| Untracked |  0
| 216|0x000000008d800000, 0x000000008d800000, 0x000000008d900000|  0%| F|  |TAMS 0x000000008d800000| PB 0x000000008d800000| Untracked |  0
| 217|0x000000008d900000, 0x000000008d900000, 0x000000008da00000|  0%| F|  |TAMS 0x000000008d900000| PB 0x000000008d900000| Untracked |  0
| 218|0x000000008da00000, 0x000000008da00000, 0x000000008db00000|  0%| F|  |TAMS 0x000000008da00000| PB 0x000000008da00000| Untracked |  0
| 219|0x000000008db00000, 0x000000008db00000, 0x000000008dc00000|  0%| F|  |TAMS 0x000000008db00000| PB 0x000000008db00000| Untracked |  0
| 220|0x000000008dc00000, 0x000000008dc00000, 0x000000008dd00000|  0%| F|  |TAMS 0x000000008dc00000| PB 0x000000008dc00000| Untracked |  0
| 221|0x000000008dd00000, 0x000000008dd00000, 0x000000008de00000|  0%| F|  |TAMS 0x000000008dd00000| PB 0x000000008dd00000| Untracked |  0
| 222|0x000000008de00000, 0x000000008de00000, 0x000000008df00000|  0%| F|  |TAMS 0x000000008de00000| PB 0x000000008de00000| Untracked |  0
| 223|0x000000008df00000, 0x000000008df00000, 0x000000008e000000|  0%| F|  |TAMS 0x000000008df00000| PB 0x000000008df00000| Untracked |  0
| 224|0x000000008e000000, 0x000000008e000000, 0x000000008e100000|  0%| F|  |TAMS 0x000000008e000000| PB 0x000000008e000000| Untracked |  0
| 225|0x000000008e100000, 0x000000008e100000, 0x000000008e200000|  0%| F|  |TAMS 0x000000008e100000| PB 0x000000008e100000| Untracked |  0
| 226|0x000000008e200000, 0x000000008e200000, 0x000000008e300000|  0%| F|  |TAMS 0x000000008e200000| PB 0x000000008e200000| Untracked |  0
| 227|0x000000008e300000, 0x000000008e300000, 0x000000008e400000|  0%| F|  |TAMS 0x000000008e300000| PB 0x000000008e300000| Untracked |  0
| 228|0x000000008e400000, 0x000000008e400000, 0x000000008e500000|  0%| F|  |TAMS 0x000000008e400000| PB 0x000000008e400000| Untracked |  0
| 229|0x000000008e500000, 0x000000008e500000, 0x000000008e600000|  0%| F|  |TAMS 0x000000008e500000| PB 0x000000008e500000| Untracked |  0
| 230|0x000000008e600000, 0x000000008e600000, 0x000000008e700000|  0%| F|  |TAMS 0x000000008e600000| PB 0x000000008e600000| Untracked |  0
| 231|0x000000008e700000, 0x000000008e700000, 0x000000008e800000|  0%| F|  |TAMS 0x000000008e700000| PB 0x000000008e700000| Untracked |  0
| 232|0x000000008e800000, 0x000000008e800000, 0x000000008e900000|  0%| F|  |TAMS 0x000000008e800000| PB 0x000000008e800000| Untracked |  0
| 233|0x000000008e900000, 0x000000008e900000, 0x000000008ea00000|  0%| F|  |TAMS 0x000000008e900000| PB 0x000000008e900000| Untracked |  0
| 234|0x000000008ea00000, 0x000000008ea00000, 0x000000008eb00000|  0%| F|  |TAMS 0x000000008ea00000| PB 0x000000008ea00000| Untracked |  0
| 235|0x000000008eb00000, 0x000000008eb00000, 0x000000008ec00000|  0%| F|  |TAMS 0x000000008eb00000| PB 0x000000008eb00000| Untracked |  0
| 236|0x000000008ec00000, 0x000000008ec00000, 0x000000008ed00000|  0%| F|  |TAMS 0x000000008ec00000| PB 0x000000008ec00000| Untracked |  0
| 237|0x000000008ed00000, 0x000000008ed00000, 0x000000008ee00000|  0%| F|  |TAMS 0x000000008ed00000| PB 0x000000008ed00000| Untracked |  0
| 238|0x000000008ee00000, 0x000000008ee00000, 0x000000008ef00000|  0%| F|  |TAMS 0x000000008ee00000| PB 0x000000008ee00000| Untracked |  0
| 239|0x000000008ef00000, 0x000000008ef00000, 0x000000008f000000|  0%| F|  |TAMS 0x000000008ef00000| PB 0x000000008ef00000| Untracked |  0
| 240|0x000000008f000000, 0x000000008f000000, 0x000000008f100000|  0%| F|  |TAMS 0x000000008f000000| PB 0x000000008f000000| Untracked |  0
| 241|0x000000008f100000, 0x000000008f100000, 0x000000008f200000|  0%| F|  |TAMS 0x000000008f100000| PB 0x000000008f100000| Untracked |  0
| 242|0x000000008f200000, 0x000000008f200000, 0x000000008f300000|  0%| F|  |TAMS 0x000000008f200000| PB 0x000000008f200000| Untracked |  0
| 243|0x000000008f300000, 0x000000008f300000, 0x000000008f400000|  0%| F|  |TAMS 0x000000008f300000| PB 0x000000008f300000| Untracked |  0
| 244|0x000000008f400000, 0x000000008f400000, 0x000000008f500000|  0%| F|  |TAMS 0x000000008f400000| PB 0x000000008f400000| Untracked |  0
| 245|0x000000008f500000, 0x000000008f500000, 0x000000008f600000|  0%| F|  |TAMS 0x000000008f500000| PB 0x000000008f500000| Untracked |  0
| 246|0x000000008f600000, 0x000000008f600000, 0x000000008f700000|  0%| F|  |TAMS 0x000000008f600000| PB 0x000000008f600000| Untracked |  0
| 247|0x000000008f700000, 0x000000008f700000, 0x000000008f800000|  0%| F|  |TAMS 0x000000008f700000| PB 0x000000008f700000| Untracked |  0
| 248|0x000000008f800000, 0x000000008f800000, 0x000000008f900000|  0%| F|  |TAMS 0x000000008f800000| PB 0x000000008f800000| Untracked |  0
| 249|0x000000008f900000, 0x000000008f900000, 0x000000008fa00000|  0%| F|  |TAMS 0x000000008f900000| PB 0x000000008f900000| Untracked |  0
| 250|0x000000008fa00000, 0x000000008fa00000, 0x000000008fb00000|  0%| F|  |TAMS 0x000000008fa00000| PB 0x000000008fa00000| Untracked |  0
| 251|0x000000008fb00000, 0x000000008fb00000, 0x000000008fc00000|  0%| F|  |TAMS 0x000000008fb00000| PB 0x000000008fb00000| Untracked |  0
| 252|0x000000008fc00000, 0x000000008fc00000, 0x000000008fd00000|  0%| F|  |TAMS 0x000000008fc00000| PB 0x000000008fc00000| Untracked |  0
| 253|0x000000008fd00000, 0x000000008fd00000, 0x000000008fe00000|  0%| F|  |TAMS 0x000000008fd00000| PB 0x000000008fd00000| Untracked |  0
| 254|0x000000008fe00000, 0x000000008fe00000, 0x000000008ff00000|  0%| F|  |TAMS 0x000000008fe00000| PB 0x000000008fe00000| Untracked |  0
| 255|0x000000008ff00000, 0x000000008ff00000, 0x0000000090000000|  0%| F|  |TAMS 0x000000008ff00000| PB 0x000000008ff00000| Untracked |  0
| 256|0x0000000090000000, 0x0000000090000000, 0x0000000090100000|  0%| F|  |TAMS 0x0000000090000000| PB 0x0000000090000000| Untracked |  0
| 257|0x0000000090100000, 0x0000000090100000, 0x0000000090200000|  0%| F|  |TAMS 0x0000000090100000| PB 0x0000000090100000| Untracked |  0
| 258|0x0000000090200000, 0x0000000090200000, 0x0000000090300000|  0%| F|  |TAMS 0x0000000090200000| PB 0x0000000090200000| Untracked |  0
| 259|0x0000000090300000, 0x0000000090300000, 0x0000000090400000|  0%| F|  |TAMS 0x0000000090300000| PB 0x0000000090300000| Untracked |  0
| 260|0x0000000090400000, 0x0000000090400000, 0x0000000090500000|  0%| F|  |TAMS 0x0000000090400000| PB 0x0000000090400000| Untracked |  0
| 261|0x0000000090500000, 0x0000000090500000, 0x0000000090600000|  0%| F|  |TAMS 0x0000000090500000| PB 0x0000000090500000| Untracked |  0
| 262|0x0000000090600000, 0x0000000090600000, 0x0000000090700000|  0%| F|  |TAMS 0x0000000090600000| PB 0x0000000090600000| Untracked |  0
| 263|0x0000000090700000, 0x0000000090700000, 0x0000000090800000|  0%| F|  |TAMS 0x0000000090700000| PB 0x0000000090700000| Untracked |  0
| 264|0x0000000090800000, 0x0000000090800000, 0x0000000090900000|  0%| F|  |TAMS 0x0000000090800000| PB 0x0000000090800000| Untracked |  0
| 265|0x0000000090900000, 0x0000000090900000, 0x0000000090a00000|  0%| F|  |TAMS 0x0000000090900000| PB 0x0000000090900000| Untracked |  0
| 266|0x0000000090a00000, 0x0000000090a00000, 0x0000000090b00000|  0%| F|  |TAMS 0x0000000090a00000| PB 0x0000000090a00000| Untracked |  0
| 267|0x0000000090b00000, 0x0000000090b00000, 0x0000000090c00000|  0%| F|  |TAMS 0x0000000090b00000| PB 0x0000000090b00000| Untracked |  0
| 268|0x0000000090c00000, 0x0000000090c00000, 0x0000000090d00000|  0%| F|  |TAMS 0x0000000090c00000| PB 0x0000000090c00000| Untracked |  0
| 269|0x0000000090d00000, 0x0000000090d00000, 0x0000000090e00000|  0%| F|  |TAMS 0x0000000090d00000| PB 0x0000000090d00000| Untracked |  0
| 270|0x0000000090e00000, 0x0000000090e00000, 0x0000000090f00000|  0%| F|  |TAMS 0x0000000090e00000| PB 0x0000000090e00000| Untracked |  0
| 271|0x0000000090f00000, 0x0000000090f00000, 0x0000000091000000|  0%| F|  |TAMS 0x0000000090f00000| PB 0x0000000090f00000| Untracked |  0
| 272|0x0000000091000000, 0x0000000091000000, 0x0000000091100000|  0%| F|  |TAMS 0x0000000091000000| PB 0x0000000091000000| Untracked |  0
| 273|0x0000000091100000, 0x0000000091100000, 0x0000000091200000|  0%| F|  |TAMS 0x0000000091100000| PB 0x0000000091100000| Untracked |  0
| 274|0x0000000091200000, 0x0000000091200000, 0x0000000091300000|  0%| F|  |TAMS 0x0000000091200000| PB 0x0000000091200000| Untracked |  0
| 275|0x0000000091300000, 0x0000000091300000, 0x0000000091400000|  0%| F|  |TAMS 0x0000000091300000| PB 0x0000000091300000| Untracked |  0
|2025|0x00000000fe900000, 0x00000000fe900000, 0x00000000fea00000|  0%| F|  |TAMS 0x00000000fe900000| PB 0x00000000fe900000| Untracked |  0
|2026|0x00000000fea00000, 0x00000000feb00000, 0x00000000feb00000|100%| O|  |TAMS 0x00000000fea00000| PB 0x00000000fea00000| Untracked |  0
|2027|0x00000000feb00000, 0x00000000feb00000, 0x00000000fec00000|  0%| F|  |TAMS 0x00000000feb00000| PB 0x00000000feb00000| Untracked |  0
|2028|0x00000000fec00000, 0x00000000fed00000, 0x00000000fed00000|100%| O|  |TAMS 0x00000000fec00000| PB 0x00000000fec00000| Untracked |  0
|2029|0x00000000fed00000, 0x00000000fee00000, 0x00000000fee00000|100%| O|  |TAMS 0x00000000fed00000| PB 0x00000000fed00000| Untracked |  0
|2030|0x00000000fee00000, 0x00000000fef00000, 0x00000000fef00000|100%| O|  |TAMS 0x00000000fee00000| PB 0x00000000fee00000| Untracked |  0
|2031|0x00000000fef00000, 0x00000000ff000000, 0x00000000ff000000|100%| O|  |TAMS 0x00000000fef00000| PB 0x00000000fef00000| Untracked |  0
|2032|0x00000000ff000000, 0x00000000ff100000, 0x00000000ff100000|100%| O|  |TAMS 0x00000000ff000000| PB 0x00000000ff000000| Untracked |  0
|2033|0x00000000ff100000, 0x00000000ff100000, 0x00000000ff200000|  0%| F|  |TAMS 0x00000000ff100000| PB 0x00000000ff100000| Untracked |  0
|2034|0x00000000ff200000, 0x00000000ff300000, 0x00000000ff300000|100%| O|  |TAMS 0x00000000ff200000| PB 0x00000000ff200000| Untracked |  0
|2035|0x00000000ff300000, 0x00000000ff300000, 0x00000000ff400000|  0%| F|  |TAMS 0x00000000ff300000| PB 0x00000000ff300000| Untracked |  0
|2036|0x00000000ff400000, 0x00000000ff400000, 0x00000000ff500000|  0%| F|  |TAMS 0x00000000ff400000| PB 0x00000000ff400000| Untracked |  0
|2037|0x00000000ff500000, 0x00000000ff600000, 0x00000000ff600000|100%| O|  |TAMS 0x00000000ff500000| PB 0x00000000ff500000| Untracked |  0
|2038|0x00000000ff600000, 0x00000000ff700000, 0x00000000ff700000|100%| O|  |TAMS 0x00000000ff600000| PB 0x00000000ff600000| Untracked |  0
|2039|0x00000000ff700000, 0x00000000ff800000, 0x00000000ff800000|100%| O|  |TAMS 0x00000000ff700000| PB 0x00000000ff700000| Untracked |  0
|2040|0x00000000ff800000, 0x00000000ff900000, 0x00000000ff900000|100%| O|  |TAMS 0x00000000ff800000| PB 0x00000000ff800000| Untracked |  0
|2041|0x00000000ff900000, 0x00000000ff900000, 0x00000000ffa00000|  0%| F|  |TAMS 0x00000000ff900000| PB 0x00000000ff900000| Untracked |  0
|2042|0x00000000ffa00000, 0x00000000ffb00000, 0x00000000ffb00000|100%| O|  |TAMS 0x00000000ffa00000| PB 0x00000000ffa00000| Untracked |  0
|2043|0x00000000ffb00000, 0x00000000ffc00000, 0x00000000ffc00000|100%| O|  |TAMS 0x00000000ffb00000| PB 0x00000000ffb00000| Untracked |  0
|2044|0x00000000ffc00000, 0x00000000ffd00000, 0x00000000ffd00000|100%| O|  |TAMS 0x00000000ffc00000| PB 0x00000000ffc00000| Untracked |  0
|2045|0x00000000ffd00000, 0x00000000ffd00000, 0x00000000ffe00000|  0%| F|  |TAMS 0x00000000ffd00000| PB 0x00000000ffd00000| Untracked |  0
|2046|0x00000000ffe00000, 0x00000000fff00000, 0x00000000fff00000|100%| O|  |TAMS 0x00000000ffe00000| PB 0x00000000ffe00000| Untracked |  0
|2047|0x00000000fff00000, 0x0000000100000000, 0x0000000100000000|100%| O|  |TAMS 0x00000000fff00000| PB 0x00000000fff00000| Untracked |  0

Card table byte_map: [0x000001a14a9e0000,0x000001a14ade0000] _byte_map_base: 0x000001a14a5e0000

Marking Bits: (CMBitMap*) 0x000001a1355ddfe0
 Bits: [0x000001a14ade0000, 0x000001a14cde0000)

Polling page: 0x000001a135860000

Metaspace:
Metaspace        used 130465K, committed 132800K, reserved 1179648K
 class space     used 19161K, committed 20288K, reserved 1048576K

Usage:
  Non-class:    108.70 MB used.
      Class:     18.71 MB used.
       Both:    127.41 MB used.

Virtual space:
  Non-class space:      128.00 MB reserved,     109.88 MB ( 86%) committed,  2 nodes.
      Class space:        1.00 GB reserved,      19.81 MB (  2%) committed,  1 nodes.
             Both:        1.12 GB reserved,     129.69 MB ( 11%) committed. 

Chunk freelists:
   Non-Class:  1.56 MB
       Class:  12.08 MB
        Both:  13.64 MB

MaxMetaspaceSize: unlimited
CompressedClassSpaceSize: 1.00 GB
Initial GC threshold: 21.00 MB
Current GC threshold: 212.50 MB
CDS: off
 - commit_granule_bytes: 65536.
 - commit_granule_words: 8192.
 - virtual_space_node_default_size: 8388608.
 - enlarge_chunks_in_place: 1.
UseCompressedClassPointers 1, UseCompactObjectHeaders 0
Narrow klass pointer bits 32, Max shift 3
Narrow klass base: 0x0000000000000000, Narrow klass shift: 0
Encoding Range: [0x0000000000000000 - 0x0000000100000000), (4294967296 bytes)
Klass Range:    [0x0000000038000000 - 0x0000000078000000), (1073741824 bytes)
Klass ID Range:  [939524096 - 2013265913) (1073741817)
No protection zone.


Internal statistics:

num_allocs_failed_limit: 9.
num_arena_births: 4554.
num_arena_deaths: 2.
num_vsnodes_births: 3.
num_vsnodes_deaths: 0.
num_space_committed: 2074.
num_space_uncommitted: 0.
num_chunks_returned_to_freelist: 11.
num_chunks_taken_from_freelist: 9877.
num_chunk_merges: 6.
num_chunk_splits: 6609.
num_chunks_enlarged: 4386.
num_inconsistent_stats: 0.

CodeHeap 'non-profiled nmethods': size=120064Kb used=5425Kb max_used=5425Kb free=114638Kb
 bounds [0x000001a142a40000, 0x000001a142f90000, 0x000001a149f80000]
CodeHeap 'profiled nmethods': size=120000Kb used=20037Kb max_used=20037Kb free=99962Kb
 bounds [0x000001a13af80000, 0x000001a13c320000, 0x000001a1424b0000]
CodeHeap 'non-nmethods': size=5696Kb used=2089Kb max_used=2231Kb free=3606Kb
 bounds [0x000001a1424b0000, 0x000001a142720000, 0x000001a142a40000]
CodeCache: size=245760Kb, used=27551Kb, max_used=27693Kb, free=218206Kb
 total_blobs=15135, nmethods=14179, adapters=857, full_count=0
Compilation: enabled, stopped_count=0, restarted_count=0

Compilation events (20 events):
Event: 49.142 Thread 0x000001a14fa62320 17260       3       com.sun.org.apache.xerces.internal.dom.AttributeMap::<init> (27 bytes)
Event: 49.143 Thread 0x000001a14fa62320 nmethod 17260 0x000001a13c309a08 code [0x000001a13c309b00, 0x000001a13c309ed0]
Event: 49.143 Thread 0x000001a14fa62320 17261       3       com.sun.org.apache.xerces.internal.dom.NamedNodeMapImpl::<init> (10 bytes)
Event: 49.143 Thread 0x000001a14fa62320 nmethod 17261 0x000001a13c309f08 code [0x000001a13c30a000, 0x000001a13c30a1b0]
Event: 49.144 Thread 0x000001a14fa62320 17251       3       com.sun.org.apache.xerces.internal.impl.dtd.XMLDTDValidator::setProperty (1 bytes)
Event: 49.144 Thread 0x000001a14fa62320 nmethod 17251 0x000001a13c30a208 code [0x000001a13c30a300, 0x000001a13c30a408]
Event: 49.144 Thread 0x000001a14fa62320 17263       3       com.sun.org.apache.xerces.internal.impl.XMLEntityManager::setProperty (307 bytes)
Event: 49.149 Thread 0x000001a14fa62320 nmethod 17263 0x000001a13c30a508 code [0x000001a13c30a600, 0x000001a13c30e568]
Event: 49.149 Thread 0x000001a14fa62320 17269       3       kotlin.text.StringsKt__StringsJVMKt::regionMatches$default (23 bytes)
Event: 49.149 Thread 0x000001a14fa62320 nmethod 17269 0x000001a13c30e608 code [0x000001a13c30e700, 0x000001a13c30e850]
Event: 49.149 Thread 0x000001a14fa62320 17264       3       com.sun.org.apache.xerces.internal.impl.XMLErrorReporter::setProperty (47 bytes)
Event: 49.152 Thread 0x000001a14fa62320 nmethod 17264 0x000001a13c30e908 code [0x000001a13c30ea00, 0x000001a13c30f8e0]
Event: 49.152 Thread 0x000001a14fa62320 17266       3       com.sun.org.apache.xerces.internal.dom.CoreDocumentImpl::setUserData (179 bytes)
Event: 49.154 Thread 0x000001a14fa62320 nmethod 17266 0x000001a13c30f908 code [0x000001a13c30fa00, 0x000001a13c310c78]
Event: 49.155 Thread 0x000001a14fa62320 17267       3       com.sun.org.apache.xerces.internal.dom.ParentNode$UserDataRecord::<init> (25 bytes)
Event: 49.155 Thread 0x000001a14fa62320 nmethod 17267 0x000001a13c310c88 code [0x000001a13c310d80, 0x000001a13c311148]
Event: 49.155 Thread 0x000001a14fa62320 17265   !   3       java.io.StringReader::read (30 bytes)
Event: 49.156 Thread 0x000001a14fa62320 nmethod 17265 0x000001a13c311188 code [0x000001a13c311280, 0x000001a13c3115c0]
Event: 49.156 Thread 0x000001a14fa62320 17268  s    1       java.util.Vector::size (5 bytes)
Event: 49.157 Thread 0x000001a14fa62320 nmethod 17268 0x000001a142f8c288 code [0x000001a142f8c380, 0x000001a142f8c590]

GC Heap Usage History (20 events):
Event: 42.224 {heap After GC invocations=47 (full 0):
 garbage-first heap   total reserved 2097152K, committed 203776K, used 122957K [0x0000000080000000, 0x0000000100000000)
  region size 1024K, 7 young (7168K), 7 survivors (7168K)
}
Event: 42.729 {heap Before GC invocations=47 (full 0):
 garbage-first heap   total reserved 2097152K, committed 203776K, used 188493K [0x0000000080000000, 0x0000000100000000)
  region size 1024K, 72 young (73728K), 7 survivors (7168K)
}
Event: 42.739 {heap After GC invocations=48 (full 0):
 garbage-first heap   total reserved 2097152K, committed 203776K, used 122279K [0x0000000080000000, 0x0000000100000000)
  region size 1024K, 5 young (5120K), 5 survivors (5120K)
}
Event: 43.255 {heap Before GC invocations=49 (full 0):
 garbage-first heap   total reserved 2097152K, committed 204800K, used 189863K [0x0000000080000000, 0x0000000100000000)
  region size 1024K, 72 young (73728K), 5 survivors (5120K)
}
Event: 43.263 {heap After GC invocations=50 (full 0):
 garbage-first heap   total reserved 2097152K, committed 204800K, used 122601K [0x0000000080000000, 0x0000000100000000)
  region size 1024K, 6 young (6144K), 6 survivors (6144K)
}
Event: 43.811 {heap Before GC invocations=50 (full 0):
 garbage-first heap   total reserved 2097152K, committed 204800K, used 192233K [0x0000000080000000, 0x0000000100000000)
  region size 1024K, 75 young (76800K), 6 survivors (6144K)
}
Event: 43.825 {heap After GC invocations=51 (full 0):
 garbage-first heap   total reserved 2097152K, committed 251904K, used 125170K [0x0000000080000000, 0x0000000100000000)
  region size 1024K, 9 young (9216K), 9 survivors (9216K)
}
Event: 45.097 {heap Before GC invocations=51 (full 0):
 garbage-first heap   total reserved 2097152K, committed 251904K, used 236786K [0x0000000080000000, 0x0000000100000000)
  region size 1024K, 119 young (121856K), 9 survivors (9216K)
}
Event: 45.121 {heap After GC invocations=52 (full 0):
 garbage-first heap   total reserved 2097152K, committed 261120K, used 138716K [0x0000000080000000, 0x0000000100000000)
  region size 1024K, 15 young (15360K), 15 survivors (15360K)
}
Event: 45.530 {heap Before GC invocations=52 (full 0):
 garbage-first heap   total reserved 2097152K, committed 261120K, used 226780K [0x0000000080000000, 0x0000000100000000)
  region size 1024K, 103 young (105472K), 15 survivors (15360K)
}
Event: 45.577 {heap After GC invocations=53 (full 0):
 garbage-first heap   total reserved 2097152K, committed 261120K, used 154237K [0x0000000080000000, 0x0000000100000000)
  region size 1024K, 14 young (14336K), 14 survivors (14336K)
}
Event: 46.645 {heap Before GC invocations=54 (full 0):
 garbage-first heap   total reserved 2097152K, committed 261120K, used 233085K [0x0000000080000000, 0x0000000100000000)
  region size 1024K, 89 young (91136K), 14 survivors (14336K)
}
Event: 46.692 {heap After GC invocations=55 (full 0):
 garbage-first heap   total reserved 2097152K, committed 262144K, used 171775K [0x0000000080000000, 0x0000000100000000)
  region size 1024K, 12 young (12288K), 12 survivors (12288K)
}
Event: 47.055 {heap Before GC invocations=55 (full 0):
 garbage-first heap   total reserved 2097152K, committed 262144K, used 236287K [0x0000000080000000, 0x0000000100000000)
  region size 1024K, 75 young (76800K), 12 survivors (12288K)
}
Event: 47.171 {heap After GC invocations=56 (full 0):
 garbage-first heap   total reserved 2097152K, committed 262144K, used 181506K [0x0000000080000000, 0x0000000100000000)
  region size 1024K, 9 young (9216K), 9 survivors (9216K)
}
Event: 47.206 {heap Before GC invocations=56 (full 0):
 garbage-first heap   total reserved 2097152K, committed 262144K, used 183554K [0x0000000080000000, 0x0000000100000000)
  region size 1024K, 13 young (13312K), 9 survivors (9216K)
}
Event: 47.218 {heap After GC invocations=57 (full 0):
 garbage-first heap   total reserved 2097152K, committed 262144K, used 181922K [0x0000000080000000, 0x0000000100000000)
  region size 1024K, 3 young (3072K), 3 survivors (3072K)
}
Event: 47.964 {heap Before GC invocations=58 (full 0):
 garbage-first heap   total reserved 2097152K, committed 306176K, used 231073K [0x0000000080000000, 0x0000000100000000)
  region size 1024K, 51 young (52224K), 3 survivors (3072K)
}
Event: 47.973 {heap After GC invocations=59 (full 0):
 garbage-first heap   total reserved 2097152K, committed 306176K, used 183525K [0x0000000080000000, 0x0000000100000000)
  region size 1024K, 6 young (6144K), 6 survivors (6144K)
}
Event: 49.175 {heap Before GC invocations=59 (full 0):
 garbage-first heap   total reserved 2097152K, committed 306176K, used 257253K [0x0000000080000000, 0x0000000100000000)
  region size 1024K, 79 young (80896K), 6 survivors (6144K)
}

Metaspace Usage History (20 events):
Event: 42.224 {metaspace After GC invocations=47 (full 0):
 Metaspace       used 122481K, committed 124928K, reserved 1179648K
  class space    used 18092K, committed 19264K, reserved 1048576K
}
Event: 42.729 {metaspace Before GC invocations=47 (full 0):
 Metaspace       used 123853K, committed 126208K, reserved 1179648K
  class space    used 18285K, committed 19392K, reserved 1048576K
}
Event: 42.739 {metaspace After GC invocations=48 (full 0):
 Metaspace       used 123853K, committed 126208K, reserved 1179648K
  class space    used 18285K, committed 19392K, reserved 1048576K
}
Event: 43.255 {metaspace Before GC invocations=49 (full 0):
 Metaspace       used 124562K, committed 126848K, reserved 1179648K
  class space    used 18387K, committed 19456K, reserved 1048576K
}
Event: 43.263 {metaspace After GC invocations=50 (full 0):
 Metaspace       used 124562K, committed 126848K, reserved 1179648K
  class space    used 18387K, committed 19456K, reserved 1048576K
}
Event: 43.812 {metaspace Before GC invocations=50 (full 0):
 Metaspace       used 125571K, committed 127936K, reserved 1179648K
  class space    used 18545K, committed 19648K, reserved 1048576K
}
Event: 43.825 {metaspace After GC invocations=51 (full 0):
 Metaspace       used 125571K, committed 127936K, reserved 1179648K
  class space    used 18545K, committed 19648K, reserved 1048576K
}
Event: 45.097 {metaspace Before GC invocations=51 (full 0):
 Metaspace       used 126972K, committed 129280K, reserved 1179648K
  class space    used 18730K, committed 19840K, reserved 1048576K
}
Event: 45.121 {metaspace After GC invocations=52 (full 0):
 Metaspace       used 126972K, committed 129280K, reserved 1179648K
  class space    used 18730K, committed 19840K, reserved 1048576K
}
Event: 45.530 {metaspace Before GC invocations=52 (full 0):
 Metaspace       used 127157K, committed 129472K, reserved 1179648K
  class space    used 18740K, committed 19840K, reserved 1048576K
}
Event: 45.577 {metaspace After GC invocations=53 (full 0):
 Metaspace       used 127157K, committed 129472K, reserved 1179648K
  class space    used 18740K, committed 19840K, reserved 1048576K
}
Event: 46.645 {metaspace Before GC invocations=54 (full 0):
 Metaspace       used 127650K, committed 129984K, reserved 1179648K
  class space    used 18794K, committed 19904K, reserved 1048576K
}
Event: 46.692 {metaspace After GC invocations=55 (full 0):
 Metaspace       used 127650K, committed 129984K, reserved 1179648K
  class space    used 18794K, committed 19904K, reserved 1048576K
}
Event: 47.055 {metaspace Before GC invocations=55 (full 0):
 Metaspace       used 128023K, committed 130432K, reserved 1179648K
  class space    used 18838K, committed 19968K, reserved 1048576K
}
Event: 47.171 {metaspace After GC invocations=56 (full 0):
 Metaspace       used 128023K, committed 130432K, reserved 1179648K
  class space    used 18838K, committed 19968K, reserved 1048576K
}
Event: 47.206 {metaspace Before GC invocations=56 (full 0):
 Metaspace       used 128049K, committed 130432K, reserved 1179648K
  class space    used 18838K, committed 19968K, reserved 1048576K
}
Event: 47.218 {metaspace After GC invocations=57 (full 0):
 Metaspace       used 128049K, committed 130432K, reserved 1179648K
  class space    used 18838K, committed 19968K, reserved 1048576K
}
Event: 47.964 {metaspace Before GC invocations=58 (full 0):
 Metaspace       used 128860K, committed 131200K, reserved 1179648K
  class space    used 18937K, committed 20032K, reserved 1048576K
}
Event: 47.973 {metaspace After GC invocations=59 (full 0):
 Metaspace       used 128860K, committed 131200K, reserved 1179648K
  class space    used 18937K, committed 20032K, reserved 1048576K
}
Event: 49.175 {metaspace Before GC invocations=59 (full 0):
 Metaspace       used 130465K, committed 132800K, reserved 1179648K
  class space    used 19161K, committed 20288K, reserved 1048576K
}

Dll operation events (3 events):
Event: 0.029 Loaded shared library C:\Program Files\Android\Android Studio\jbr\bin\java.dll
Event: 0.040 Loaded shared library C:\Program Files\Android\Android Studio\jbr\bin\zip.dll
Event: 1.474 Loaded shared library C:\Program Files\Android\Android Studio\jbr\bin\verify.dll

Deoptimization events (20 events):
Event: 48.972 Thread 0x000001a159b04570 DEOPT PACKING pc=0x000001a142f7fd24 sp=0x0000003cb31fa060
Event: 48.972 Thread 0x000001a159b04570 DEOPT UNPACKING pc=0x000001a1425c8d02 sp=0x0000003cb31f9ff0 mode 2
Event: 48.981 Thread 0x000001a159b04570 Uncommon trap: trap_request=0xffffff45 fr.pc=0x000001a142a72724 relative=0x0000000000000124
Event: 48.981 Thread 0x000001a159b04570 Uncommon trap: reason=unstable_if action=reinterpret pc=0x000001a142a72724 method=java.lang.StringCoding.countPositives([BII)I @ 17 c2
Event: 48.981 Thread 0x000001a159b04570 DEOPT PACKING pc=0x000001a142a72724 sp=0x0000003cb31f9d00
Event: 48.981 Thread 0x000001a159b04570 DEOPT UNPACKING pc=0x000001a1425c8d02 sp=0x0000003cb31f9ca0 mode 2
Event: 48.983 Thread 0x000001a159b04570 Uncommon trap: trap_request=0xffffff45 fr.pc=0x000001a142aa3a50 relative=0x0000000000000250
Event: 48.983 Thread 0x000001a159b04570 Uncommon trap: reason=unstable_if action=reinterpret pc=0x000001a142aa3a50 method=java.lang.String.getChars(II[CI)V @ 24 c2
Event: 48.983 Thread 0x000001a159b04570 DEOPT PACKING pc=0x000001a142aa3a50 sp=0x0000003cb31f97d0
Event: 48.983 Thread 0x000001a159b04570 DEOPT UNPACKING pc=0x000001a1425c8d02 sp=0x0000003cb31f9790 mode 2
Event: 48.984 Thread 0x000001a159b04570 Uncommon trap: trap_request=0xffffff45 fr.pc=0x000001a142d94874 relative=0x0000000000000574
Event: 48.984 Thread 0x000001a159b04570 Uncommon trap: reason=unstable_if action=reinterpret pc=0x000001a142d94874 method=java.lang.String.<init>(Ljava/lang/AbstractStringBuilder;Ljava/lang/Void;)V @ 19 c2
Event: 48.984 Thread 0x000001a159b04570 DEOPT PACKING pc=0x000001a142d94874 sp=0x0000003cb31f96d0
Event: 48.984 Thread 0x000001a159b04570 DEOPT UNPACKING pc=0x000001a1425c8d02 sp=0x0000003cb31f9688 mode 2
Event: 49.057 Thread 0x000001a159b04570 Uncommon trap: trap_request=0xffffff45 fr.pc=0x000001a142a7d290 relative=0x0000000000000190
Event: 49.057 Thread 0x000001a159b04570 Uncommon trap: reason=unstable_if action=reinterpret pc=0x000001a142a7d290 method=java.lang.StringCoding.countPositives([BII)I @ 17 c2
Event: 49.057 Thread 0x000001a159b04570 DEOPT PACKING pc=0x000001a142a7d290 sp=0x0000003cb31f9ce0
Event: 49.057 Thread 0x000001a159b04570 DEOPT UNPACKING pc=0x000001a1425c8d02 sp=0x0000003cb31f9ca0 mode 2
Event: 49.133 Thread 0x000001a159b04570 DEOPT PACKING pc=0x000001a13c2d6cf5 sp=0x0000003cb31f9730
Event: 49.133 Thread 0x000001a159b04570 DEOPT UNPACKING pc=0x000001a142501702 sp=0x0000003cb31f8c10 mode 0

Classes loaded (20 events):
Event: 47.228 Loading class java/net/HttpURLConnection
Event: 47.234 Loading class java/net/HttpURLConnection done
Event: 47.237 Loading class com/sun/org/apache/xerces/internal/dom/DeferredDocumentImpl
Event: 47.274 Loading class com/sun/org/apache/xerces/internal/dom/DeferredNode
Event: 47.275 Loading class com/sun/org/apache/xerces/internal/dom/DeferredNode done
Event: 47.275 Loading class com/sun/org/apache/xerces/internal/dom/DeferredDocumentImpl done
Event: 47.276 Loading class com/sun/org/apache/xerces/internal/dom/DeferredDocumentImpl$RefCount
Event: 47.276 Loading class com/sun/org/apache/xerces/internal/dom/DeferredDocumentImpl$RefCount done
Event: 47.289 Loading class com/sun/org/apache/xerces/internal/dom/DeferredElementImpl
Event: 47.290 Loading class com/sun/org/apache/xerces/internal/dom/DeferredElementImpl done
Event: 47.290 Loading class com/sun/org/apache/xerces/internal/dom/DeferredAttrImpl
Event: 47.290 Loading class com/sun/org/apache/xerces/internal/dom/DeferredAttrImpl done
Event: 47.392 Loading class com/sun/org/apache/xerces/internal/dom/DeferredTextImpl
Event: 47.393 Loading class com/sun/org/apache/xerces/internal/dom/DeferredTextImpl done
Event: 47.623 Loading class com/sun/org/apache/xerces/internal/dom/DeferredCommentImpl
Event: 47.624 Loading class com/sun/org/apache/xerces/internal/dom/DeferredCommentImpl done
Event: 48.129 Loading class java/nio/file/FileTreeWalker$1
Event: 48.129 Loading class java/nio/file/FileTreeWalker$1 done
Event: 48.474 Loading class java/io/BufferedReader$1
Event: 48.474 Loading class java/io/BufferedReader$1 done

Classes unloaded (1 events):
Event: 47.451 Thread 0x000001a14fa213c0 Unloading class 0x0000000039368400 'java/lang/invoke/LambdaForm$DMH+0x0000000039368400'

Classes redefined (0 events):
No events

Internal exceptions (20 events):
Event: 49.148 Thread 0x000001a155c2b800 Exception <a 'sun/nio/fs/WindowsException'{0x000000008cd6d118}> (0x000000008cd6d118) 
thrown [s\src\hotspot\share\prims\jni.cpp, line 535]
Event: 49.149 Thread 0x000001a155c2a860 Exception <a 'sun/nio/fs/WindowsException'{0x000000008cdb0f98}> (0x000000008cdb0f98) 
thrown [s\src\hotspot\share\prims\jni.cpp, line 535]
Event: 49.149 Thread 0x000001a155c2fe50 Exception <a 'sun/nio/fs/WindowsException'{0x000000008cd4b518}> (0x000000008cd4b518) 
thrown [s\src\hotspot\share\prims\jni.cpp, line 535]
Event: 49.149 Thread 0x000001a155c2b800 Exception <a 'sun/nio/fs/WindowsException'{0x000000008cdf5ba8}> (0x000000008cdf5ba8) 
thrown [s\src\hotspot\share\prims\jni.cpp, line 535]
Event: 49.149 Thread 0x000001a155c2b800 Exception <a 'sun/nio/fs/WindowsException'{0x000000008cdff558}> (0x000000008cdff558) 
thrown [s\src\hotspot\share\prims\jni.cpp, line 535]
Event: 49.149 Thread 0x000001a155c2fe50 Exception <a 'sun/nio/fs/WindowsException'{0x000000008cd4c060}> (0x000000008cd4c060) 
thrown [s\src\hotspot\share\prims\jni.cpp, line 535]
Event: 49.149 Thread 0x000001a155c2b800 Exception <a 'sun/nio/fs/WindowsException'{0x000000008cc0f650}> (0x000000008cc0f650) 
thrown [s\src\hotspot\share\prims\jni.cpp, line 535]
Event: 49.154 Thread 0x000001a155c2a860 Exception <a 'sun/nio/fs/WindowsException'{0x000000008cc6f750}> (0x000000008cc6f750) 
thrown [s\src\hotspot\share\prims\jni.cpp, line 535]
Event: 49.154 Thread 0x000001a1573cf3f0 Exception <a 'sun/nio/fs/WindowsException'{0x000000008cc9db00}> (0x000000008cc9db00) 
thrown [s\src\hotspot\share\prims\jni.cpp, line 535]
Event: 49.156 Thread 0x000001a155c2a090 Exception <a 'sun/nio/fs/WindowsException'{0x000000008cfac850}> (0x000000008cfac850) 
thrown [s\src\hotspot\share\prims\jni.cpp, line 535]
Event: 49.157 Thread 0x000001a155c2b800 Exception <a 'sun/nio/fs/WindowsException'{0x000000008ccbfac0}> (0x000000008ccbfac0) 
thrown [s\src\hotspot\share\prims\jni.cpp, line 535]
Event: 49.157 Thread 0x000001a155c2b800 Exception <a 'sun/nio/fs/WindowsException'{0x000000008ccc5148}> (0x000000008ccc5148) 
thrown [s\src\hotspot\share\prims\jni.cpp, line 535]
Event: 49.158 Thread 0x000001a155c2a090 Exception <a 'sun/nio/fs/WindowsException'{0x000000008ccb4b30}> (0x000000008ccb4b30) 
thrown [s\src\hotspot\share\prims\jni.cpp, line 535]
Event: 49.160 Thread 0x000001a155c2b800 Exception <a 'sun/nio/fs/WindowsException'{0x000000008ccddd38}> (0x000000008ccddd38) 
thrown [s\src\hotspot\share\prims\jni.cpp, line 535]
Event: 49.160 Thread 0x000001a155c2b800 Exception <a 'sun/nio/fs/WindowsException'{0x000000008cceeaa0}> (0x000000008cceeaa0) 
thrown [s\src\hotspot\share\prims\jni.cpp, line 535]
Event: 49.163 Thread 0x000001a155c2a090 Exception <a 'sun/nio/fs/WindowsException'{0x000000008cb0bd20}> (0x000000008cb0bd20) 
thrown [s\src\hotspot\share\prims\jni.cpp, line 535]
Event: 49.166 Thread 0x000001a1573ce450 Exception <a 'sun/nio/fs/WindowsException'{0x000000008cb36178}> (0x000000008cb36178) 
thrown [s\src\hotspot\share\prims\jni.cpp, line 535]
Event: 49.166 Thread 0x000001a155c2fe50 Exception <a 'sun/nio/fs/WindowsException'{0x000000008cb4cc58}> (0x000000008cb4cc58) 
thrown [s\src\hotspot\share\prims\jni.cpp, line 535]
Event: 49.167 Thread 0x000001a155c2fe50 Exception <a 'sun/nio/fs/WindowsException'{0x000000008cb4da90}> (0x000000008cb4da90) 
thrown [s\src\hotspot\share\prims\jni.cpp, line 535]
Event: 49.167 Thread 0x000001a155c2b800 Exception <a 'sun/nio/fs/WindowsException'{0x000000008cba6098}> (0x000000008cba6098) 
thrown [s\src\hotspot\share\prims\jni.cpp, line 535]

VM Operations (20 events):
Event: 47.218 Executing safepoint VM operation: G1TryInitiateConcMark (G1 Humongous Allocation) done
Event: 47.296 Executing non-safepoint VM operation: HandshakeAllThreads (Deoptimize)
Event: 47.392 Executing non-safepoint VM operation: HandshakeAllThreads (Deoptimize) done
Event: 47.412 Executing non-safepoint VM operation: HandshakeAllThreads (Deoptimize)
Event: 47.412 Executing non-safepoint VM operation: HandshakeAllThreads (Deoptimize) done
Event: 47.450 Executing safepoint VM operation: G1PauseRemark
Event: 47.475 Executing safepoint VM operation: G1PauseRemark done
Event: 47.490 Executing non-safepoint VM operation: HandshakeAllThreads (Deoptimize)
Event: 47.492 Executing non-safepoint VM operation: HandshakeAllThreads (Deoptimize) done
Event: 47.586 Executing safepoint VM operation: G1PauseCleanup
Event: 47.586 Executing safepoint VM operation: G1PauseCleanup done
Event: 47.952 Executing non-safepoint VM operation: HandshakeAllThreads (Deoptimize)
Event: 47.957 Executing non-safepoint VM operation: HandshakeAllThreads (Deoptimize) done
Event: 47.963 Executing safepoint VM operation: G1CollectForAllocation (G1 Evacuation Pause)
Event: 47.973 Executing safepoint VM operation: G1CollectForAllocation (G1 Evacuation Pause) done
Event: 48.127 Executing non-safepoint VM operation: HandshakeAllThreads (Deoptimize)
Event: 48.128 Executing non-safepoint VM operation: HandshakeAllThreads (Deoptimize) done
Event: 48.148 Executing non-safepoint VM operation: HandshakeAllThreads (Deoptimize)
Event: 48.149 Executing non-safepoint VM operation: HandshakeAllThreads (Deoptimize) done
Event: 49.171 Executing safepoint VM operation: G1CollectForAllocation (G1 Evacuation Pause)

Memory protections (0 events):
No events

Nmethod flushes (20 events):
Event: 47.472 Thread 0x000001a14fa213c0 flushing  nmethod 0x000001a13bc9c988
Event: 47.472 Thread 0x000001a14fa213c0 flushing  nmethod 0x000001a13bc9cc88
Event: 47.472 Thread 0x000001a14fa213c0 flushing  nmethod 0x000001a13bc9ed08
Event: 47.472 Thread 0x000001a14fa213c0 flushing  nmethod 0x000001a13bc9f308
Event: 47.472 Thread 0x000001a14fa213c0 flushing  nmethod 0x000001a13befc908
Event: 47.472 Thread 0x000001a14fa213c0 flushing  nmethod 0x000001a13c0d5108
Event: 47.472 Thread 0x000001a14fa213c0 flushing  nmethod 0x000001a13c115808
Event: 47.472 Thread 0x000001a14fa213c0 flushing  nmethod 0x000001a13c132788
Event: 47.472 Thread 0x000001a14fa213c0 flushing  nmethod 0x000001a13c132b08
Event: 47.472 Thread 0x000001a14fa213c0 flushing  nmethod 0x000001a13c133188
Event: 47.472 Thread 0x000001a14fa213c0 flushing  nmethod 0x000001a13c136288
Event: 47.472 Thread 0x000001a14fa213c0 flushing  nmethod 0x000001a13c13f808
Event: 47.472 Thread 0x000001a14fa213c0 flushing  nmethod 0x000001a13c13fb88
Event: 47.472 Thread 0x000001a14fa213c0 flushing  nmethod 0x000001a13c1c9808
Event: 47.472 Thread 0x000001a14fa213c0 flushing  nmethod 0x000001a13c1c9d88
Event: 47.472 Thread 0x000001a14fa213c0 flushing  nmethod 0x000001a13c1ca988
Event: 47.472 Thread 0x000001a14fa213c0 flushing  nmethod 0x000001a13c1cae08
Event: 47.472 Thread 0x000001a14fa213c0 flushing  nmethod 0x000001a13c1cb108
Event: 47.472 Thread 0x000001a14fa213c0 flushing  nmethod 0x000001a13c1cbc08
Event: 47.472 Thread 0x000001a14fa213c0 flushing  nmethod 0x000001a13c1cd408

Events (20 events):
Event: 41.764 Thread 0x000001a1591fea90 Thread added: 0x000001a15e904570
Event: 41.792 Thread 0x000001a159b035d0 Thread added: 0x000001a15e907c20
Event: 43.545 Thread 0x000001a159b02e00 Thread added: 0x000001a15e908bc0
Event: 43.546 Thread 0x000001a159b02e00 Thread added: 0x000001a15e9064b0
Event: 43.552 Thread 0x000001a15e908bc0 Thread added: 0x000001a15e909390
Event: 43.552 Thread 0x000001a15e9064b0 Thread added: 0x000001a15e909b60
Event: 43.573 Thread 0x000001a15e909390 Thread added: 0x000001a15e90ab00
Event: 43.575 Thread 0x000001a15e909b60 Thread added: 0x000001a15637b6f0
Event: 43.589 Thread 0x000001a15e90ab00 Thread added: 0x000001a159aff750
Event: 43.597 Thread 0x000001a15637b6f0 Thread added: 0x000001a159bb2930
Event: 43.599 Thread 0x000001a159bb2930 Thread added: 0x000001a159bb3100
Event: 43.600 Thread 0x000001a159bb3100 Thread added: 0x000001a159bb38d0
Event: 43.601 Thread 0x000001a159bb38d0 Thread added: 0x000001a159bb6f80
Event: 43.602 Thread 0x000001a159aff750 Thread added: 0x000001a159bb7750
Event: 44.471 Thread 0x000001a159b01690 Thread added: 0x000001a159bbb5d0
Event: 45.946 Thread 0x000001a157667000 Thread added: 0x000001a159bb9690
Event: 46.717 Thread 0x000001a157669710 Thread added: 0x000001a159bb7f20
Event: 47.767 Thread 0x000001a157667000 Thread added: 0x000001a159bbc570
Event: 48.911 Thread 0x000001a157669710 Thread added: 0x000001a159bbec80
Event: 49.001 Thread 0x000001a159b05510 Thread added: 0x000001a159bc03f0


Dynamic libraries:
0x00007ff6bbe20000 - 0x00007ff6bbe2a000 	C:\Program Files\Android\Android Studio\jbr\bin\java.exe
0x00007ffcd8da0000 - 0x00007ffcd9006000 	C:\windows\SYSTEM32\ntdll.dll
0x00007ffcd6e60000 - 0x00007ffcd6f29000 	C:\windows\System32\KERNEL32.DLL
0x00007ffcd6290000 - 0x00007ffcd668f000 	C:\windows\System32\KERNELBASE.dll
0x00007ffcd6940000 - 0x00007ffcd6a8c000 	C:\windows\System32\ucrtbase.dll
0x00007ffcc4680000 - 0x00007ffcc469b000 	C:\Program Files\Android\Android Studio\jbr\bin\VCRUNTIME140.dll
0x00007ffcc4e10000 - 0x00007ffcc4e26000 	C:\Program Files\Android\Android Studio\jbr\bin\jli.dll
0x00007ffcd6c80000 - 0x00007ffcd6e46000 	C:\windows\System32\USER32.dll
0x00007ffcd6aa0000 - 0x00007ffcd6ac7000 	C:\windows\System32\win32u.dll
0x00007ffcb11f0000 - 0x00007ffcb1481000 	C:\windows\WinSxS\amd64_microsoft.windows.common-controls_6595b64144ccf1df_6.0.26100.8972_none_3e0da176e32f9d4b\COMCTL32.dll
0x00007ffcd8120000 - 0x00007ffcd814b000 	C:\windows\System32\GDI32.dll
0x00007ffcd6810000 - 0x00007ffcd6939000 	C:\windows\System32\gdi32full.dll
0x00007ffcd7b70000 - 0x00007ffcd7c19000 	C:\windows\System32\msvcrt.dll
0x00007ffcd66a0000 - 0x00007ffcd6743000 	C:\windows\System32\msvcp_win.dll
0x00007ffcd8150000 - 0x00007ffcd8182000 	C:\windows\System32\IMM32.DLL
0x00007ffccf040000 - 0x00007ffccf04c000 	C:\Program Files\Android\Android Studio\jbr\bin\vcruntime140_1.dll
0x00007ffcb2730000 - 0x00007ffcb27bd000 	C:\Program Files\Android\Android Studio\jbr\bin\msvcp140.dll
0x00007ffc1e7f0000 - 0x00007ffc1f6ca000 	C:\Program Files\Android\Android Studio\jbr\bin\server\jvm.dll
0x00007ffcd8c00000 - 0x00007ffcd8cbc000 	C:\windows\System32\ADVAPI32.dll
0x00007ffcd8870000 - 0x00007ffcd891a000 	C:\windows\System32\sechost.dll
0x00007ffcd8a90000 - 0x00007ffcd8ba8000 	C:\windows\System32\RPCRT4.dll
0x00007ffcd8cd0000 - 0x00007ffcd8d52000 	C:\windows\System32\WS2_32.dll
0x00007ffcce620000 - 0x00007ffcce656000 	C:\windows\SYSTEM32\WINMM.dll
0x00007ffcd5e30000 - 0x00007ffcd5e8e000 	C:\windows\SYSTEM32\POWRPROF.dll
0x00007ffccdcc0000 - 0x00007ffccdccb000 	C:\windows\SYSTEM32\VERSION.dll
0x00007ffcd5e10000 - 0x00007ffcd5e25000 	C:\windows\SYSTEM32\UMPDC.dll
0x00007ffcd4c60000 - 0x00007ffcd4c7b000 	C:\windows\SYSTEM32\kernel.appcore.dll
0x00007ffcce6f0000 - 0x00007ffcce6fa000 	C:\Program Files\Android\Android Studio\jbr\bin\jimage.dll
0x00007ffcd3690000 - 0x00007ffcd38d2000 	C:\windows\SYSTEM32\DBGHELP.DLL
0x00007ffcd7d20000 - 0x00007ffcd80a5000 	C:\windows\System32\combase.dll
0x00007ffcd8650000 - 0x00007ffcd8729000 	C:\windows\System32\OLEAUT32.dll
0x00007ffcb2460000 - 0x00007ffcb249b000 	C:\windows\SYSTEM32\dbgcore.DLL
0x00007ffcd5fb0000 - 0x00007ffcd605c000 	C:\windows\System32\bcryptPrimitives.dll
0x00007ffccea50000 - 0x00007ffccea5e000 	C:\Program Files\Android\Android Studio\jbr\bin\instrument.dll
0x00007ffcc4630000 - 0x00007ffcc464f000 	C:\Program Files\Android\Android Studio\jbr\bin\java.dll
0x00007ffcd79d0000 - 0x00007ffcd7b69000 	C:\windows\System32\ole32.dll
0x00007ffcd7240000 - 0x00007ffcd79c8000 	C:\windows\System32\SHELL32.dll
0x00007ffcbe7e0000 - 0x00007ffcbe7f7000 	C:\Program Files\Android\Android Studio\jbr\bin\zip.dll
0x00007ffcd38e0000 - 0x00007ffcd417b000 	C:\windows\SYSTEM32\windows.storage.dll
0x00007ffcd7c20000 - 0x00007ffcd7d19000 	C:\windows\System32\SHCORE.dll
0x00007ffcd80b0000 - 0x00007ffcd8116000 	C:\windows\System32\shlwapi.dll
0x00007ffcd5ed0000 - 0x00007ffcd5ef9000 	C:\windows\SYSTEM32\profapi.dll
0x00007ffcce670000 - 0x00007ffcce680000 	C:\Program Files\Android\Android Studio\jbr\bin\net.dll
0x00007ffcd51f0000 - 0x00007ffcd525c000 	C:\windows\system32\mswsock.dll
0x00007ffcbe630000 - 0x00007ffcbe646000 	C:\Program Files\Android\Android Studio\jbr\bin\nio.dll
0x00007ffcbe620000 - 0x00007ffcbe630000 	C:\Program Files\Android\Android Studio\jbr\bin\verify.dll
0x00007ffcbd5c0000 - 0x00007ffcbd5e7000 	C:\Users\Aluno\.gradle\native\660c5614fbf4a5f2a75b1949f50a0caf5cd603558e7d8a26e50b933a0cfb79d1\windows-amd64\native-platform.dll
0x00007ffcac7d0000 - 0x00007ffcac847000 	C:\Users\Aluno\.gradle\native\0.2.8\x86_64-windows-gnu\gradle-fileevents.dll
0x00007ffcc4dc0000 - 0x00007ffcc4dc9000 	C:\Program Files\Android\Android Studio\jbr\bin\management.dll
0x00007ffcc4620000 - 0x00007ffcc462b000 	C:\Program Files\Android\Android Studio\jbr\bin\management_ext.dll
0x00007ffcd6e50000 - 0x00007ffcd6e58000 	C:\windows\System32\PSAPI.DLL
0x00007ffcd4660000 - 0x00007ffcd4693000 	C:\windows\SYSTEM32\IPHLPAPI.DLL
0x00007ffcd6b30000 - 0x00007ffcd6b3a000 	C:\windows\System32\NSI.dll
0x00007ffcc5fb0000 - 0x00007ffcc5fb9000 	C:\Program Files\Android\Android Studio\jbr\bin\extnet.dll
0x00007ffcd5610000 - 0x00007ffcd562b000 	C:\windows\SYSTEM32\CRYPTSP.dll
0x00007ffcd4bc0000 - 0x00007ffcd4bf9000 	C:\windows\system32\rsaenh.dll
0x00007ffcd52a0000 - 0x00007ffcd52d2000 	C:\windows\SYSTEM32\USERENV.dll
0x00007ffcd5ea0000 - 0x00007ffcd5eca000 	C:\windows\SYSTEM32\bcrypt.dll
0x00007ffcd55e0000 - 0x00007ffcd55ec000 	C:\windows\SYSTEM32\CRYPTBASE.dll
0x00007ffca4b50000 - 0x00007ffca4b58000 	C:\windows\system32\wshunix.dll
0x00007ffcd4d90000 - 0x00007ffcd4dc6000 	C:\windows\SYSTEM32\ntmarta.dll

JVMTI agents:
C:\Users\Aluno\.gradle\wrapper\dists\gradle-9.5.0-bin\bvnork1r7n8i6kp5cnkibsc9q\gradle-9.5.0\lib\agents\gradle-instrumentation-agent-9.5.0.jar path:C:\Program Files\Android\Android Studio\jbr\bin\instrument.dll, loaded, initialized, instrumentlib options:none

dbghelp: loaded successfully - version: 4.0.5 - missing functions: none
symbol engine: initialized successfully - sym options: 0x614 - pdb path: .;C:\Program Files\Android\Android Studio\jbr\bin;C:\windows\SYSTEM32;C:\windows\WinSxS\amd64_microsoft.windows.common-controls_6595b64144ccf1df_6.0.26100.8972_none_3e0da176e32f9d4b;C:\Program Files\Android\Android Studio\jbr\bin\server;C:\Users\Aluno\.gradle\native\660c5614fbf4a5f2a75b1949f50a0caf5cd603558e7d8a26e50b933a0cfb79d1\windows-amd64;C:\Users\Aluno\.gradle\native\0.2.8\x86_64-windows-gnu

VM Arguments:
jvm_args: --add-opens=java.base/java.lang=ALL-UNNAMED --add-opens=java.base/java.lang.invoke=ALL-UNNAMED --add-opens=java.base/java.util=ALL-UNNAMED --add-opens=java.prefs/java.util.prefs=ALL-UNNAMED --add-exports=jdk.compiler/com.sun.tools.javac.api=ALL-UNNAMED --add-exports=jdk.compiler/com.sun.tools.javac.util=ALL-UNNAMED --add-opens=java.base/java.nio.charset=ALL-UNNAMED --add-opens=java.base/java.net=ALL-UNNAMED --add-opens=java.base/java.util.concurrent=ALL-UNNAMED --add-opens=java.base/java.util.concurrent.atomic=ALL-UNNAMED --add-opens=java.xml/javax.xml.namespace=ALL-UNNAMED --add-opens=java.base/java.time=ALL-UNNAMED --enable-native-access=ALL-UNNAMED -Xmx2048m -Dfile.encoding=UTF-8 -Duser.country=BR -Duser.language=pt -Duser.variant -javaagent:C:\Users\Aluno\.gradle\wrapper\dists\gradle-9.5.0-bin\bvnork1r7n8i6kp5cnkibsc9q\gradle-9.5.0\lib\agents\gradle-instrumentation-agent-9.5.0.jar 
java_command: org.gradle.launcher.daemon.bootstrap.GradleDaemon 9.5.0
java_class_path (initial): C:\Users\Aluno\.gradle\wrapper\dists\gradle-9.5.0-bin\bvnork1r7n8i6kp5cnkibsc9q\gradle-9.5.0\lib\gradle-daemon-main-9.5.0.jar
Launcher Type: SUN_STANDARD

[Global flags]
     intx CICompilerCount                          = 4                                         {product} {ergonomic}
     uint ConcGCThreads                            = 3                                         {product} {ergonomic}
     uint G1ConcRefinementThreads                  = 10                                        {product} {ergonomic}
   size_t G1HeapRegionSize                         = 1048576                                   {product} {ergonomic}
   size_t InitialHeapSize                          = 264241152                                 {product} {ergonomic}
   size_t MarkStackSize                            = 4194304                                   {product} {ergonomic}
   size_t MarkStackSizeMax                         = 536870912                                 {product} {ergonomic}
   size_t MaxHeapSize                              = 2147483648                                {product} {command line}
   size_t MaxNewSize                               = 1287651328                                {product} {ergonomic}
   size_t MinHeapDeltaBytes                        = 1048576                                   {product} {ergonomic}
   size_t MinHeapSize                              = 8388608                                   {product} {ergonomic}
    uintx NonNMethodCodeHeapSize                   = 5832704                                {pd product} {ergonomic}
    uintx NonProfiledCodeHeapSize                  = 122945536                              {pd product} {ergonomic}
     bool PerfDisableSharedMem                     = true                                      {product} {ergonomic}
    uintx ProfiledCodeHeapSize                     = 122880000                              {pd product} {ergonomic}
    uintx ReservedCodeCacheSize                    = 251658240                              {pd product} {ergonomic}
     bool SegmentedCodeCache                       = true                                      {product} {ergonomic}
   size_t SoftMaxHeapSize                          = 2147483648                             {manageable} {ergonomic}
     bool UseCompressedOops                        = true                           {product lp64_product} {ergonomic}
     bool UseG1GC                                  = true                                      {product} {ergonomic}
     bool UseLargePagesIndividualAllocation        = false                                  {pd product} {ergonomic}

Logging:
Log output configuration:
 #0: stdout all=warning uptime,level,tags foldmultilines=false
 #1: stderr all=off uptime,level,tags foldmultilines=false

Release file:
JAVA_VERSION="25.0.2" 
MODULES="java.base java.compiler java.datatransfer java.xml java.prefs java.desktop java.instrument java.logging java.management java.security.sasl java.naming java.rmi java.management.rmi java.net.http java.scripting java.security.jgss java.transaction.xa java.sql java.sql.rowset java.xml.crypto java.se java.smartcardio jdk.accessibility jdk.internal.jvmstat jdk.attach jdk.charsets jdk.internal.opt jdk.zipfs jdk.compiler jdk.crypto.cryptoki jdk.crypto.ec jdk.dynalink jdk.hotspot.agent jdk.httpserver jdk.internal.ed jdk.internal.le jdk.internal.md jdk.internal.vm.ci jdk.jartool jdk.javadoc jdk.jcmd jdk.jdeps jdk.jdwp.agent jdk.jdi jdk.jfr jdk.jlink jdk.localedata jdk.management jdk.management.agent jdk.management.jfr jdk.naming.dns jdk.naming.rmi jdk.net jdk.sctp jdk.security.auth jdk.security.jgss jdk.unsupported jdk.unsupported.desktop jdk.xml.dom" 
IMPLEMENTOR="JetBrains s.r.o." 
JAVA_RUNTIME_VERSION="25.0.2+-15348964-b329.117" 
LIBC="default" 
OS_ARCH="x86_64" 
OS_NAME="Windows" 
SOURCE=".:git:3cf398e84a39" 

Environment Variables:
PATH=C:\Program Files\Microsoft SDKs\Azure\CLI2\wbin;C:\Program Files (x86)\Common Files\Oracle\Java\java8path;C:\Program Files (x86)\Common Files\Oracle\Java\javapath;C:\windows\system32;C:\windows;C:\windows\System32\Wbem;C:\windows\System32\WindowsPowerShell\v1.0\;C:\windows\System32\OpenSSH\;C:\Program Files\Microsoft SQL Server\150\Tools\Binn\;C:\Program Files\Microsoft SQL Server\Client SDK\ODBC\170\Tools\Binn\;C:\Program Files\dotnet\;C:\Program Files (x86)\Microsoft SQL Server\160\Tools\Binn\;C:\Program Files\Microsoft SQL Server\160\Tools\Binn\;C:\Program Files\Microsoft SQL Server\160\DTS\Binn\;C:\Program Files\Git\cmd;C:\Program Files\Docker\Docker\resources\bin;C:\Program Files\nodejs\;C:\Users\Aluno\AppData\Local\Programs\Python\Python314\Scripts\;C:\Users\Aluno\AppData\Local\Programs\Python\Python314\;C:\Users\Aluno\AppData\Local\Microsoft\WindowsApps;C:\Users\Aluno\AppData\Local\Programs\Microsoft VS Code\bin;C:\Users\Aluno\.dotnet\tools;C:\Users\Aluno\AppData\Roaming\npm
USERNAME=Aluno
OS=Windows_NT
PROCESSOR_IDENTIFIER=Intel64 Family 6 Model 186 Stepping 3, GenuineIntel
TMP=C:\Users\Aluno\AppData\Local\Temp
TEMP=C:\Users\Aluno\AppData\Local\Temp




Compilation memory statistics disabled.

Periodic native trim disabled

JNI global refs:
JNI global refs: 23, weak refs: 4

JNI global refs memory usage: 835, weak refs: 1465

Process memory usage:
Resident Set Size: 604372K (3% of 16400672K total physical memory with 95216K free physical memory)

OOME stack traces (most recent first):
Classloader memory used:
Loader org.gradle.internal.classloader.VisitableURLClassLoader                         : 46364 K
Loader org.gradle.internal.classloader.VisitableURLClassLoader$InstrumentingVisitableURLClassLoader: 36710 K
Loader bootstrap                                                                       : 31078 K
Loader org.gradle.initialization.MixInLegacyTypesClassLoader                           : 15665 K
Loader jdk.internal.loader.ClassLoaders$AppClassLoader                                 : 188 K
Loader jdk.internal.loader.ClassLoaders$PlatformClassLoader                            : 167 K
Loader org.gradle.internal.classloader.VisitableURLClassLoader                         : 162 K
Loader org.gradle.groovy.scripts.internal.DefaultScriptCompilationHandler$ScriptClassLoader: 124 K
Loader sun.reflect.misc.MethodUtil                                                     : 2968 B

Classes loaded by more than one classloader:
Class Program                                                                         : loaded 5 times (x 74B)
Class Build_gradle                                                                    : loaded 3 times (x 128B)
Class com.google.common.collect.RegularImmutableMap$KeySet                            : loaded 2 times (x 154B)
Class org.gradle.internal.classloader.FilteringClassLoader                            : loaded 2 times (x 106B)
Class [Lcom.google.common.collect.MapMakerInternalMap$Segment;                        : loaded 2 times (x 71B)
Class [Lcom.google.common.base.AbstractIterator$State;                                : loaded 2 times (x 71B)
Class com.google.common.io.FileWriteMode                                              : loaded 2 times (x 81B)
Class com.google.common.base.CharMatcher$IsEither                                     : loaded 2 times (x 113B)
Class org.gradle.internal.classloader.ClassLoaderHierarchy                            : loaded 2 times (x 72B)
Class com.google.common.collect.AbstractMapBasedMultimap$WrappedCollection            : loaded 2 times (x 126B)
Class com.google.common.collect.ImmutableEnumSet                                      : loaded 2 times (x 148B)
Class com.google.common.collect.ImmutableList$1                                       : loaded 2 times (x 99B)
Class com.google.common.util.concurrent.ExecutionError                                : loaded 2 times (x 84B)
Class com.google.common.io.ByteArrayDataOutput                                        : loaded 2 times (x 72B)
Class com.google.common.collect.RegularImmutableMap                                   : loaded 2 times (x 122B)
Class com.google.common.collect.ImmutableMap$MapViewOfValuesAsSingletonSets           : loaded 2 times (x 128B)
Class com.google.common.collect.TransformedListIterator                               : loaded 2 times (x 95B)
Class com.google.common.reflect.TypeCapture                                           : loaded 2 times (x 73B)
Class [Lorg.objectweb.asm.Symbol;                                                     : loaded 2 times (x 71B)
Class org.objectweb.asm.ClassVisitor                                                  : loaded 2 times (x 90B)
Class com.google.common.collect.UnmodifiableListIterator                              : loaded 2 times (x 97B)
Class com.google.common.collect.MapMakerInternalMap$StrongKeyDummyValueEntry$LinkedStrongKeyDummyValueEntry: loaded 2 times (x 84B)
Class com.google.common.collect.MapMakerInternalMap$Strength                          : loaded 2 times (x 82B)
Class com.google.common.base.Platform$JdkPatternCompiler                              : loaded 2 times (x 77B)
Class org.objectweb.asm.MethodTooLargeException                                       : loaded 2 times (x 84B)
Class [Lcom.google.common.cache.CacheBuilder$OneWeigher;                              : loaded 2 times (x 71B)
Class com.google.common.base.Suppliers                                                : loaded 2 times (x 73B)
Class org.gradle.internal.classloader.DefaultClassLoaderFactory                       : loaded 2 times (x 84B)
Class org.apache.commons.io.file.PathUtils                                            : loaded 2 times (x 73B)
Class com.google.common.base.CharMatcher$None                                         : loaded 2 times (x 114B)
Class com.google.common.io.ByteSource$ConcatenatedByteSource                          : loaded 2 times (x 87B)
Class [Lcom.google.common.collect.ImmutableMapEntry;                                  : loaded 2 times (x 71B)
Class [Lorg.apache.commons.io.StandardLineSeparator;                                  : loaded 2 times (x 71B)
Class org.apache.commons.io.output.StringBuilderWriter                                : loaded 2 times (x 102B)
Class com.google.common.collect.ListMultimap                                          : loaded 2 times (x 72B)
Class com.google.common.collect.ImmutableEnumMap                                      : loaded 2 times (x 128B)
Class com.google.common.collect.Iterators$EmptyModifiableIterator                     : loaded 2 times (x 88B)
Class com.google.common.base.Splitter                                                 : loaded 2 times (x 74B)
Class com.google.common.collect.Sets$1                                                : loaded 2 times (x 143B)
Class org.objectweb.asm.AnnotationVisitor                                             : loaded 2 times (x 80B)
Class org.gradle.api.internal.DefaultClassPathProvider                                : loaded 2 times (x 78B)
Class com.google.common.collect.MapMakerInternalMap$Strength$1                        : loaded 2 times (x 82B)
Class com.google.common.collect.Maps$ViewCachingAbstractMap                           : loaded 2 times (x 127B)
Class com.google.common.io.CharSource$ConcatenatedCharSource                          : loaded 2 times (x 88B)
Class com.google.common.collect.Sets$2                                                : loaded 2 times (x 143B)
Class [Lorg.gradle.api.internal.ClassPathProvider;                                    : loaded 2 times (x 71B)
Class org.gradle.api.internal.ClassPathProvider                                       : loaded 2 times (x 72B)
Class com.google.common.collect.MapMakerInternalMap$Strength$2                        : loaded 2 times (x 82B)
Class com.google.common.reflect.Types$ClassOwnership$1                                : loaded 2 times (x 82B)
Class com.google.common.base.AbstractIterator$State                                   : loaded 2 times (x 81B)
Class [Lorg.objectweb.asm.AnnotationVisitor;                                          : loaded 2 times (x 71B)
Class com.google.common.collect.Sets$3                                                : loaded 2 times (x 143B)
Class com.google.common.cache.LocalCache$LocalLoadingCache                            : loaded 2 times (x 136B)
Class org.gradle.internal.service.UnknownServiceException                             : loaded 2 times (x 85B)
Class com.google.common.collect.MapMakerInternalMap$StrongValueEntry                  : loaded 2 times (x 72B)
Class com.google.common.reflect.Types$ClassOwnership$2                                : loaded 2 times (x 82B)
Class com.google.common.reflect.TypeResolver                                          : loaded 2 times (x 74B)
Class com.google.common.io.ByteArrayDataInput                                         : loaded 2 times (x 72B)
Class com.google.common.collect.Sets$4                                                : loaded 2 times (x 143B)
Class org.objectweb.asm.ModuleVisitor                                                 : loaded 2 times (x 83B)
Class com.google.common.cache.LocalCache$Strength$1                                   : loaded 2 times (x 83B)
Class com.google.common.reflect.Types$ClassOwnership$3                                : loaded 2 times (x 73B)
Class org.apache.commons.io.output.QueueOutputStream                                  : loaded 2 times (x 89B)
Class com.google.common.util.concurrent.SettableFuture                                : loaded 2 times (x 116B)
Class com.google.common.cache.LocalCache$Strength$2                                   : loaded 2 times (x 83B)
Class com.google.common.collect.Interners$InternerImpl                                : loaded 2 times (x 77B)
Class com.google.common.collect.Interner                                              : loaded 2 times (x 72B)
Class com.google.common.collect.TransformedIterator                                   : loaded 2 times (x 82B)
Class com.google.common.base.Splitter$1                                               : loaded 2 times (x 79B)
Class com.google.common.io.ByteStreams                                                : loaded 2 times (x 73B)
Class com.google.common.cache.LocalCache$Strength$3                                   : loaded 2 times (x 83B)
Class com.google.common.collect.MapDifference                                         : loaded 2 times (x 72B)
Class com.google.common.collect.MapMaker$Dummy                                        : loaded 2 times (x 81B)
Class com.google.common.reflect.Invokable                                             : loaded 2 times (x 105B)
Class org.objectweb.asm.FieldWriter                                                   : loaded 2 times (x 79B)
Class com.google.common.cache.CacheBuilder$NullListener                               : loaded 2 times (x 84B)
Class org.gradle.internal.classpath.TransformedClassPath                              : loaded 2 times (x 98B)
Class org.gradle.internal.classloader.InstrumentingClassLoader                        : loaded 2 times (x 72B)
Class com.google.common.reflect.Types$ParameterizedTypeImpl                           : loaded 2 times (x 83B)
Class org.apache.commons.io.output.UnsynchronizedByteArrayOutputStream                : loaded 2 times (x 104B)
Class com.google.common.base.Equivalence$Identity                                     : loaded 2 times (x 84B)
Class com.google.common.cache.CacheLoader$FunctionToCacheLoader                       : loaded 2 times (x 77B)
Class com.google.common.collect.ImmutableCollection$Builder                           : loaded 2 times (x 78B)
Class com.google.common.reflect.TypeResolver$TypeVariableKey                          : loaded 2 times (x 74B)
Class org.apache.commons.io.output.ByteArrayOutputStream                              : loaded 2 times (x 104B)
Class com.google.common.base.Joiner                                                   : loaded 2 times (x 82B)
Class com.google.common.base.MoreObjects                                              : loaded 2 times (x 73B)
Class [Lorg.objectweb.asm.Attribute;                                                  : loaded 2 times (x 71B)
Class com.google.common.collect.Platform                                              : loaded 2 times (x 73B)
Class [Lorg.objectweb.asm.Type;                                                       : loaded 2 times (x 71B)
Class com.google.common.collect.UnmodifiableIterator                                  : loaded 2 times (x 82B)
Class org.gradle.internal.service.ServiceLocator                                      : loaded 2 times (x 72B)
Class org.apache.commons.io.FileExistsException                                       : loaded 2 times (x 84B)
Class com.google.common.base.Ascii                                                    : loaded 2 times (x 73B)
Class com.google.common.collect.SingletonImmutableBiMap                               : loaded 2 times (x 145B)
Class com.google.common.collect.Iterators$SingletonIterator                           : loaded 2 times (x 83B)
Class com.google.common.cache.LocalCache$1                                            : loaded 2 times (x 91B)
Class com.google.common.collect.AbstractMapEntry                                      : loaded 2 times (x 83B)
Class ijKotlinCoroutineJvmDebugInit1_262pooy281xcr6kpmp34hbceh$_run_closure1          : loaded 2 times (x 140B)
Class com.google.common.collect.AbstractSetMultimap                                   : loaded 2 times (x 175B)
Class com.google.common.collect.MapMakerInternalMap$AbstractStrongKeyEntry            : loaded 2 times (x 82B)
Class com.google.common.reflect.TypeToken$SimpleTypeToken                             : loaded 2 times (x 75B)
Class com.google.common.io.CharSource$StringCharSource                                : loaded 2 times (x 88B)
Class com.google.common.io.ByteSource$ByteArrayByteSource                             : loaded 2 times (x 87B)
Class com.google.common.collect.Sets$ImprovedAbstractSet                              : loaded 2 times (x 137B)
Class com.google.common.collect.ImmutableList$Builder                                 : loaded 2 times (x 79B)
Class com.google.common.collect.AbstractMultimap                                      : loaded 2 times (x 125B)
Class com.google.common.cache.LocalCache$2                                            : loaded 2 times (x 144B)
Class com.google.common.collect.RegularImmutableAsList                                : loaded 2 times (x 219B)
Class com.google.common.base.Optional                                                 : loaded 2 times (x 82B)
Class com.google.common.util.concurrent.AbstractFuture$Trusted                        : loaded 2 times (x 72B)
Class com.google.common.collect.Iterators                                             : loaded 2 times (x 73B)
Class com.google.common.io.ByteSink$AsCharSink                                        : loaded 2 times (x 82B)
Class com.google.common.collect.Lists$StringAsImmutableList                           : loaded 2 times (x 209B)
Class com.google.common.util.concurrent.UncheckedExecutionException                   : loaded 2 times (x 84B)
Class org.gradle.kotlin.dsl.VersionCatalogAccessorsKt                                 : loaded 2 times (x 73B)
Class com.google.common.collect.HashMultimapGwtSerializationDependencies              : loaded 2 times (x 175B)
Class com.google.common.collect.AbstractMapBasedMultimap$KeySet$1                     : loaded 2 times (x 84B)
Class org.objectweb.asm.ClassWriter                                                   : loaded 2 times (x 107B)
Class com.google.common.cache.CacheLoader$UnsupportedLoadingOperationException        : loaded 2 times (x 84B)
Class com.google.common.base.CharMatcher$And                                          : loaded 2 times (x 114B)
Class org.objectweb.asm.FieldVisitor                                                  : loaded 2 times (x 79B)
Class com.google.common.collect.IndexedImmutableSet                                   : loaded 2 times (x 154B)
Class com.google.common.collect.ImmutableMap$1                                        : loaded 2 times (x 83B)
Class com.google.common.collect.BiMap                                                 : loaded 2 times (x 72B)
Class org.gradle.api.internal.classpath.DefaultModuleRegistry$DefaultModule           : loaded 2 times (x 84B)
Class com.google.common.reflect.Reflection                                            : loaded 2 times (x 73B)
Class com.google.common.base.Absent                                                   : loaded 2 times (x 82B)
Class com.google.common.primitives.Ints                                               : loaded 2 times (x 73B)
Class com.google.common.collect.AbstractIterator                                      : loaded 2 times (x 84B)
Class com.google.common.collect.ObjectArrays                                          : loaded 2 times (x 73B)
Class com.google.common.math.MathPreconditions                                        : loaded 2 times (x 73B)
Class com.google.common.collect.Multiset                                              : loaded 2 times (x 72B)
Class com.google.common.collect.ArrayListMultimapGwtSerializationDependencies         : loaded 2 times (x 173B)
Class com.google.common.collect.AbstractIndexedListIterator                           : loaded 2 times (x 98B)
Class org.apache.commons.io.output.NullOutputStream                                   : loaded 2 times (x 87B)
Class com.google.common.collect.ImmutableMapEntrySet                                  : loaded 2 times (x 154B)
Class org.gradle.api.internal.classpath.Module                                        : loaded 2 times (x 72B)
Class com.google.common.cache.Weigher                                                 : loaded 2 times (x 72B)
Class org.gradle.api.internal.classpath.UnknownModuleException                        : loaded 2 times (x 84B)
Class com.google.common.base.Stopwatch                                                : loaded 2 times (x 74B)
Class com.google.common.cache.LocalCache$Strength                                     : loaded 2 times (x 83B)
Class com.google.common.cache.Cache                                                   : loaded 2 times (x 72B)
Class org.apache.commons.io.filefilter.IOFileFilter                                   : loaded 2 times (x 72B)
Class com.google.common.base.NullnessCasts                                            : loaded 2 times (x 73B)
Class com.google.common.util.concurrent.AbstractFuture$Cancellation                   : loaded 2 times (x 74B)
Class com.google.common.collect.ImmutableMap$Builder                                  : loaded 2 times (x 84B)
Class com.google.common.collect.AbstractMapBasedMultimap$WrappedCollection$WrappedIterator: loaded 2 times (x 86B)
Class com.google.common.base.Present                                                  : loaded 2 times (x 83B)
Class com.google.common.cache.RemovalListener                                         : loaded 2 times (x 72B)
Class org.gradle.api.internal.DefaultClassPathRegistry                                : loaded 2 times (x 78B)
Class org.apache.commons.io.file.DeleteOption                                         : loaded 2 times (x 72B)
Class com.google.common.reflect.Invokable$ConstructorInvokable                        : loaded 2 times (x 109B)
Class com.google.common.primitives.IntsMethodsForWeb                                  : loaded 2 times (x 73B)
Class com.google.common.collect.Multimap                                              : loaded 2 times (x 72B)
Class org.gradle.internal.classpath.DefaultClassPath$ImmutableUniqueList              : loaded 2 times (x 201B)
Class org.gradle.api.internal.ClassPathRegistry                                       : loaded 2 times (x 72B)
Class com.google.common.collect.MapMakerInternalMap$Segment                           : loaded 2 times (x 143B)
Class org.apache.commons.io.IOUtils                                                   : loaded 2 times (x 73B)
Class com.google.common.reflect.TypeToken                                             : loaded 2 times (x 75B)
Class com.google.common.collect.Iterators$ArrayItr                                    : loaded 2 times (x 99B)
Class com.google.common.io.ByteSink                                                   : loaded 2 times (x 78B)
Class com.google.common.collect.SingletonImmutableList                                : loaded 2 times (x 209B)
Class com.google.common.cache.CacheBuilder                                            : loaded 2 times (x 74B)
Class Settings_gradle$1                                                               : loaded 2 times (x 76B)
Class org.gradle.internal.classpath.ClassPath                                         : loaded 2 times (x 72B)
Class com.google.common.collect.Interners$InternerBuilder                             : loaded 2 times (x 78B)
Class [Lcom.google.common.reflect.Types$JavaVersion;                                  : loaded 2 times (x 71B)
Class com.google.common.io.Files$FileByteSource                                       : loaded 2 times (x 87B)
Class com.google.common.base.JdkPattern                                               : loaded 2 times (x 77B)
Class com.google.common.collect.ImmutableList$ReverseImmutableList                    : loaded 2 times (x 211B)
Class com.google.common.io.CharSource$CharSequenceCharSource                          : loaded 2 times (x 88B)
Class com.google.errorprone.annotations.DoNotMock                                     : loaded 2 times (x 72B)
Class org.objectweb.asm.SymbolTable$Entry                                             : loaded 2 times (x 75B)
Class org.gradle.api.internal.classpath.DefaultModuleRegistry$DefaultModuleAlias      : loaded 2 times (x 82B)
Class org.objectweb.asm.Edge                                                          : loaded 2 times (x 74B)
Class com.google.common.collect.Iterators$1                                           : loaded 2 times (x 83B)
Class com.google.common.base.Suppliers$SupplierOfInstance                             : loaded 2 times (x 81B)
Class com.google.common.reflect.TypeToken$1                                           : loaded 2 times (x 112B)
Class com.google.common.collect.SingletonImmutableSet                                 : loaded 2 times (x 148B)
Class com.google.common.cache.LocalCache$ComputingValueReference                      : loaded 2 times (x 98B)
Class com.google.common.collect.ImmutableMap$IteratorBasedImmutableMap                : loaded 2 times (x 128B)
Class com.google.common.reflect.TypeToken$2                                           : loaded 2 times (x 112B)
Class com.google.common.cache.LocalCache$Segment                                      : loaded 2 times (x 155B)
Class com.google.common.collect.AbstractListMultimap                                  : loaded 2 times (x 173B)
Class [Lorg.objectweb.asm.SymbolTable$Entry;                                          : loaded 2 times (x 71B)
Class com.google.common.collect.Iterators$4                                           : loaded 2 times (x 84B)
Class com.google.common.cache.CacheLoader                                             : loaded 2 times (x 76B)
Class com.google.common.collect.ImmutableBiMap                                        : loaded 2 times (x 145B)
Class ijJvmDebugger1_c69svupku1u04etejwkyjhig7$_run_closure1                          : loaded 2 times (x 140B)
Class org.gradle.api.internal.classpath.ModuleRegistry                                : loaded 2 times (x 72B)
Class org.gradle.internal.installation.GradleInstallation$1                           : loaded 2 times (x 77B)
Class org.apache.commons.io.output.NullWriter                                         : loaded 2 times (x 101B)
Class com.google.common.base.Splitter$SplittingIterator                               : loaded 2 times (x 85B)
Class com.google.common.collect.ImmutableSet$JdkBackedSetBuilderImpl                  : loaded 2 times (x 78B)
Class com.google.common.util.concurrent.internal.InternalFutureFailureAccess          : loaded 2 times (x 74B)
Class com.google.common.collect.Iterators$5                                           : loaded 2 times (x 84B)
Class com.google.common.cache.LocalCache$LocalManualCache$1                           : loaded 2 times (x 77B)
Class com.google.common.base.CharMatcher$ForPredicate                                 : loaded 2 times (x 114B)
Class com.google.common.base.CharMatcher$AnyOf                                        : loaded 2 times (x 114B)
Class com.google.common.collect.ImmutableCollection                                   : loaded 2 times (x 127B)
Class org.gradle.api.internal.classpath.DefaultModuleRegistry                         : loaded 2 times (x 86B)
Class com.google.common.collect.Lists                                                 : loaded 2 times (x 73B)
Class com.google.common.util.concurrent.ListenableFuture                              : loaded 2 times (x 72B)
Class com.google.common.cache.ReferenceEntry                                          : loaded 2 times (x 72B)
Class com.google.common.base.Converter                                                : loaded 2 times (x 92B)
Class com.google.common.collect.ImmutableSet$CachingAsList                            : loaded 2 times (x 150B)
Class com.google.common.collect.AbstractMapBasedMultimap                              : loaded 2 times (x 140B)
Class com.google.common.util.concurrent.AbstractFuture                                : loaded 2 times (x 108B)
Class com.google.common.collect.Iterators$9                                           : loaded 2 times (x 83B)
Class com.google.common.collect.ImmutableAsList                                       : loaded 2 times (x 211B)
Class com.google.common.base.FunctionalEquivalence                                    : loaded 2 times (x 85B)
Class com.google.common.reflect.TypeResolver$TypeTable                                : loaded 2 times (x 75B)
Class org.objectweb.asm.RecordComponentVisitor                                        : loaded 2 times (x 79B)
Class com.google.common.cache.CacheLoader$SupplierToCacheLoader                       : loaded 2 times (x 77B)
Class com.google.common.reflect.TypeResolver$TypeTable$1                              : loaded 2 times (x 75B)
Class com.google.common.collect.Maps$EntryTransformer                                 : loaded 2 times (x 72B)
Class org.gradle.internal.service.ServiceLookupException                              : loaded 2 times (x 84B)
Class [Lcom.google.common.cache.LocalCache$EntryFactory;                              : loaded 2 times (x 71B)
Class org.gradle.internal.classloader.ClassLoaderFactory                              : loaded 2 times (x 72B)
Class org.apache.commons.io.CloseableURLConnection                                    : loaded 2 times (x 118B)
Class com.google.common.base.CommonPattern                                            : loaded 2 times (x 76B)
Class com.google.common.cache.LocalCache$LocalManualCache                             : loaded 2 times (x 101B)
Class com.google.common.base.CharMatcher$IsNot                                        : loaded 2 times (x 113B)
Class org.gradle.internal.service.CachingServiceLocator                               : loaded 2 times (x 84B)
Class com.google.common.collect.AbstractMapBasedMultimap$KeySet                       : loaded 2 times (x 139B)
Class com.google.common.math.IntMath                                                  : loaded 2 times (x 73B)
Class com.google.common.collect.MapMakerInternalMap$InternalEntry                     : loaded 2 times (x 72B)
Class com.google.common.reflect.Types$TypeVariableInvocationHandler                   : loaded 2 times (x 77B)
Class com.google.common.collect.ImmutableMapEntry                                     : loaded 2 times (x 87B)
Class com.google.common.base.Equivalence                                              : loaded 2 times (x 84B)
Class com.google.common.base.Function                                                 : loaded 2 times (x 72B)
Class com.google.common.collect.ImmutableMapEntry$NonTerminalImmutableMapEntry        : loaded 2 times (x 87B)
Class com.google.common.collect.IndexedImmutableSet$1                                 : loaded 2 times (x 215B)
Class org.apache.commons.io.output.AbstractByteArrayOutputStream                      : loaded 2 times (x 104B)
Class com.google.common.collect.RegularImmutableList                                  : loaded 2 times (x 215B)
Class com.google.common.cache.CacheBuilder$OneWeigher                                 : loaded 2 times (x 84B)
Class com.google.common.reflect.Types$ClassOwnership$1LocalClass                      : loaded 2 times (x 73B)
Class org.gradle.internal.classloader.ClasspathUtil                                   : loaded 2 times (x 73B)
Class com.google.common.util.concurrent.Uninterruptibles                              : loaded 2 times (x 73B)
Class com.google.common.collect.AbstractMapBasedMultimap$WrappedSet                   : loaded 2 times (x 144B)
Class com.google.common.io.CharSource                                                 : loaded 2 times (x 87B)
Class com.google.common.util.concurrent.LazyLogger                                    : loaded 2 times (x 74B)
Class com.google.common.collect.Maps                                                  : loaded 2 times (x 73B)
Class org.gradle.api.specs.Spec                                                       : loaded 2 times (x 72B)
Class com.google.common.collect.MapMaker                                              : loaded 2 times (x 74B)
Class com.google.common.reflect.Types$JavaVersion                                     : loaded 2 times (x 85B)
Class org.apache.commons.io.file.PathFilter                                           : loaded 2 times (x 72B)
Class [Lcom.google.common.collect.ImmutableEntry;                                     : loaded 2 times (x 71B)
Class com.google.common.cache.LocalCache$LoadingValueReference                        : loaded 2 times (x 98B)
Class com.google.common.collect.MapMakerInternalMap$StrongKeyDummyValueEntry          : loaded 2 times (x 84B)
Class com.google.common.reflect.Invokable$MethodInvokable                             : loaded 2 times (x 109B)
Class com.google.common.collect.AbstractMapBasedMultimap$AsMap                        : loaded 2 times (x 130B)
Class com.google.common.base.Platform                                                 : loaded 2 times (x 73B)
Class com.google.common.collect.AbstractMapBasedMultimap$WrappedList                  : loaded 2 times (x 207B)
Class [Lorg.objectweb.asm.AnnotationWriter;                                           : loaded 2 times (x 71B)
Class com.google.common.collect.Maps$8                                                : loaded 2 times (x 84B)
Class [Lcom.google.common.collect.Iterators$EmptyModifiableIterator;                  : loaded 2 times (x 71B)
Class com.google.common.collect.Sets$SetView                                          : loaded 2 times (x 141B)
Class com.google.common.cache.LocalCache$StrongValueReference                         : loaded 2 times (x 92B)
Class com.google.common.graph.SuccessorsFunction                                      : loaded 2 times (x 72B)
Class org.objectweb.asm.Type                                                          : loaded 2 times (x 74B)
Class org.gradle.internal.classloader.VisitableURLClassLoader$InstrumentingVisitableURLClassLoader: loaded 2 times (x 124B)
Class com.google.common.collect.MapMakerInternalMap$StrongKeyDummyValueEntry$Helper   : loaded 2 times (x 81B)
Class org.apache.commons.io.FileUtils                                                 : loaded 2 times (x 73B)
Class com.google.common.io.Files$FileByteSink                                         : loaded 2 times (x 79B)
Class com.google.common.math.IntMath$1                                                : loaded 2 times (x 73B)
Class org.objectweb.asm.ByteVector                                                    : loaded 2 times (x 81B)
Class [Lcom.google.common.cache.CacheBuilder$NullListener;                            : loaded 2 times (x 71B)
Class org.gradle.internal.classloader.VisitableURLClassLoader$Spec                    : loaded 2 times (x 76B)
Class org.gradle.internal.classpath.DefaultClassPath                                  : loaded 2 times (x 92B)
Class com.google.common.reflect.Types$ClassOwnership                                  : loaded 2 times (x 82B)
Class com.google.common.base.AbstractIterator                                         : loaded 2 times (x 82B)
Class org.objectweb.asm.Symbol                                                        : loaded 2 times (x 75B)
Class com.google.common.io.Closer                                                     : loaded 2 times (x 80B)
Class com.google.common.base.CharMatcher$BitSetMatcher                                : loaded 2 times (x 114B)
Class com.google.common.collect.RegularImmutableMap$Values                            : loaded 2 times (x 209B)
Class com.google.common.collect.ImmutableSet                                          : loaded 2 times (x 147B)
Class org.gradle.internal.classloader.ClassLoaderSpec                                 : loaded 2 times (x 73B)
Class com.google.common.io.ByteSource$EmptyByteSource                                 : loaded 2 times (x 87B)
Class org.objectweb.asm.AnnotationWriter                                              : loaded 2 times (x 80B)
Class com.google.common.cache.CacheStats                                              : loaded 2 times (x 73B)
Class ijJvmDebugger1_c69svupku1u04etejwkyjhig7$_run_closure1$_closure2                : loaded 2 times (x 141B)
Class com.google.common.collect.Interners                                             : loaded 2 times (x 73B)
Class com.google.common.io.LineProcessor                                              : loaded 2 times (x 72B)
Class com.google.common.io.Closer$Suppressor                                          : loaded 2 times (x 72B)
Class org.objectweb.asm.RecordComponentWriter                                         : loaded 2 times (x 79B)
Class com.google.common.util.concurrent.AbstractFuture$Listener                       : loaded 2 times (x 74B)
Class com.google.common.base.CharMatcher$Or                                           : loaded 2 times (x 114B)
Class Settings_gradle$1$1                                                             : loaded 2 times (x 76B)
Class org.gradle.api.internal.classpath.Module$ModuleAlias                            : loaded 2 times (x 72B)
Class [Lorg.objectweb.asm.Label;                                                      : loaded 2 times (x 71B)
Class org.objectweb.asm.Attribute                                                     : loaded 2 times (x 79B)
Class com.google.common.base.Supplier                                                 : loaded 2 times (x 72B)
Class org.gradle.internal.classloader.VisitableURLClassLoader                         : loaded 2 times (x 118B)
Class com.google.common.io.CharSource$AsByteSource                                    : loaded 2 times (x 87B)
Class Settings_gradle                                                                 : loaded 2 times (x 126B)
Class org.gradle.internal.Cast                                                        : loaded 2 times (x 73B)
Class org.gradle.api.Action                                                           : loaded 2 times (x 72B)
Class com.google.common.collect.MapMakerInternalMap                                   : loaded 2 times (x 162B)
Class com.google.common.base.Strings                                                  : loaded 2 times (x 73B)
Class com.google.common.collect.Sets                                                  : loaded 2 times (x 73B)
Class org.objectweb.asm.Handler                                                       : loaded 2 times (x 74B)
Class com.google.common.base.Ticker                                                   : loaded 2 times (x 74B)
Class com.google.common.base.CharMatcher$FastMatcher                                  : loaded 2 times (x 113B)
Class [Lcom.google.common.cache.LocalCache$Segment;                                   : loaded 2 times (x 71B)
Class [Lcom.google.common.cache.LocalCache$Strength;                                  : loaded 2 times (x 71B)
Class com.google.common.cache.CacheBuilder$1                                          : loaded 2 times (x 87B)
Class com.google.common.base.Predicate                                                : loaded 2 times (x 72B)
Class com.google.common.collect.ImmutableMap                                          : loaded 2 times (x 122B)
Class org.gradle.internal.classpath.DefaultClassPath$ImmutableUniqueList$Builder      : loaded 2 times (x 77B)
Class com.google.common.collect.MapMakerInternalMap$WeakValueReference                : loaded 2 times (x 72B)
Class com.google.common.cache.LocalCache                                              : loaded 2 times (x 188B)
Class com.google.common.cache.CacheBuilder$2                                          : loaded 2 times (x 81B)
Class com.google.common.base.CharMatcher$NegatedFastMatcher                           : loaded 2 times (x 115B)
Class com.google.common.collect.ArrayListMultimap                                     : loaded 2 times (x 173B)
Class com.google.common.cache.CacheBuilder$3                                          : loaded 2 times (x 74B)
Class [Lcom.google.common.collect.AbstractMapEntry;                                   : loaded 2 times (x 71B)
Class com.google.common.collect.ImmutableEntry                                        : loaded 2 times (x 84B)
Class org.gradle.api.GradleException                                                  : loaded 2 times (x 84B)
Class org.apache.commons.io.StandardLineSeparator                                     : loaded 2 times (x 81B)
Class com.google.common.io.CharSource$EmptyCharSource                                 : loaded 2 times (x 88B)
Class com.google.common.collect.CollectPreconditions                                  : loaded 2 times (x 73B)
Class [Lcom.google.common.collect.MapMakerInternalMap$Strength;                       : loaded 2 times (x 71B)
Class [Lcom.google.common.io.FileWriteMode;                                           : loaded 2 times (x 71B)
Class com.google.common.collect.SortedMapDifference                                   : loaded 2 times (x 72B)
Class com.google.common.collect.MapMakerInternalMap$StrongKeyDummyValueSegment        : loaded 2 times (x 143B)
Class com.google.common.io.Files                                                      : loaded 2 times (x 73B)
Class com.google.common.cache.LocalCache$EntryFactory                                 : loaded 2 times (x 85B)
Class [Lcom.google.common.collect.MapMaker$Dummy;                                     : loaded 2 times (x 71B)
Class com.google.common.base.CharMatcher$Whitespace                                   : loaded 2 times (x 114B)
Class com.google.common.reflect.Types$NativeTypeVariableEquals                        : loaded 2 times (x 73B)
Class com.google.common.reflect.TypeParameter                                         : loaded 2 times (x 74B)
Class com.google.common.cache.LocalCache$AbstractReferenceEntry                       : loaded 2 times (x 109B)
Class org.gradle.internal.IoActions                                                   : loaded 2 times (x 73B)
Class com.google.common.collect.ImmutableMapKeySet                                    : loaded 2 times (x 154B)
Class org.objectweb.asm.SymbolTable                                                   : loaded 2 times (x 74B)
Class com.google.common.collect.ImmutableSet$RegularSetBuilderImpl                    : loaded 2 times (x 78B)
Class com.google.common.cache.CacheLoader$InvalidCacheLoadException                   : loaded 2 times (x 84B)
Class com.google.common.cache.LocalCache$StrongEntry                                  : loaded 2 times (x 110B)
Class com.google.common.util.concurrent.AbstractFuture$TrustedFuture                  : loaded 2 times (x 116B)
Class com.google.common.cache.LoadingCache                                            : loaded 2 times (x 72B)
Class ijJvmDebugger1_c69svupku1u04etejwkyjhig7                                        : loaded 2 times (x 173B)
Class com.google.common.io.ByteStreams$LimitedInputStream                             : loaded 2 times (x 94B)
Class org.objectweb.asm.MethodWriter                                                  : loaded 2 times (x 107B)
Class [Lcom.google.common.cache.Weigher;                                              : loaded 2 times (x 71B)
Class com.google.common.collect.RegularImmutableMap$BucketOverflowException           : loaded 2 times (x 84B)
Class com.google.common.collect.AbstractMapBasedMultimap$RandomAccessWrappedList      : loaded 2 times (x 207B)
Class com.google.common.reflect.Types$JavaVersion$1                                   : loaded 2 times (x 85B)
Class com.google.common.collect.RegularImmutableBiMap                                 : loaded 2 times (x 150B)
Class com.google.common.cache.LocalCache$ValueReference                               : loaded 2 times (x 72B)
Class com.google.common.base.CharMatcher$Negated                                      : loaded 2 times (x 115B)
Class com.google.common.base.CharMatcher$Is                                           : loaded 2 times (x 113B)
Class com.google.common.reflect.Types$JavaVersion$2                                   : loaded 2 times (x 85B)
Class com.google.common.reflect.Types                                                 : loaded 2 times (x 73B)
Class com.google.common.hash.PrimitiveSink                                            : loaded 2 times (x 72B)
Class com.google.common.base.PatternCompiler                                          : loaded 2 times (x 72B)
Class com.google.common.util.concurrent.AbstractFuture$Failure                        : loaded 2 times (x 74B)
Class com.google.common.base.Equivalence$Equals                                       : loaded 2 times (x 84B)
Class com.google.common.collect.Hashing                                               : loaded 2 times (x 73B)
Class com.google.common.base.Preconditions                                            : loaded 2 times (x 73B)
Class com.google.common.reflect.Types$JavaVersion$3                                   : loaded 2 times (x 85B)
Class [Lorg.apache.commons.io.file.DeleteOption;                                      : loaded 2 times (x 71B)
Class com.google.common.io.CharSink                                                   : loaded 2 times (x 81B)
Class com.google.common.base.Joiner$1                                                 : loaded 2 times (x 83B)
Class org.objectweb.asm.Label                                                         : loaded 2 times (x 75B)
Class org.objectweb.asm.CurrentFrame                                                  : loaded 2 times (x 75B)
Class org.objectweb.asm.ClassTooLargeException                                        : loaded 2 times (x 84B)
Class com.google.common.collect.PeekingIterator                                       : loaded 2 times (x 72B)
Class com.google.common.base.CharMatcher                                              : loaded 2 times (x 113B)
Class com.google.common.collect.MapMakerInternalMap$InternalEntryHelper               : loaded 2 times (x 72B)
Class com.google.common.collect.Maps$IteratorBasedAbstractMap                         : loaded 2 times (x 127B)
Class com.google.common.reflect.Types$JavaVersion$4                                   : loaded 2 times (x 85B)
Class com.google.common.collect.Table                                                 : loaded 2 times (x 72B)
Class com.google.common.io.ByteSource$AsCharSource                                    : loaded 2 times (x 88B)
Class com.google.common.base.Joiner$2                                                 : loaded 2 times (x 82B)
Class org.objectweb.asm.Frame                                                         : loaded 2 times (x 75B)
Class org.objectweb.asm.MethodVisitor                                                 : loaded 2 times (x 107B)
Class com.google.common.cache.LocalCache$EntryFactory$1                               : loaded 2 times (x 85B)
Class [Lcom.google.common.cache.RemovalListener;                                      : loaded 2 times (x 71B)
Class com.google.common.base.CharMatcher$1                                            : loaded 2 times (x 115B)
Class com.google.common.base.CharMatcher$NamedFastMatcher                             : loaded 2 times (x 114B)
Class com.google.common.reflect.Types$JavaVersion$5                                   : loaded 2 times (x 73B)
Class [Lcom.google.common.reflect.Types$ClassOwnership;                               : loaded 2 times (x 71B)
Class com.google.common.cache.LocalCache$EntryFactory$2                               : loaded 2 times (x 85B)
Class org.objectweb.asm.ModuleWriter                                                  : loaded 2 times (x 83B)
Class com.google.common.cache.LocalCache$EntryFactory$3                               : loaded 2 times (x 85B)
Class com.google.common.base.Ticker$1                                                 : loaded 2 times (x 74B)
Class com.google.common.collect.Maps$BiMapConverter                                   : loaded 2 times (x 92B)
Class com.google.common.collect.ImmutableMapEntrySet$RegularEntrySet                  : loaded 2 times (x 154B)
Class com.google.common.collect.SetMultimap                                           : loaded 2 times (x 72B)
Class com.google.common.collect.ImmutableSet$Builder                                  : loaded 2 times (x 87B)
Class com.google.common.cache.LocalCache$EntryFactory$4                               : loaded 2 times (x 85B)
Class com.google.common.base.CharMatcher$InRange                                      : loaded 2 times (x 113B)
Class com.google.common.io.ByteStreams$1                                              : loaded 2 times (x 87B)
Class com.google.common.cache.LocalCache$EntryFactory$5                               : loaded 2 times (x 85B)
Class com.google.common.base.PairwiseEquivalence                                      : loaded 2 times (x 85B)
Class com.google.common.collect.HashMultimap                                          : loaded 2 times (x 175B)
Class org.apache.commons.io.output.AppendableWriter                                   : loaded 2 times (x 102B)
Class com.google.common.cache.LocalCache$EntryFactory$6                               : loaded 2 times (x 85B)
Class org.gradle.internal.installation.CurrentGradleInstallationLocator               : loaded 2 times (x 73B)
Class org.objectweb.asm.ClassReader                                                   : loaded 2 times (x 96B)
Class org.apache.commons.io.output.ThresholdingOutputStream                           : loaded 2 times (x 97B)
Class com.google.common.io.ByteSource$SlicedByteSource                                : loaded 2 times (x 87B)
Class com.google.common.collect.Maps$KeySet                                           : loaded 2 times (x 139B)
Class com.google.common.collect.ImmutableSet$EmptySetBuilderImpl                      : loaded 2 times (x 78B)
Class com.google.common.cache.LocalCache$EntryFactory$7                               : loaded 2 times (x 85B)
Class com.google.common.collect.ImmutableList                                         : loaded 2 times (x 208B)
Class org.gradle.internal.service.DefaultServiceLocator                               : loaded 2 times (x 85B)
Class com.google.common.collect.Maps$EntrySet                                         : loaded 2 times (x 138B)
Class com.google.common.collect.ImmutableSet$SetBuilderImpl                           : loaded 2 times (x 78B)
Class com.google.common.cache.LocalCache$EntryFactory$8                               : loaded 2 times (x 85B)
Class org.gradle.internal.installation.CurrentGradleInstallation                      : loaded 2 times (x 75B)
Class com.google.common.collect.ImmutableList$SubList                                 : loaded 2 times (x 211B)
Class com.google.common.cache.CacheLoader$1                                           : loaded 2 times (x 77B)
Class org.gradle.util.internal.GUtil                                                  : loaded 2 times (x 73B)
Class com.google.common.io.ByteSource                                                 : loaded 2 times (x 86B)
Class com.google.common.cache.AbstractCache$StatsCounter                              : loaded 2 times (x 72B)
Class com.google.common.collect.MapMakerInternalMap$1                                 : loaded 2 times (x 85B)
Class org.objectweb.asm.Context                                                       : loaded 2 times (x 74B)
Class com.google.common.reflect.Types$TypeVariableImpl                                : loaded 2 times (x 74B)
Class com.google.common.collect.Iterators$MergingIterator                             : loaded 2 times (x 83B)
Class com.google.common.collect.RegularImmutableSet                                   : loaded 2 times (x 150B)
Class ijKotlinCoroutineJvmDebugInit1_262pooy281xcr6kpmp34hbceh$_run_closure1$_closure2: loaded 2 times (x 140B)
Class org.gradle.internal.installation.GradleInstallation                             : loaded 2 times (x 77B)
Class com.google.common.base.Splitter$Strategy                                        : loaded 2 times (x 72B)
Class com.google.common.collect.Iterables                                             : loaded 2 times (x 73B)
Class ijKotlinCoroutineJvmDebugInit1_262pooy281xcr6kpmp34hbceh                        : loaded 2 times (x 173B)

---------------  S Y S T E M  ---------------

OS:
 Windows 11 , 64 bit Build 26100 (10.0.26100.9168)
OS uptime: 7 days 0:21 hours
Hyper-V role detected

CPU: total 12 (initial active 12) (6 cores per cpu, 2 threads per core) family 6 model 186 stepping 3 microcode 0x6134, cx8, cmov, fxsr, ht, mmx, 3dnowpref, sse, sse2, sse3, ssse3, sse4.1, sse4.2, popcnt, lzcnt, tsc, tscinvbit, avx, avx2, aes, erms, clmul, bmi1, bmi2, adx, sha, fma, vzeroupper, clflush, clflushopt, clwb, hv, serialize, rdtscp, rdpid, fsrm, gfni, f16c, cet_ibt, cet_ss
Processor Information for processor 0
  Max Mhz: 1600, Current Mhz: 1600, Mhz Limit: 1600
Processor Information for processor 1
  Max Mhz: 1600, Current Mhz: 1600, Mhz Limit: 1600
Processor Information for processor 2
  Max Mhz: 1600, Current Mhz: 1600, Mhz Limit: 1600
Processor Information for processor 3
  Max Mhz: 1600, Current Mhz: 1600, Mhz Limit: 1600
Processor Information for processor 4
  Max Mhz: 1600, Current Mhz: 1466, Mhz Limit: 1600
Processor Information for processor 5
  Max Mhz: 1600, Current Mhz: 1466, Mhz Limit: 1600
Processor Information for processor 6
  Max Mhz: 1600, Current Mhz: 1466, Mhz Limit: 1600
Processor Information for processor 7
  Max Mhz: 1600, Current Mhz: 1466, Mhz Limit: 1600
Processor Information for processor 8
  Max Mhz: 1600, Current Mhz: 1466, Mhz Limit: 1600
Processor Information for processor 9
  Max Mhz: 1600, Current Mhz: 1466, Mhz Limit: 1600
Processor Information for processor 10
  Max Mhz: 1600, Current Mhz: 1600, Mhz Limit: 1600
Processor Information for processor 11
  Max Mhz: 1600, Current Mhz: 1466, Mhz Limit: 1600

Memory: 4k page, system-wide physical 16016M (93M free)
TotalPageFile size 16016M (AvailPageFile size 87M)
current process WorkingSet (physical memory assigned to process): 594M, peak: 604M
current process commit charge ("private bytes"): 634M, peak: 901M

vm_info: OpenJDK 64-Bit Server VM (25.0.2+-15348964-b329.117) for windows-amd64 JRE (25.0.2+-15348964-b329.117), built on 2026-05-05T18:25:19Z with MS VC++ 16.10 / 16.11 (VS2019)

END.
