#
# There is insufficient memory for the Java Runtime Environment to continue.
# Native memory allocation (malloc) failed to allocate 2877080 bytes. Error detail: Chunk::new
# Possible reasons:
#   The system is out of physical RAM or swap space
#   This process is running with CompressedOops enabled, and the Java Heap may be blocking the growth of the native heap
# Possible solutions:
#   Reduce memory load on the system
#   Increase physical memory or swap space
#   Check if swap backing store is full
#   Decrease Java heap size (-Xmx/-Xms)
#   Decrease number of Java threads
#   Decrease Java thread stack sizes (-Xss)
#   Set larger code cache with -XX:ReservedCodeCacheSize=
#   JVM is running with Unscaled Compressed Oops mode in which the Java heap is
#     placed in the first 4GB address space. The Java Heap base address is the
#     maximum limit for the native heap growth. Please use -XX:HeapBaseMinAddress
#     to set the Java Heap base and to place the Java Heap above 4GB virtual address.
# This output file may be truncated or incomplete.
#
#  Out of Memory Error (arena.cpp:186), pid=21828, tid=19440
#
# JRE version: OpenJDK Runtime Environment (25.0.2) (build 25.0.2+-15348964-b329.117)
# Java VM: OpenJDK 64-Bit Server VM (25.0.2+-15348964-b329.117, mixed mode, tiered, compressed oops, compressed class ptrs, g1 gc, windows-amd64)
# No core dump will be written. Minidumps are not enabled by default on client versions of Windows
#

---------------  S U M M A R Y ------------

Command Line: --add-opens=java.base/java.lang=ALL-UNNAMED --add-opens=java.base/java.lang.invoke=ALL-UNNAMED --add-opens=java.base/java.util=ALL-UNNAMED --add-opens=java.prefs/java.util.prefs=ALL-UNNAMED --add-exports=jdk.compiler/com.sun.tools.javac.api=ALL-UNNAMED --add-exports=jdk.compiler/com.sun.tools.javac.util=ALL-UNNAMED --add-opens=java.base/java.nio.charset=ALL-UNNAMED --add-opens=java.base/java.net=ALL-UNNAMED --add-opens=java.base/java.util.concurrent=ALL-UNNAMED --add-opens=java.base/java.util.concurrent.atomic=ALL-UNNAMED --add-opens=java.xml/javax.xml.namespace=ALL-UNNAMED --add-opens=java.base/java.time=ALL-UNNAMED --enable-native-access=ALL-UNNAMED -Xmx2048m -Dfile.encoding=UTF-8 -Duser.country=BR -Duser.language=pt -Duser.variant -javaagent:C:\Users\Aluno\.gradle\wrapper\dists\gradle-9.5.0-bin\bvnork1r7n8i6kp5cnkibsc9q\gradle-9.5.0\lib\agents\gradle-instrumentation-agent-9.5.0.jar org.gradle.launcher.daemon.bootstrap.GradleDaemon 9.5.0

Host: 13th Gen Intel(R) Core(TM) i5-1345U, 12 cores, 15G,  Windows 11 , 64 bit Build 26100 (10.0.26100.9168)
Time: Mon Sep 28 20:42:44 2026 Hora oficial do Brasil elapsed time: 36.242151 seconds (0d 0h 0m 36s)

---------------  T H R E A D  ---------------

Current thread (0x0000021f3744f7f0):  JavaThread "C2 CompilerThread0" daemon [_thread_in_native, id=19440, stack(0x0000004240100000,0x0000004240200000) (1024K)]


Current CompileTask:
C2:36242 16756       4       org.jetbrains.org.objectweb.asm.SymbolTable::addConstantUtf8 (98 bytes)

Stack: [0x0000004240100000,0x0000004240200000]
Native frames: (J=compiled Java code, j=interpreted, Vv=VM code, C=native code)
V  [jvm.dll+0x7bd439]  (no source info available)
V  [jvm.dll+0x78763d]  (no source info available)
V  [jvm.dll+0xa0c885]  (no source info available)
V  [jvm.dll+0xa0ef04]  (no source info available)
V  [jvm.dll+0xa0f603]  (no source info available)
V  [jvm.dll+0x309bf6]  (no source info available)
V  [jvm.dll+0x10ea69]  (no source info available)
V  [jvm.dll+0x10ed92]  (no source info available)
V  [jvm.dll+0x1a9837]  (no source info available)
V  [jvm.dll+0x3bec92]  (no source info available)
V  [jvm.dll+0x7c2cb7]  (no source info available)
V  [jvm.dll+0x2ce046]  (no source info available)
V  [jvm.dll+0x2cd221]  (no source info available)
V  [jvm.dll+0x242ffa]  (no source info available)
V  [jvm.dll+0x2dcc05]  (no source info available)
V  [jvm.dll+0x2dae06]  (no source info available)
V  [jvm.dll+0x49b59e]  (no source info available)
V  [jvm.dll+0x9ab9c8]  (no source info available)
V  [jvm.dll+0x7bb985]  (no source info available)
C  [ucrtbase.dll+0x2cd30]  (no source info available)
C  [KERNEL32.DLL+0x2ccb7]  (no source info available)
C  [ntdll.dll+0xaad6c]  (no source info available)

Lock stack of current Java thread (top to bottom):


---------------  P R O C E S S  ---------------

Threads class SMR info:
_java_thread_list=0x0000021f40e7d0b0, length=84, elements={
0x0000021f1f3dff70, 0x0000021f374383c0, 0x0000021f375b04a0, 0x0000021f375b1300,
0x0000021f375b30d0, 0x0000021f375b3c90, 0x0000021f3745a940, 0x0000021f3745b900,
0x0000021f3744f7f0, 0x0000021f374685a0, 0x0000021f37969c00, 0x0000021f3de7d390,
0x0000021f3e37c5b0, 0x0000021f3dfdb210, 0x0000021f3e679d80, 0x0000021f3e67a540,
0x0000021f3e3494a0, 0x0000021f3e66c7f0, 0x0000021f3e66cfc0, 0x0000021f3e342c40,
0x0000021f3e344b80, 0x0000021f3e343be0, 0x0000021f3e343410, 0x0000021f3e347a60,
0x0000021f40ad0440, 0x0000021f40ad1bb0, 0x0000021f40ad3320, 0x0000021f404e6790,
0x0000021f404e7730, 0x0000021f404e5fc0, 0x0000021f404ea610, 0x0000021f404eade0,
0x0000021f404e9e40, 0x0000021f3eae9670, 0x0000021f3eaea610, 0x0000021f408b9ff0,
0x0000021f408b9050, 0x0000021f408bced0, 0x0000021f408be640, 0x0000021f408baf90,
0x0000021f408bee10, 0x0000021f408bfdb0, 0x0000021f3f00f210, 0x0000021f3f00bb60,
0x0000021f3f00c330, 0x0000021f3f00cb00, 0x0000021f3f00d2d0, 0x0000021f3f00daa0,
0x0000021f3f0120f0, 0x0000021f3f013090, 0x0000021f4189a090, 0x0000021f4189b800,
0x0000021f4189a860, 0x0000021f4189df10, 0x0000021f40ad0c10, 0x0000021f41ea31b0,
0x0000021f3c2d2770, 0x0000021f41eadd90, 0x0000021f41eafcd0, 0x0000021f41eb04a0,
0x0000021f41eae560, 0x0000021f41eaf500, 0x0000021f40051370, 0x0000021f40052310,
0x0000021f40052ae0, 0x0000021f400532b0, 0x0000021f4004fc00, 0x0000021f40054250,
0x0000021f40050ba0, 0x0000021f400559c0, 0x0000021f40056960, 0x0000021f4005a7e0,
0x0000021f4005e660, 0x0000021f4005de90, 0x0000021f4005b780, 0x0000021f4005ee30,
0x0000021f404e86d0, 0x0000021f3e345b20, 0x0000021f47375b40, 0x0000021f47377a80,
0x0000021f47378a20, 0x0000021f47378250, 0x0000021f473799c0, 0x0000021f4737d840
}

Java Threads: ( => current thread )
  0x0000021f1f3dff70 JavaThread "main"                              [_thread_blocked, id=1476, stack(0x000000423f200000,0x000000423f300000) (1024K)]
  0x0000021f374383c0 JavaThread "Common-Cleaner"             daemon [_thread_blocked, id=5976, stack(0x000000423fa00000,0x000000423fb00000) (1024K)]
  0x0000021f375b04a0 JavaThread "Reference Handler"          daemon [_thread_blocked, id=12672, stack(0x000000423fb00000,0x000000423fc00000) (1024K)]
  0x0000021f375b1300 JavaThread "Finalizer"                  daemon [_thread_blocked, id=18084, stack(0x000000423fc00000,0x000000423fd00000) (1024K)]
  0x0000021f375b30d0 JavaThread "Signal Dispatcher"          daemon [_thread_blocked, id=24132, stack(0x000000423fd00000,0x000000423fe00000) (1024K)]
  0x0000021f375b3c90 JavaThread "Attach Listener"            daemon [_thread_blocked, id=2136, stack(0x000000423fe00000,0x000000423ff00000) (1024K)]
  0x0000021f3745a940 JavaThread "Service Thread"             daemon [_thread_blocked, id=17076, stack(0x000000423ff00000,0x0000004240000000) (1024K)]
  0x0000021f3745b900 JavaThread "Monitor Deflation Thread"   daemon [_thread_blocked, id=18188, stack(0x0000004240000000,0x0000004240100000) (1024K)]
=>0x0000021f3744f7f0 JavaThread "C2 CompilerThread0"         daemon [_thread_in_native, id=19440, stack(0x0000004240100000,0x0000004240200000) (1024K)]
  0x0000021f374685a0 JavaThread "C1 CompilerThread0"         daemon [_thread_blocked, id=21612, stack(0x0000004240200000,0x0000004240300000) (1024K)]
  0x0000021f37969c00 JavaThread "Notification Thread"        daemon [_thread_blocked, id=26804, stack(0x0000004240300000,0x0000004240400000) (1024K)]
  0x0000021f3de7d390 JavaThread "Daemon health stats"               [_thread_blocked, id=9392, stack(0x0000004240500000,0x0000004240600000) (1024K)]
  0x0000021f3e37c5b0 JavaThread "Incoming local TCP Connector on port 61727"        [_thread_in_native, id=4964, stack(0x0000004240b00000,0x0000004240c00000) (1024K)]
  0x0000021f3dfdb210 JavaThread "Daemon periodic checks"            [_thread_blocked, id=28668, stack(0x0000004240c00000,0x0000004240d00000) (1024K)]
  0x0000021f3e679d80 JavaThread "Daemon"                            [_thread_blocked, id=26016, stack(0x0000004241300000,0x0000004241400000) (1024K)]
  0x0000021f3e67a540 JavaThread "Handler for socket connection from /127.0.0.1:61727 to /127.0.0.1:61729"        [_thread_in_native, id=22688, stack(0x0000004241400000,0x0000004241500000) (1024K)]
  0x0000021f3e3494a0 JavaThread "Cancel handler"                    [_thread_blocked, id=19320, stack(0x0000004241500000,0x0000004241600000) (1024K)]
  0x0000021f3e66c7f0 JavaThread "Daemon worker"                     [_thread_blocked, id=28564, stack(0x0000004241600000,0x0000004241700000) (1024K)]
  0x0000021f3e66cfc0 JavaThread "Asynchronous log dispatcher for DefaultDaemonConnection: socket connection from /127.0.0.1:61727 to /127.0.0.1:61729"        [_thread_blocked, id=15980, stack(0x0000004241700000,0x0000004241800000) (1024K)]
  0x0000021f3e342c40 JavaThread "Stdin handler"                     [_thread_blocked, id=13940, stack(0x0000004241800000,0x0000004241900000) (1024K)]
  0x0000021f3e344b80 JavaThread "Daemon client event forwarder"        [_thread_blocked, id=27868, stack(0x0000004241900000,0x0000004241a00000) (1024K)]
  0x0000021f3e343be0 JavaThread "Cache worker for journal cache (C:\Users\Aluno\.gradle\caches\journal-1)"        [_thread_blocked, id=28428, stack(0x0000004241a00000,0x0000004241b00000) (1024K)]
  0x0000021f3e343410 JavaThread "File lock request listener"        [_thread_in_native, id=28588, stack(0x0000004241b00000,0x0000004241c00000) (1024K)]
  0x0000021f3e347a60 JavaThread "Cache worker for file hash cache (C:\Users\Aluno\.gradle\caches\9.5.0\fileHashes)"        [_thread_blocked, id=18100, stack(0x0000004241c00000,0x0000004241d00000) (1024K)]
  0x0000021f40ad0440 JavaThread "Cache worker for file hash cache (C:\Users\Aluno\AndroidStudioProjects\AppEleicao\.gradle\9.5.0\fileHashes)"        [_thread_blocked, id=15756, stack(0x0000004241d00000,0x0000004241e00000) (1024K)]
  0x0000021f40ad1bb0 JavaThread "Cache worker for checksums cache (C:\Users\Aluno\AndroidStudioProjects\AppEleicao\.gradle\9.5.0\checksums)"        [_thread_blocked, id=28616, stack(0x0000004241e00000,0x0000004241f00000) (1024K)]
  0x0000021f40ad3320 JavaThread "Cache worker for Build Output Cleanup Cache (C:\Users\Aluno\AndroidStudioProjects\AppEleicao\.gradle\buildOutputCleanup)"        [_thread_blocked, id=13476, stack(0x0000004241f00000,0x0000004242000000) (1024K)]
  0x0000021f404e6790 JavaThread "Cache worker for file content cache (C:\Users\Aluno\.gradle\caches\9.5.0\fileContent)"        [_thread_blocked, id=23036, stack(0x0000004242000000,0x0000004242100000) (1024K)]
  0x0000021f404e7730 JavaThread "File watcher server"        daemon [_thread_in_native, id=8520, stack(0x0000004242100000,0x0000004242200000) (1024K)]
  0x0000021f404e5fc0 JavaThread "File watcher consumer"      daemon [_thread_blocked, id=12760, stack(0x0000004242200000,0x0000004242300000) (1024K)]
  0x0000021f404ea610 JavaThread "Cache worker for cache directory md-supplier (C:\Users\Aluno\.gradle\caches\9.5.0\md-supplier)"        [_thread_blocked, id=21916, stack(0x0000004242300000,0x0000004242400000) (1024K)]
  0x0000021f404eade0 JavaThread "Cache worker for cache directory md-rule (C:\Users\Aluno\.gradle\caches\9.5.0\md-rule)"        [_thread_blocked, id=17556, stack(0x0000004242400000,0x0000004242500000) (1024K)]
  0x0000021f404e9e40 JavaThread "jar transforms"                    [_thread_blocked, id=9104, stack(0x0000004242500000,0x0000004242600000) (1024K)]
  0x0000021f3eae9670 JavaThread "jar transforms Thread 2"           [_thread_blocked, id=23176, stack(0x0000004242600000,0x0000004242700000) (1024K)]
  0x0000021f3eaea610 JavaThread "jar transforms Thread 3"           [_thread_blocked, id=26364, stack(0x0000004242700000,0x0000004242800000) (1024K)]
  0x0000021f408b9ff0 JavaThread "Build operations"                  [_thread_blocked, id=16952, stack(0x0000004242800000,0x0000004242900000) (1024K)]
  0x0000021f408b9050 JavaThread "Build operations Thread 2"         [_thread_blocked, id=28220, stack(0x0000004242900000,0x0000004242a00000) (1024K)]
  0x0000021f408bced0 JavaThread "Build operations Thread 3"         [_thread_blocked, id=28172, stack(0x0000004242a00000,0x0000004242b00000) (1024K)]
  0x0000021f408be640 JavaThread "Build operations Thread 4"         [_thread_blocked, id=26272, stack(0x0000004242b00000,0x0000004242c00000) (1024K)]
  0x0000021f408baf90 JavaThread "Build operations Thread 5"         [_thread_blocked, id=24500, stack(0x0000004242c00000,0x0000004242d00000) (1024K)]
  0x0000021f408bee10 JavaThread "Build operations Thread 6"         [_thread_blocked, id=6100, stack(0x0000004242d00000,0x0000004242e00000) (1024K)]
  0x0000021f408bfdb0 JavaThread "Build operations Thread 7"         [_thread_blocked, id=19548, stack(0x0000004242e00000,0x0000004242f00000) (1024K)]
  0x0000021f3f00f210 JavaThread "Build operations Thread 8"         [_thread_blocked, id=25424, stack(0x0000004242f00000,0x0000004243000000) (1024K)]
  0x0000021f3f00bb60 JavaThread "Build operations Thread 9"         [_thread_blocked, id=23192, stack(0x0000004243000000,0x0000004243100000) (1024K)]
  0x0000021f3f00c330 JavaThread "Build operations Thread 10"        [_thread_blocked, id=27256, stack(0x0000004243100000,0x0000004243200000) (1024K)]
  0x0000021f3f00cb00 JavaThread "Build operations Thread 11"        [_thread_blocked, id=18548, stack(0x0000004243200000,0x0000004243300000) (1024K)]
  0x0000021f3f00d2d0 JavaThread "Build operations Thread 12"        [_thread_blocked, id=2196, stack(0x0000004243300000,0x0000004243400000) (1024K)]
  0x0000021f3f00daa0 JavaThread "jar transforms Thread 4"           [_thread_blocked, id=21372, stack(0x0000004243400000,0x0000004243500000) (1024K)]
  0x0000021f3f0120f0 JavaThread "jar transforms Thread 5"           [_thread_blocked, id=26840, stack(0x0000004243500000,0x0000004243600000) (1024K)]
  0x0000021f3f013090 JavaThread "jar transforms Thread 6"           [_thread_blocked, id=13108, stack(0x0000004243600000,0x0000004243700000) (1024K)]
  0x0000021f4189a090 JavaThread "jar transforms Thread 7"           [_thread_blocked, id=15152, stack(0x0000004243700000,0x0000004243800000) (1024K)]
  0x0000021f4189b800 JavaThread "jar transforms Thread 8"           [_thread_blocked, id=12516, stack(0x0000004243800000,0x0000004243900000) (1024K)]
  0x0000021f4189a860 JavaThread "Configuration cache report writer"        [_thread_blocked, id=8360, stack(0x0000004243900000,0x0000004243a00000) (1024K)]
  0x0000021f4189df10 JavaThread "build event listener"              [_thread_blocked, id=15324, stack(0x0000004240400000,0x0000004240500000) (1024K)]
  0x0000021f40ad0c10 JavaThread "Memory manager"                    [_thread_blocked, id=22684, stack(0x0000004243b00000,0x0000004243c00000) (1024K)]
  0x0000021f41ea31b0 JavaThread "build event listener"              [_thread_blocked, id=22004, stack(0x0000004243c00000,0x0000004243d00000) (1024K)]
  0x0000021f3c2d2770 JavaThread "C2 CompilerThread1"         daemon [_thread_in_native, id=18240, stack(0x0000004243a00000,0x0000004243b00000) (1024K)]
  0x0000021f41eadd90 JavaThread "included builds"                   [_thread_blocked, id=20408, stack(0x000000423f000000,0x000000423f100000) (1024K)]
  0x0000021f41eafcd0 JavaThread "Execution worker"                  [_thread_blocked, id=27404, stack(0x000000423f100000,0x000000423f200000) (1024K)]
  0x0000021f41eb04a0 JavaThread "Execution worker Thread 2"         [_thread_blocked, id=4440, stack(0x0000004243d00000,0x0000004243e00000) (1024K)]
  0x0000021f41eae560 JavaThread "Execution worker Thread 3"         [_thread_blocked, id=15348, stack(0x0000004243e00000,0x0000004243f00000) (1024K)]
  0x0000021f41eaf500 JavaThread "Execution worker Thread 4"         [_thread_blocked, id=23640, stack(0x0000004243f00000,0x0000004244000000) (1024K)]
  0x0000021f40051370 JavaThread "Execution worker Thread 5"         [_thread_blocked, id=20440, stack(0x0000004244000000,0x0000004244100000) (1024K)]
  0x0000021f40052310 JavaThread "Execution worker Thread 6"         [_thread_blocked, id=26876, stack(0x0000004244100000,0x0000004244200000) (1024K)]
  0x0000021f40052ae0 JavaThread "Execution worker Thread 7"         [_thread_blocked, id=24140, stack(0x0000004244200000,0x0000004244300000) (1024K)]
  0x0000021f400532b0 JavaThread "Execution worker Thread 8"         [_thread_blocked, id=20556, stack(0x0000004244300000,0x0000004244400000) (1024K)]
  0x0000021f4004fc00 JavaThread "Execution worker Thread 9"         [_thread_blocked, id=27772, stack(0x0000004244400000,0x0000004244500000) (1024K)]
  0x0000021f40054250 JavaThread "Execution worker Thread 10"        [_thread_blocked, id=8656, stack(0x0000004244500000,0x0000004244600000) (1024K)]
  0x0000021f40050ba0 JavaThread "Execution worker Thread 11"        [_thread_blocked, id=27268, stack(0x0000004244600000,0x0000004244700000) (1024K)]
  0x0000021f400559c0 JavaThread "Cache worker for execution history cache (C:\Users\Aluno\AndroidStudioProjects\AppEleicao\.gradle\9.5.0\executionHistory)"        [_thread_blocked, id=9336, stack(0x0000004244700000,0x0000004244800000) (1024K)]
  0x0000021f40056960 JavaThread "WorkerExecutor Queue"              [_thread_blocked, id=25076, stack(0x0000004244800000,0x0000004244900000) (1024K)]
  0x0000021f4005a7e0 JavaThread "ForkJoinPool-1-worker-1"    daemon [_thread_blocked, id=23860, stack(0x0000004244900000,0x0000004244a00000) (1024K)]
  0x0000021f4005e660 JavaThread "ForkJoinPool-1-worker-2"    daemon [_thread_blocked, id=26820, stack(0x0000004244a00000,0x0000004244b00000) (1024K)]
  0x0000021f4005de90 JavaThread "ForkJoinPool-1-worker-3"    daemon [_thread_blocked, id=18660, stack(0x0000004244b00000,0x0000004244c00000) (1024K)]
  0x0000021f4005b780 JavaThread "ForkJoinPool-1-worker-4"    daemon [_thread_blocked, id=27116, stack(0x0000004244c00000,0x0000004244d00000) (1024K)]
  0x0000021f4005ee30 JavaThread "ForkJoinPool-1-worker-5"    daemon [_thread_blocked, id=25812, stack(0x0000004244d00000,0x0000004244e00000) (1024K)]
  0x0000021f404e86d0 JavaThread "ForkJoinPool-1-worker-6"    daemon [_thread_blocked, id=28020, stack(0x0000004244e00000,0x0000004244f00000) (1024K)]
  0x0000021f3e345b20 JavaThread "ForkJoinPool-1-worker-8"    daemon [_thread_blocked, id=19972, stack(0x0000004244f00000,0x0000004245000000) (1024K)]
  0x0000021f47375b40 JavaThread "ForkJoinPool-1-worker-9"    daemon [_thread_blocked, id=21964, stack(0x0000004245000000,0x0000004245100000) (1024K)]
  0x0000021f47377a80 JavaThread "ForkJoinPool-1-worker-10"   daemon [_thread_blocked, id=27840, stack(0x0000004245100000,0x0000004245200000) (1024K)]
  0x0000021f47378a20 JavaThread "ForkJoinPool-1-worker-7"    daemon [_thread_blocked, id=12452, stack(0x0000004245200000,0x0000004245300000) (1024K)]
  0x0000021f47378250 JavaThread "ForkJoinPool-1-worker-11"   daemon [_thread_blocked, id=3204, stack(0x0000004245300000,0x0000004245400000) (1024K)]
  0x0000021f473799c0 JavaThread "ForkJoinPool-1-worker-12"   daemon [_thread_blocked, id=22480, stack(0x0000004245400000,0x0000004245500000) (1024K)]
  0x0000021f4737d840 JavaThread "WorkerExecutor Queue Thread 2"        [_thread_blocked, id=13116, stack(0x0000004245500000,0x0000004245600000) (1024K)]
Total: 84

Other Threads:
  0x0000021f3740fa40 VMThread "VM Thread"                           [id=19432, stack(0x000000423f900000,0x000000423fa00000) (1024K)]
  0x0000021f372b0840 WatcherThread "VM Periodic Task Thread"        [id=19460, stack(0x000000423f800000,0x000000423f900000) (1024K)]
  0x0000021f1f438cd0 WorkerThread "GC Thread#0"                     [id=16612, stack(0x000000423f300000,0x000000423f400000) (1024K)]
  0x0000021f3cf6aab0 WorkerThread "GC Thread#1"                     [id=22660, stack(0x0000004240600000,0x0000004240700000) (1024K)]
  0x0000021f3d01d2d0 WorkerThread "GC Thread#2"                     [id=16420, stack(0x0000004240700000,0x0000004240800000) (1024K)]
  0x0000021f3d01f710 WorkerThread "GC Thread#3"                     [id=23500, stack(0x0000004240800000,0x0000004240900000) (1024K)]
  0x0000021f3d01fb40 WorkerThread "GC Thread#4"                     [id=21780, stack(0x0000004240900000,0x0000004240a00000) (1024K)]
  0x0000021f3c616060 WorkerThread "GC Thread#5"                     [id=26888, stack(0x0000004240a00000,0x0000004240b00000) (1024K)]
  0x0000021f3c6157c0 WorkerThread "GC Thread#6"                     [id=2392, stack(0x0000004240d00000,0x0000004240e00000) (1024K)]
  0x0000021f3e8543d0 WorkerThread "GC Thread#7"                     [id=21792, stack(0x0000004240e00000,0x0000004240f00000) (1024K)]
  0x0000021f3e854820 WorkerThread "GC Thread#8"                     [id=21672, stack(0x0000004240f00000,0x0000004241000000) (1024K)]
  0x0000021f3e856aa0 WorkerThread "GC Thread#9"                     [id=17568, stack(0x0000004241000000,0x0000004241100000) (1024K)]
  0x0000021f1f451da0 ConcurrentGCThread "G1 Main Marker"            [id=16568, stack(0x000000423f400000,0x000000423f500000) (1024K)]
  0x0000021f1f452940 WorkerThread "G1 Conc#0"                       [id=23572, stack(0x000000423f500000,0x000000423f600000) (1024K)]
  0x0000021f3e854c70 WorkerThread "G1 Conc#1"                       [id=14940, stack(0x0000004241100000,0x0000004241200000) (1024K)]
  0x0000021f3e856650 WorkerThread "G1 Conc#2"                       [id=4116, stack(0x0000004241200000,0x0000004241300000) (1024K)]
  0x0000021f372969c0 ConcurrentGCThread "G1 Refine#0"               [id=20224, stack(0x000000423f600000,0x000000423f700000) (1024K)]
  0x0000021f37299290 ConcurrentGCThread "G1 Service"                [id=8772, stack(0x000000423f700000,0x000000423f800000) (1024K)]
Total: 18

Threads with active compile tasks:
C2 CompilerThread0  36525 16756       4       org.jetbrains.org.objectweb.asm.SymbolTable::addConstantUtf8 (98 bytes)
C1 CompilerThread0  36525 16963       2       com.android.tools.r8.internal.um::<init> (10 bytes)
C2 CompilerThread1  36525 16357       4       com.android.tools.r8.internal.dv::a (4509 bytes)
Total: 3

VM state: at safepoint (normal execution)

VM Mutex/Monitor currently owned by a thread:  ([mutex/lock_event])
[0x00007ffc1f5d4698] Threads_lock - owner thread: 0x0000021f3740fa40
[0x00007ffc1f5d4818] Heap_lock - owner thread: 0x0000021f408b9050

Heap address: 0x0000000080000000, size: 2048 MB, Compressed Oops mode: 32-bit

CDS archive(s) not mapped
Compressed class space mapped at: 0x000000000c000000-0x000000004c000000, reserved size: 1073741824
UseCompressedClassPointers 1, UseCompactObjectHeaders 0
Narrow klass pointer bits 32, Max shift 3
Narrow klass base: 0x0000000000000000, Narrow klass shift: 0
Encoding Range: [0x0000000000000000 - 0x0000000100000000), (4294967296 bytes)
Klass Range:    [0x000000000c000000 - 0x000000004c000000), (1073741824 bytes)
Klass ID Range:  [201326592 - 1275068409) (1073741817)
No protection zone.

GC Precious Log:
 CardTable entry size: 512
 Card Set container configuration: InlinePtr #cards 5 size 8 Array Of Cards #cards 10 size 36 Howl #buckets 4 coarsen threshold 1843 Howl Bitmap #cards 512 size 80 coarsen threshold 460 Card regions per heap region 1 cards per card region 2048
 CPUs: 12 total, 12 available
 Memory: 16016M
 Large Page Support: Disabled
 NUMA Support: Disabled
 Compressed Oops: Enabled (32-bit)
 Heap Region Size: 1M
 Heap Min Capacity: 8M
 Heap Initial Capacity: 252M
 Heap Max Capacity: 2G
 Pre-touch: Disabled
 Parallel Workers: 10
 Concurrent Workers: 3
 Concurrent Refinement Workers: 10
 Periodic GC: Disabled

Heap:
 garbage-first heap   total reserved 2097152K, committed 557056K, used 437978K [0x0000000080000000, 0x0000000100000000)
  region size 1024K, 224 young (229376K), 25 survivors (25600K)

Heap Regions: E=young(eden), S=young(survivor), O=old, HS=humongous(starts), HC=humongous(continues), CS=collection set, F=free, TAMS=top-at-mark-start, PB=parsable bottom
|   0|0x0000000080000000, 0x0000000080100000, 0x0000000080100000|100%|HS|  |TAMS 0x0000000080000000| PB 0x0000000080000000| Complete |  0
|   1|0x0000000080100000, 0x0000000080200000, 0x0000000080200000|100%|HC|  |TAMS 0x0000000080100000| PB 0x0000000080100000| Complete |  0
|   2|0x0000000080200000, 0x0000000080300000, 0x0000000080300000|100%|HC|  |TAMS 0x0000000080200000| PB 0x0000000080200000| Complete |  0
|   3|0x0000000080300000, 0x0000000080400000, 0x0000000080400000|100%|HC|  |TAMS 0x0000000080300000| PB 0x0000000080300000| Complete |  0
|   4|0x0000000080400000, 0x0000000080500000, 0x0000000080500000|100%| O|  |TAMS 0x0000000080400000| PB 0x0000000080400000| Untracked |  0
|   5|0x0000000080500000, 0x0000000080600000, 0x0000000080600000|100%| O|  |TAMS 0x0000000080500000| PB 0x0000000080500000| Untracked |  0
|   6|0x0000000080600000, 0x0000000080700000, 0x0000000080700000|100%| O|  |TAMS 0x0000000080600000| PB 0x0000000080600000| Untracked |  0
|   7|0x0000000080700000, 0x0000000080800000, 0x0000000080800000|100%|HS|  |TAMS 0x0000000080700000| PB 0x0000000080700000| Complete |  0
|   8|0x0000000080800000, 0x0000000080900000, 0x0000000080900000|100%| O|  |TAMS 0x0000000080800000| PB 0x0000000080800000| Untracked |  0
|   9|0x0000000080900000, 0x0000000080a00000, 0x0000000080a00000|100%| O|  |TAMS 0x0000000080900000| PB 0x0000000080900000| Untracked |  0
|  10|0x0000000080a00000, 0x0000000080b00000, 0x0000000080b00000|100%| O|  |TAMS 0x0000000080a00000| PB 0x0000000080a00000| Untracked |  0
|  11|0x0000000080b00000, 0x0000000080c00000, 0x0000000080c00000|100%| O|  |TAMS 0x0000000080b00000| PB 0x0000000080b00000| Untracked |  0
|  12|0x0000000080c00000, 0x0000000080d00000, 0x0000000080d00000|100%| O|  |TAMS 0x0000000080c00000| PB 0x0000000080c00000| Untracked |  0
|  13|0x0000000080d00000, 0x0000000080e00000, 0x0000000080e00000|100%| O|  |TAMS 0x0000000080d00000| PB 0x0000000080d00000| Untracked |  0
|  14|0x0000000080e00000, 0x0000000080f00000, 0x0000000080f00000|100%| O|  |TAMS 0x0000000080e00000| PB 0x0000000080e00000| Untracked |  0
|  15|0x0000000080f00000, 0x0000000081000000, 0x0000000081000000|100%| O|  |TAMS 0x0000000080f00000| PB 0x0000000080f00000| Untracked |  0
|  16|0x0000000081000000, 0x0000000081100000, 0x0000000081100000|100%| O|  |TAMS 0x0000000081000000| PB 0x0000000081000000| Untracked |  0
|  17|0x0000000081100000, 0x0000000081200000, 0x0000000081200000|100%| O|  |TAMS 0x0000000081100000| PB 0x0000000081100000| Untracked |  0
|  18|0x0000000081200000, 0x0000000081300000, 0x0000000081300000|100%|HS|  |TAMS 0x0000000081200000| PB 0x0000000081200000| Complete |  0
|  19|0x0000000081300000, 0x0000000081400000, 0x0000000081400000|100%|HS|  |TAMS 0x0000000081300000| PB 0x0000000081300000| Complete |  0
|  20|0x0000000081400000, 0x0000000081500000, 0x0000000081500000|100%|HS|  |TAMS 0x0000000081400000| PB 0x0000000081400000| Complete |  0
|  21|0x0000000081500000, 0x0000000081600000, 0x0000000081600000|100%|HS|  |TAMS 0x0000000081500000| PB 0x0000000081500000| Complete |  0
|  22|0x0000000081600000, 0x0000000081700000, 0x0000000081700000|100%|HC|  |TAMS 0x0000000081600000| PB 0x0000000081600000| Complete |  0
|  23|0x0000000081700000, 0x0000000081800000, 0x0000000081800000|100%|HS|  |TAMS 0x0000000081700000| PB 0x0000000081700000| Complete |  0
|  24|0x0000000081800000, 0x0000000081900000, 0x0000000081900000|100%|HS|  |TAMS 0x0000000081800000| PB 0x0000000081800000| Complete |  0
|  25|0x0000000081900000, 0x0000000081a00000, 0x0000000081a00000|100%| O|  |TAMS 0x0000000081900000| PB 0x0000000081900000| Untracked |  0
|  26|0x0000000081a00000, 0x0000000081b00000, 0x0000000081b00000|100%| O|  |TAMS 0x0000000081a00000| PB 0x0000000081a00000| Untracked |  0
|  27|0x0000000081b00000, 0x0000000081c00000, 0x0000000081c00000|100%| O|  |TAMS 0x0000000081b00000| PB 0x0000000081b00000| Untracked |  0
|  28|0x0000000081c00000, 0x0000000081d00000, 0x0000000081d00000|100%| O|  |TAMS 0x0000000081c00000| PB 0x0000000081c00000| Untracked |  0
|  29|0x0000000081d00000, 0x0000000081e00000, 0x0000000081e00000|100%| O|  |TAMS 0x0000000081d00000| PB 0x0000000081d00000| Untracked |  0
|  30|0x0000000081e00000, 0x0000000081f00000, 0x0000000081f00000|100%| O|  |TAMS 0x0000000081e00000| PB 0x0000000081e00000| Untracked |  0
|  31|0x0000000081f00000, 0x0000000082000000, 0x0000000082000000|100%| O|  |TAMS 0x0000000081f00000| PB 0x0000000081f00000| Untracked |  0
|  32|0x0000000082000000, 0x0000000082100000, 0x0000000082100000|100%| O|  |TAMS 0x0000000082000000| PB 0x0000000082000000| Untracked |  0
|  33|0x0000000082100000, 0x0000000082200000, 0x0000000082200000|100%| O|  |TAMS 0x0000000082100000| PB 0x0000000082100000| Untracked |  0
|  34|0x0000000082200000, 0x0000000082300000, 0x0000000082300000|100%| O|  |TAMS 0x0000000082200000| PB 0x0000000082200000| Untracked |  0
|  35|0x0000000082300000, 0x0000000082400000, 0x0000000082400000|100%| O|  |TAMS 0x0000000082300000| PB 0x0000000082300000| Untracked |  0
|  36|0x0000000082400000, 0x0000000082500000, 0x0000000082500000|100%| O|  |TAMS 0x0000000082400000| PB 0x0000000082400000| Untracked |  0
|  37|0x0000000082500000, 0x0000000082600000, 0x0000000082600000|100%| O|  |TAMS 0x0000000082500000| PB 0x0000000082500000| Untracked |  0
|  38|0x0000000082600000, 0x0000000082700000, 0x0000000082700000|100%| O|  |TAMS 0x0000000082600000| PB 0x0000000082600000| Untracked |  0
|  39|0x0000000082700000, 0x0000000082800000, 0x0000000082800000|100%| O|  |TAMS 0x0000000082700000| PB 0x0000000082700000| Untracked |  0
|  40|0x0000000082800000, 0x0000000082900000, 0x0000000082900000|100%| O|  |TAMS 0x0000000082800000| PB 0x0000000082800000| Untracked |  0
|  41|0x0000000082900000, 0x0000000082a00000, 0x0000000082a00000|100%| O|  |TAMS 0x0000000082900000| PB 0x0000000082900000| Untracked |  0
|  42|0x0000000082a00000, 0x0000000082b00000, 0x0000000082b00000|100%| O|  |TAMS 0x0000000082a00000| PB 0x0000000082a00000| Untracked |  0
|  43|0x0000000082b00000, 0x0000000082c00000, 0x0000000082c00000|100%| O|  |TAMS 0x0000000082b00000| PB 0x0000000082b00000| Untracked |  0
|  44|0x0000000082c00000, 0x0000000082d00000, 0x0000000082d00000|100%| O|  |TAMS 0x0000000082c00000| PB 0x0000000082c00000| Untracked |  0
|  45|0x0000000082d00000, 0x0000000082e00000, 0x0000000082e00000|100%| O|  |TAMS 0x0000000082d00000| PB 0x0000000082d00000| Untracked |  0
|  46|0x0000000082e00000, 0x0000000082f00000, 0x0000000082f00000|100%| O|  |TAMS 0x0000000082e00000| PB 0x0000000082e00000| Untracked |  0
|  47|0x0000000082f00000, 0x0000000083000000, 0x0000000083000000|100%| O|  |TAMS 0x0000000082f00000| PB 0x0000000082f00000| Untracked |  0
|  48|0x0000000083000000, 0x0000000083100000, 0x0000000083100000|100%| O|  |TAMS 0x0000000083000000| PB 0x0000000083000000| Untracked |  0
|  49|0x0000000083100000, 0x0000000083200000, 0x0000000083200000|100%|HS|  |TAMS 0x0000000083100000| PB 0x0000000083100000| Complete |  0
|  50|0x0000000083200000, 0x0000000083300000, 0x0000000083300000|100%| O|  |TAMS 0x0000000083200000| PB 0x0000000083200000| Untracked |  0
|  51|0x0000000083300000, 0x0000000083400000, 0x0000000083400000|100%| O|  |TAMS 0x0000000083300000| PB 0x0000000083300000| Untracked |  0
|  52|0x0000000083400000, 0x0000000083500000, 0x0000000083500000|100%| O|  |TAMS 0x0000000083400000| PB 0x0000000083400000| Untracked |  0
|  53|0x0000000083500000, 0x0000000083600000, 0x0000000083600000|100%|HS|  |TAMS 0x0000000083500000| PB 0x0000000083500000| Complete |  0
|  54|0x0000000083600000, 0x0000000083700000, 0x0000000083700000|100%| O|  |TAMS 0x0000000083600000| PB 0x0000000083600000| Untracked |  0
|  55|0x0000000083700000, 0x0000000083800000, 0x0000000083800000|100%| O|  |TAMS 0x0000000083700000| PB 0x0000000083700000| Untracked |  0
|  56|0x0000000083800000, 0x0000000083900000, 0x0000000083900000|100%|HS|  |TAMS 0x0000000083800000| PB 0x0000000083800000| Complete |  0
|  57|0x0000000083900000, 0x0000000083a00000, 0x0000000083a00000|100%|HC|  |TAMS 0x0000000083900000| PB 0x0000000083900000| Complete |  0
|  58|0x0000000083a00000, 0x0000000083b00000, 0x0000000083b00000|100%| O|  |TAMS 0x0000000083a00000| PB 0x0000000083a00000| Untracked |  0
|  59|0x0000000083b00000, 0x0000000083c00000, 0x0000000083c00000|100%|HS|  |TAMS 0x0000000083b00000| PB 0x0000000083b00000| Complete |  0
|  60|0x0000000083c00000, 0x0000000083d00000, 0x0000000083d00000|100%| O|  |TAMS 0x0000000083c00000| PB 0x0000000083c00000| Untracked |  0
|  61|0x0000000083d00000, 0x0000000083e00000, 0x0000000083e00000|100%| O|  |TAMS 0x0000000083d00000| PB 0x0000000083d00000| Untracked |  0
|  62|0x0000000083e00000, 0x0000000083f00000, 0x0000000083f00000|100%| O|  |TAMS 0x0000000083e00000| PB 0x0000000083e00000| Untracked |  0
|  63|0x0000000083f00000, 0x0000000084000000, 0x0000000084000000|100%| O|  |TAMS 0x0000000083f00000| PB 0x0000000083f00000| Untracked |  0
|  64|0x0000000084000000, 0x0000000084100000, 0x0000000084100000|100%|HS|  |TAMS 0x0000000084000000| PB 0x0000000084000000| Complete |  0
|  65|0x0000000084100000, 0x0000000084200000, 0x0000000084200000|100%| O|  |TAMS 0x0000000084100000| PB 0x0000000084100000| Untracked |  0
|  66|0x0000000084200000, 0x0000000084300000, 0x0000000084300000|100%| O|  |TAMS 0x0000000084200000| PB 0x0000000084200000| Untracked |  0
|  67|0x0000000084300000, 0x0000000084400000, 0x0000000084400000|100%| O|  |TAMS 0x0000000084300000| PB 0x0000000084300000| Untracked |  0
|  68|0x0000000084400000, 0x0000000084500000, 0x0000000084500000|100%| O|  |TAMS 0x0000000084400000| PB 0x0000000084400000| Untracked |  0
|  69|0x0000000084500000, 0x0000000084600000, 0x0000000084600000|100%| O|  |TAMS 0x0000000084500000| PB 0x0000000084500000| Untracked |  0
|  70|0x0000000084600000, 0x0000000084700000, 0x0000000084700000|100%| O|  |TAMS 0x0000000084600000| PB 0x0000000084600000| Untracked |  0
|  71|0x0000000084700000, 0x0000000084800000, 0x0000000084800000|100%| O|  |TAMS 0x0000000084700000| PB 0x0000000084700000| Untracked |  0
|  72|0x0000000084800000, 0x0000000084900000, 0x0000000084900000|100%| O|  |TAMS 0x0000000084800000| PB 0x0000000084800000| Untracked |  0
|  73|0x0000000084900000, 0x0000000084a00000, 0x0000000084a00000|100%| O|  |TAMS 0x0000000084900000| PB 0x0000000084900000| Untracked |  0
|  74|0x0000000084a00000, 0x0000000084b00000, 0x0000000084b00000|100%| O|  |TAMS 0x0000000084a00000| PB 0x0000000084a00000| Untracked |  0
|  75|0x0000000084b00000, 0x0000000084c00000, 0x0000000084c00000|100%| O|  |TAMS 0x0000000084b00000| PB 0x0000000084b00000| Untracked |  0
|  76|0x0000000084c00000, 0x0000000084d00000, 0x0000000084d00000|100%| O|  |TAMS 0x0000000084c00000| PB 0x0000000084c00000| Untracked |  0
|  77|0x0000000084d00000, 0x0000000084e00000, 0x0000000084e00000|100%| O|  |TAMS 0x0000000084d00000| PB 0x0000000084d00000| Untracked |  0
|  78|0x0000000084e00000, 0x0000000084f00000, 0x0000000084f00000|100%| O|  |TAMS 0x0000000084e00000| PB 0x0000000084e00000| Untracked |  0
|  79|0x0000000084f00000, 0x0000000085000000, 0x0000000085000000|100%| O|  |TAMS 0x0000000084f00000| PB 0x0000000084f00000| Untracked |  0
|  80|0x0000000085000000, 0x0000000085100000, 0x0000000085100000|100%| O|  |TAMS 0x0000000085000000| PB 0x0000000085000000| Untracked |  0
|  81|0x0000000085100000, 0x0000000085200000, 0x0000000085200000|100%| O|  |TAMS 0x0000000085100000| PB 0x0000000085100000| Untracked |  0
|  82|0x0000000085200000, 0x0000000085300000, 0x0000000085300000|100%| O|  |TAMS 0x0000000085200000| PB 0x0000000085200000| Untracked |  0
|  83|0x0000000085300000, 0x0000000085400000, 0x0000000085400000|100%| O|  |TAMS 0x0000000085300000| PB 0x0000000085300000| Untracked |  0
|  84|0x0000000085400000, 0x0000000085500000, 0x0000000085500000|100%| O|  |TAMS 0x0000000085400000| PB 0x0000000085400000| Untracked |  0
|  85|0x0000000085500000, 0x0000000085600000, 0x0000000085600000|100%| O|  |TAMS 0x0000000085500000| PB 0x0000000085500000| Untracked |  0
|  86|0x0000000085600000, 0x0000000085700000, 0x0000000085700000|100%| O|  |TAMS 0x0000000085600000| PB 0x0000000085600000| Untracked |  0
|  87|0x0000000085700000, 0x0000000085800000, 0x0000000085800000|100%| O|  |TAMS 0x0000000085700000| PB 0x0000000085700000| Untracked |  0
|  88|0x0000000085800000, 0x0000000085900000, 0x0000000085900000|100%| O|  |TAMS 0x0000000085800000| PB 0x0000000085800000| Untracked |  0
|  89|0x0000000085900000, 0x0000000085a00000, 0x0000000085a00000|100%| O|  |TAMS 0x0000000085900000| PB 0x0000000085900000| Untracked |  0
|  90|0x0000000085a00000, 0x0000000085b00000, 0x0000000085b00000|100%| O|  |TAMS 0x0000000085a00000| PB 0x0000000085a00000| Untracked |  0
|  91|0x0000000085b00000, 0x0000000085c00000, 0x0000000085c00000|100%| O|  |TAMS 0x0000000085b00000| PB 0x0000000085b00000| Untracked |  0
|  92|0x0000000085c00000, 0x0000000085d00000, 0x0000000085d00000|100%|HS|  |TAMS 0x0000000085c00000| PB 0x0000000085c00000| Complete |  0
|  93|0x0000000085d00000, 0x0000000085e00000, 0x0000000085e00000|100%|HC|  |TAMS 0x0000000085d00000| PB 0x0000000085d00000| Complete |  0
|  94|0x0000000085e00000, 0x0000000085f00000, 0x0000000085f00000|100%| O|  |TAMS 0x0000000085e00000| PB 0x0000000085e00000| Untracked |  0
|  95|0x0000000085f00000, 0x0000000086000000, 0x0000000086000000|100%| O|  |TAMS 0x0000000085f00000| PB 0x0000000085f00000| Untracked |  0
|  96|0x0000000086000000, 0x0000000086100000, 0x0000000086100000|100%| O|  |TAMS 0x0000000086000000| PB 0x0000000086000000| Untracked |  0
|  97|0x0000000086100000, 0x0000000086200000, 0x0000000086200000|100%| O|  |TAMS 0x0000000086100000| PB 0x0000000086100000| Untracked |  0
|  98|0x0000000086200000, 0x0000000086300000, 0x0000000086300000|100%| O|  |TAMS 0x0000000086200000| PB 0x0000000086200000| Untracked |  0
|  99|0x0000000086300000, 0x0000000086400000, 0x0000000086400000|100%| O|  |TAMS 0x0000000086300000| PB 0x0000000086300000| Untracked |  0
| 100|0x0000000086400000, 0x0000000086500000, 0x0000000086500000|100%| O|  |TAMS 0x0000000086400000| PB 0x0000000086400000| Untracked |  0
| 101|0x0000000086500000, 0x0000000086600000, 0x0000000086600000|100%| O|  |TAMS 0x0000000086500000| PB 0x0000000086500000| Untracked |  0
| 102|0x0000000086600000, 0x0000000086700000, 0x0000000086700000|100%| O|  |TAMS 0x0000000086600000| PB 0x0000000086600000| Untracked |  0
| 103|0x0000000086700000, 0x0000000086800000, 0x0000000086800000|100%| O|  |TAMS 0x0000000086700000| PB 0x0000000086700000| Untracked |  0
| 104|0x0000000086800000, 0x0000000086900000, 0x0000000086900000|100%| O|  |TAMS 0x0000000086800000| PB 0x0000000086800000| Untracked |  0
| 105|0x0000000086900000, 0x0000000086a00000, 0x0000000086a00000|100%| O|  |TAMS 0x0000000086900000| PB 0x0000000086900000| Untracked |  0
| 106|0x0000000086a00000, 0x0000000086b00000, 0x0000000086b00000|100%| O|  |TAMS 0x0000000086a00000| PB 0x0000000086a00000| Untracked |  0
| 107|0x0000000086b00000, 0x0000000086c00000, 0x0000000086c00000|100%| O|  |TAMS 0x0000000086b00000| PB 0x0000000086b00000| Untracked |  0
| 108|0x0000000086c00000, 0x0000000086d00000, 0x0000000086d00000|100%| O|  |TAMS 0x0000000086c00000| PB 0x0000000086c00000| Untracked |  0
| 109|0x0000000086d00000, 0x0000000086e00000, 0x0000000086e00000|100%| O|  |TAMS 0x0000000086d00000| PB 0x0000000086d00000| Untracked |  0
| 110|0x0000000086e00000, 0x0000000086f00000, 0x0000000086f00000|100%| O|  |TAMS 0x0000000086e00000| PB 0x0000000086e00000| Untracked |  0
| 111|0x0000000086f00000, 0x0000000087000000, 0x0000000087000000|100%| O|  |TAMS 0x0000000086f00000| PB 0x0000000086f00000| Untracked |  0
| 112|0x0000000087000000, 0x0000000087100000, 0x0000000087100000|100%|HS|  |TAMS 0x0000000087000000| PB 0x0000000087000000| Complete |  0
| 113|0x0000000087100000, 0x0000000087200000, 0x0000000087200000|100%|HC|  |TAMS 0x0000000087100000| PB 0x0000000087100000| Complete |  0
| 114|0x0000000087200000, 0x0000000087300000, 0x0000000087300000|100%|HC|  |TAMS 0x0000000087200000| PB 0x0000000087200000| Complete |  0
| 115|0x0000000087300000, 0x0000000087400000, 0x0000000087400000|100%| O|  |TAMS 0x0000000087300000| PB 0x0000000087300000| Untracked |  0
| 116|0x0000000087400000, 0x0000000087500000, 0x0000000087500000|100%| O|  |TAMS 0x0000000087400000| PB 0x0000000087400000| Untracked |  0
| 117|0x0000000087500000, 0x0000000087600000, 0x0000000087600000|100%| O|  |TAMS 0x0000000087500000| PB 0x0000000087500000| Untracked |  0
| 118|0x0000000087600000, 0x0000000087700000, 0x0000000087700000|100%| O|  |TAMS 0x0000000087600000| PB 0x0000000087600000| Untracked |  0
| 119|0x0000000087700000, 0x0000000087800000, 0x0000000087800000|100%| O|  |TAMS 0x0000000087700000| PB 0x0000000087700000| Untracked |  0
| 120|0x0000000087800000, 0x0000000087900000, 0x0000000087900000|100%| O|  |TAMS 0x0000000087800000| PB 0x0000000087800000| Untracked |  0
| 121|0x0000000087900000, 0x0000000087a00000, 0x0000000087a00000|100%| O|  |TAMS 0x0000000087900000| PB 0x0000000087900000| Untracked |  0
| 122|0x0000000087a00000, 0x0000000087b00000, 0x0000000087b00000|100%| O|  |TAMS 0x0000000087a00000| PB 0x0000000087a00000| Untracked |  0
| 123|0x0000000087b00000, 0x0000000087c00000, 0x0000000087c00000|100%| O|  |TAMS 0x0000000087b00000| PB 0x0000000087b00000| Untracked |  0
| 124|0x0000000087c00000, 0x0000000087d00000, 0x0000000087d00000|100%| O|  |TAMS 0x0000000087c00000| PB 0x0000000087c00000| Untracked |  0
| 125|0x0000000087d00000, 0x0000000087e00000, 0x0000000087e00000|100%| O|  |TAMS 0x0000000087d00000| PB 0x0000000087d00000| Untracked |  0
| 126|0x0000000087e00000, 0x0000000087f00000, 0x0000000087f00000|100%| O|  |TAMS 0x0000000087e00000| PB 0x0000000087e00000| Untracked |  0
| 127|0x0000000087f00000, 0x0000000088000000, 0x0000000088000000|100%| O|  |TAMS 0x0000000087f00000| PB 0x0000000087f00000| Untracked |  0
| 128|0x0000000088000000, 0x0000000088100000, 0x0000000088100000|100%| O|  |TAMS 0x0000000088000000| PB 0x0000000088000000| Untracked |  0
| 129|0x0000000088100000, 0x0000000088200000, 0x0000000088200000|100%| O|  |TAMS 0x0000000088100000| PB 0x0000000088100000| Untracked |  0
| 130|0x0000000088200000, 0x0000000088300000, 0x0000000088300000|100%| O|  |TAMS 0x0000000088200000| PB 0x0000000088200000| Untracked |  0
| 131|0x0000000088300000, 0x0000000088400000, 0x0000000088400000|100%| O|Cm|TAMS 0x0000000088300000| PB 0x0000000088300000| Complete |  0
| 132|0x0000000088400000, 0x0000000088500000, 0x0000000088500000|100%| O|Cm|TAMS 0x0000000088400000| PB 0x0000000088400000| Complete |  0
| 133|0x0000000088500000, 0x0000000088600000, 0x0000000088600000|100%| O|Cm|TAMS 0x0000000088500000| PB 0x0000000088500000| Complete |  0
| 134|0x0000000088600000, 0x0000000088700000, 0x0000000088700000|100%| O|  |TAMS 0x0000000088600000| PB 0x0000000088600000| Untracked |  0
| 135|0x0000000088700000, 0x0000000088800000, 0x0000000088800000|100%| O|  |TAMS 0x0000000088700000| PB 0x0000000088700000| Untracked |  0
| 136|0x0000000088800000, 0x0000000088900000, 0x0000000088900000|100%| O|Cm|TAMS 0x0000000088800000| PB 0x0000000088800000| Complete |  0
| 137|0x0000000088900000, 0x0000000088a00000, 0x0000000088a00000|100%| O|Cm|TAMS 0x0000000088900000| PB 0x0000000088900000| Complete |  0
| 138|0x0000000088a00000, 0x0000000088b00000, 0x0000000088b00000|100%| O|  |TAMS 0x0000000088a00000| PB 0x0000000088a00000| Untracked |  0
| 139|0x0000000088b00000, 0x0000000088c00000, 0x0000000088c00000|100%| O|  |TAMS 0x0000000088b00000| PB 0x0000000088b00000| Untracked |  0
| 140|0x0000000088c00000, 0x0000000088d00000, 0x0000000088d00000|100%| O|  |TAMS 0x0000000088c00000| PB 0x0000000088c00000| Untracked |  0
| 141|0x0000000088d00000, 0x0000000088e00000, 0x0000000088e00000|100%| O|  |TAMS 0x0000000088d00000| PB 0x0000000088d00000| Untracked |  0
| 142|0x0000000088e00000, 0x0000000088f00000, 0x0000000088f00000|100%| O|  |TAMS 0x0000000088e00000| PB 0x0000000088e00000| Untracked |  0
| 143|0x0000000088f00000, 0x0000000089000000, 0x0000000089000000|100%| O|  |TAMS 0x0000000088f00000| PB 0x0000000088f00000| Untracked |  0
| 144|0x0000000089000000, 0x0000000089100000, 0x0000000089100000|100%| O|  |TAMS 0x0000000089000000| PB 0x0000000089000000| Untracked |  0
| 145|0x0000000089100000, 0x0000000089200000, 0x0000000089200000|100%| O|  |TAMS 0x0000000089100000| PB 0x0000000089100000| Untracked |  0
| 146|0x0000000089200000, 0x0000000089300000, 0x0000000089300000|100%| O|  |TAMS 0x0000000089200000| PB 0x0000000089200000| Untracked |  0
| 147|0x0000000089300000, 0x0000000089400000, 0x0000000089400000|100%| O|  |TAMS 0x0000000089300000| PB 0x0000000089300000| Untracked |  0
| 148|0x0000000089400000, 0x0000000089500000, 0x0000000089500000|100%| O|  |TAMS 0x0000000089400000| PB 0x0000000089400000| Untracked |  0
| 149|0x0000000089500000, 0x0000000089600000, 0x0000000089600000|100%| O|  |TAMS 0x0000000089500000| PB 0x0000000089500000| Untracked |  0
| 150|0x0000000089600000, 0x0000000089700000, 0x0000000089700000|100%| O|  |TAMS 0x0000000089600000| PB 0x0000000089600000| Untracked |  0
| 151|0x0000000089700000, 0x0000000089800000, 0x0000000089800000|100%| O|  |TAMS 0x0000000089700000| PB 0x0000000089700000| Untracked |  0
| 152|0x0000000089800000, 0x0000000089900000, 0x0000000089900000|100%| O|  |TAMS 0x0000000089800000| PB 0x0000000089800000| Untracked |  0
| 153|0x0000000089900000, 0x0000000089a00000, 0x0000000089a00000|100%| O|  |TAMS 0x0000000089900000| PB 0x0000000089900000| Untracked |  0
| 154|0x0000000089a00000, 0x0000000089b00000, 0x0000000089b00000|100%| O|  |TAMS 0x0000000089a00000| PB 0x0000000089a00000| Untracked |  0
| 155|0x0000000089b00000, 0x0000000089c00000, 0x0000000089c00000|100%| O|  |TAMS 0x0000000089b00000| PB 0x0000000089b00000| Untracked |  0
| 156|0x0000000089c00000, 0x0000000089d00000, 0x0000000089d00000|100%| O|  |TAMS 0x0000000089c00000| PB 0x0000000089c00000| Untracked |  0
| 157|0x0000000089d00000, 0x0000000089e00000, 0x0000000089e00000|100%| O|  |TAMS 0x0000000089d00000| PB 0x0000000089d00000| Untracked |  0
| 158|0x0000000089e00000, 0x0000000089f00000, 0x0000000089f00000|100%| O|  |TAMS 0x0000000089e00000| PB 0x0000000089e00000| Untracked |  0
| 159|0x0000000089f00000, 0x000000008a000000, 0x000000008a000000|100%| O|  |TAMS 0x0000000089f00000| PB 0x0000000089f00000| Untracked |  0
| 160|0x000000008a000000, 0x000000008a100000, 0x000000008a100000|100%| O|  |TAMS 0x000000008a000000| PB 0x000000008a000000| Untracked |  0
| 161|0x000000008a100000, 0x000000008a200000, 0x000000008a200000|100%|HS|  |TAMS 0x000000008a100000| PB 0x000000008a100000| Complete |  0
| 162|0x000000008a200000, 0x000000008a300000, 0x000000008a300000|100%| O|  |TAMS 0x000000008a200000| PB 0x000000008a200000| Untracked |  0
| 163|0x000000008a300000, 0x000000008a400000, 0x000000008a400000|100%| O|  |TAMS 0x000000008a300000| PB 0x000000008a300000| Untracked |  0
| 164|0x000000008a400000, 0x000000008a500000, 0x000000008a500000|100%| O|  |TAMS 0x000000008a400000| PB 0x000000008a400000| Untracked |  0
| 165|0x000000008a500000, 0x000000008a600000, 0x000000008a600000|100%| O|  |TAMS 0x000000008a500000| PB 0x000000008a500000| Untracked |  0
| 166|0x000000008a600000, 0x000000008a700000, 0x000000008a700000|100%| O|  |TAMS 0x000000008a600000| PB 0x000000008a600000| Untracked |  0
| 167|0x000000008a700000, 0x000000008a800000, 0x000000008a800000|100%| O|  |TAMS 0x000000008a700000| PB 0x000000008a700000| Untracked |  0
| 168|0x000000008a800000, 0x000000008a900000, 0x000000008a900000|100%| O|  |TAMS 0x000000008a800000| PB 0x000000008a800000| Untracked |  0
| 169|0x000000008a900000, 0x000000008aa00000, 0x000000008aa00000|100%| O|  |TAMS 0x000000008a900000| PB 0x000000008a900000| Untracked |  0
| 170|0x000000008aa00000, 0x000000008ab00000, 0x000000008ab00000|100%| O|  |TAMS 0x000000008aa00000| PB 0x000000008aa00000| Untracked |  0
| 171|0x000000008ab00000, 0x000000008ac00000, 0x000000008ac00000|100%| O|  |TAMS 0x000000008ab00000| PB 0x000000008ab00000| Untracked |  0
| 172|0x000000008ac00000, 0x000000008ad00000, 0x000000008ad00000|100%| O|  |TAMS 0x000000008ac00000| PB 0x000000008ac00000| Untracked |  0
| 173|0x000000008ad00000, 0x000000008ae00000, 0x000000008ae00000|100%| O|  |TAMS 0x000000008ad00000| PB 0x000000008ad00000| Untracked |  0
| 174|0x000000008ae00000, 0x000000008af00000, 0x000000008af00000|100%| O|  |TAMS 0x000000008ae00000| PB 0x000000008ae00000| Untracked |  0
| 175|0x000000008af00000, 0x000000008b000000, 0x000000008b000000|100%| O|  |TAMS 0x000000008af00000| PB 0x000000008af00000| Untracked |  0
| 176|0x000000008b000000, 0x000000008b100000, 0x000000008b100000|100%| O|  |TAMS 0x000000008b000000| PB 0x000000008b000000| Untracked |  0
| 177|0x000000008b100000, 0x000000008b200000, 0x000000008b200000|100%| O|  |TAMS 0x000000008b100000| PB 0x000000008b100000| Untracked |  0
| 178|0x000000008b200000, 0x000000008b300000, 0x000000008b300000|100%| O|  |TAMS 0x000000008b200000| PB 0x000000008b200000| Untracked |  0
| 179|0x000000008b300000, 0x000000008b400000, 0x000000008b400000|100%| O|  |TAMS 0x000000008b300000| PB 0x000000008b300000| Untracked |  0
| 180|0x000000008b400000, 0x000000008b500000, 0x000000008b500000|100%|HS|  |TAMS 0x000000008b400000| PB 0x000000008b400000| Complete |  0
| 181|0x000000008b500000, 0x000000008b600000, 0x000000008b600000|100%|HS|  |TAMS 0x000000008b500000| PB 0x000000008b500000| Complete |  0
| 182|0x000000008b600000, 0x000000008b700000, 0x000000008b700000|100%| O|  |TAMS 0x000000008b600000| PB 0x000000008b600000| Untracked |  0
| 183|0x000000008b700000, 0x000000008b800000, 0x000000008b800000|100%| O|  |TAMS 0x000000008b700000| PB 0x000000008b700000| Untracked |  0
| 184|0x000000008b800000, 0x000000008b900000, 0x000000008b900000|100%| O|  |TAMS 0x000000008b800000| PB 0x000000008b800000| Untracked |  0
| 185|0x000000008b900000, 0x000000008ba00000, 0x000000008ba00000|100%| O|  |TAMS 0x000000008b900000| PB 0x000000008b900000| Untracked |  0
| 186|0x000000008ba00000, 0x000000008bb00000, 0x000000008bb00000|100%| O|  |TAMS 0x000000008ba00000| PB 0x000000008ba00000| Untracked |  0
| 187|0x000000008bb00000, 0x000000008bc00000, 0x000000008bc00000|100%| O|  |TAMS 0x000000008bb00000| PB 0x000000008bb00000| Untracked |  0
| 188|0x000000008bc00000, 0x000000008bd00000, 0x000000008bd00000|100%| O|  |TAMS 0x000000008bc00000| PB 0x000000008bc00000| Untracked |  0
| 189|0x000000008bd00000, 0x000000008be00000, 0x000000008be00000|100%| O|  |TAMS 0x000000008bd00000| PB 0x000000008bd00000| Untracked |  0
| 190|0x000000008be00000, 0x000000008bf00000, 0x000000008bf00000|100%| O|  |TAMS 0x000000008be00000| PB 0x000000008be00000| Untracked |  0
| 191|0x000000008bf00000, 0x000000008c000000, 0x000000008c000000|100%| O|  |TAMS 0x000000008bf00000| PB 0x000000008bf00000| Untracked |  0
| 192|0x000000008c000000, 0x000000008c100000, 0x000000008c100000|100%| O|  |TAMS 0x000000008c000000| PB 0x000000008c000000| Untracked |  0
| 193|0x000000008c100000, 0x000000008c200000, 0x000000008c200000|100%| O|  |TAMS 0x000000008c100000| PB 0x000000008c100000| Untracked |  0
| 194|0x000000008c200000, 0x000000008c300000, 0x000000008c300000|100%|HS|  |TAMS 0x000000008c200000| PB 0x000000008c200000| Complete |  0
| 195|0x000000008c300000, 0x000000008c400000, 0x000000008c400000|100%|HS|  |TAMS 0x000000008c300000| PB 0x000000008c300000| Complete |  0
| 196|0x000000008c400000, 0x000000008c400000, 0x000000008c500000|  0%| F|  |TAMS 0x000000008c400000| PB 0x000000008c400000| Untracked |  0
| 197|0x000000008c500000, 0x000000008c500000, 0x000000008c600000|  0%| F|  |TAMS 0x000000008c500000| PB 0x000000008c500000| Untracked |  0
| 198|0x000000008c600000, 0x000000008c600000, 0x000000008c700000|  0%| F|  |TAMS 0x000000008c600000| PB 0x000000008c600000| Untracked |  0
| 199|0x000000008c700000, 0x000000008c700000, 0x000000008c800000|  0%| F|  |TAMS 0x000000008c700000| PB 0x000000008c700000| Untracked |  0
| 200|0x000000008c800000, 0x000000008c800000, 0x000000008c900000|  0%| F|  |TAMS 0x000000008c800000| PB 0x000000008c800000| Untracked |  0
| 201|0x000000008c900000, 0x000000008c900000, 0x000000008ca00000|  0%| F|  |TAMS 0x000000008c900000| PB 0x000000008c900000| Untracked |  0
| 202|0x000000008ca00000, 0x000000008ca00000, 0x000000008cb00000|  0%| F|  |TAMS 0x000000008ca00000| PB 0x000000008ca00000| Untracked |  0
| 203|0x000000008cb00000, 0x000000008cb00000, 0x000000008cc00000|  0%| F|  |TAMS 0x000000008cb00000| PB 0x000000008cb00000| Untracked |  0
| 204|0x000000008cc00000, 0x000000008cc00000, 0x000000008cd00000|  0%| F|  |TAMS 0x000000008cc00000| PB 0x000000008cc00000| Untracked |  0
| 205|0x000000008cd00000, 0x000000008cd00000, 0x000000008ce00000|  0%| F|  |TAMS 0x000000008cd00000| PB 0x000000008cd00000| Untracked |  0
| 206|0x000000008ce00000, 0x000000008ce00000, 0x000000008cf00000|  0%| F|  |TAMS 0x000000008ce00000| PB 0x000000008ce00000| Untracked |  0
| 207|0x000000008cf00000, 0x000000008cf00000, 0x000000008d000000|  0%| F|  |TAMS 0x000000008cf00000| PB 0x000000008cf00000| Untracked |  0
| 208|0x000000008d000000, 0x000000008d000000, 0x000000008d100000|  0%| F|  |TAMS 0x000000008d000000| PB 0x000000008d000000| Untracked |  0
| 209|0x000000008d100000, 0x000000008d100000, 0x000000008d200000|  0%| F|  |TAMS 0x000000008d100000| PB 0x000000008d100000| Untracked |  0
| 210|0x000000008d200000, 0x000000008d300000, 0x000000008d300000|100%|HS|  |TAMS 0x000000008d200000| PB 0x000000008d200000| Complete |  0
| 211|0x000000008d300000, 0x000000008d400000, 0x000000008d400000|100%|HC|  |TAMS 0x000000008d300000| PB 0x000000008d300000| Complete |  0
| 212|0x000000008d400000, 0x000000008d500000, 0x000000008d500000|100%| O|  |TAMS 0x000000008d400000| PB 0x000000008d400000| Untracked |  0
| 213|0x000000008d500000, 0x000000008d600000, 0x000000008d600000|100%| O|  |TAMS 0x000000008d500000| PB 0x000000008d500000| Untracked |  0
| 214|0x000000008d600000, 0x000000008d700000, 0x000000008d700000|100%| O|  |TAMS 0x000000008d600000| PB 0x000000008d600000| Untracked |  0
| 215|0x000000008d700000, 0x000000008d800000, 0x000000008d800000|100%| O|  |TAMS 0x000000008d700000| PB 0x000000008d700000| Untracked |  0
| 216|0x000000008d800000, 0x000000008d900000, 0x000000008d900000|100%| O|  |TAMS 0x000000008d800000| PB 0x000000008d800000| Untracked |  0
| 217|0x000000008d900000, 0x000000008da00000, 0x000000008da00000|100%| O|  |TAMS 0x000000008d900000| PB 0x000000008d900000| Untracked |  0
| 218|0x000000008da00000, 0x000000008db00000, 0x000000008db00000|100%| O|  |TAMS 0x000000008da00000| PB 0x000000008da00000| Untracked |  0
| 219|0x000000008db00000, 0x000000008dc00000, 0x000000008dc00000|100%| O|  |TAMS 0x000000008db00000| PB 0x000000008db00000| Untracked |  0
| 220|0x000000008dc00000, 0x000000008dd00000, 0x000000008dd00000|100%| O|  |TAMS 0x000000008dc00000| PB 0x000000008dc00000| Untracked |  0
| 221|0x000000008dd00000, 0x000000008de00000, 0x000000008de00000|100%| O|  |TAMS 0x000000008dd00000| PB 0x000000008dd00000| Untracked |  0
| 222|0x000000008de00000, 0x000000008df00000, 0x000000008df00000|100%| O|  |TAMS 0x000000008de00000| PB 0x000000008de00000| Untracked |  0
| 223|0x000000008df00000, 0x000000008e000000, 0x000000008e000000|100%| O|  |TAMS 0x000000008df00000| PB 0x000000008df00000| Untracked |  0
| 224|0x000000008e000000, 0x000000008e100000, 0x000000008e100000|100%| O|  |TAMS 0x000000008e000000| PB 0x000000008e000000| Untracked |  0
| 225|0x000000008e100000, 0x000000008e200000, 0x000000008e200000|100%| O|  |TAMS 0x000000008e100000| PB 0x000000008e100000| Untracked |  0
| 226|0x000000008e200000, 0x000000008e300000, 0x000000008e300000|100%| O|  |TAMS 0x000000008e200000| PB 0x000000008e200000| Untracked |  0
| 227|0x000000008e300000, 0x000000008e400000, 0x000000008e400000|100%| O|  |TAMS 0x000000008e300000| PB 0x000000008e300000| Untracked |  0
| 228|0x000000008e400000, 0x000000008e4716e0, 0x000000008e500000| 44%| O|  |TAMS 0x000000008e400000| PB 0x000000008e400000| Untracked |  0
| 229|0x000000008e500000, 0x000000008e500000, 0x000000008e600000|  0%| F|  |TAMS 0x000000008e500000| PB 0x000000008e500000| Untracked |  0
| 230|0x000000008e600000, 0x000000008e600000, 0x000000008e700000|  0%| F|  |TAMS 0x000000008e600000| PB 0x000000008e600000| Untracked |  0
| 231|0x000000008e700000, 0x000000008e700000, 0x000000008e800000|  0%| F|  |TAMS 0x000000008e700000| PB 0x000000008e700000| Untracked |  0
| 232|0x000000008e800000, 0x000000008e800000, 0x000000008e900000|  0%| F|  |TAMS 0x000000008e800000| PB 0x000000008e800000| Untracked |  0
| 233|0x000000008e900000, 0x000000008e900000, 0x000000008ea00000|  0%| F|  |TAMS 0x000000008e900000| PB 0x000000008e900000| Untracked |  0
| 234|0x000000008ea00000, 0x000000008ea00000, 0x000000008eb00000|  0%| F|  |TAMS 0x000000008ea00000| PB 0x000000008ea00000| Untracked |  0
| 235|0x000000008eb00000, 0x000000008eb00000, 0x000000008ec00000|  0%| F|  |TAMS 0x000000008eb00000| PB 0x000000008eb00000| Untracked |  0
| 236|0x000000008ec00000, 0x000000008ec00000, 0x000000008ed00000|  0%| F|  |TAMS 0x000000008ec00000| PB 0x000000008ec00000| Untracked |  0
| 237|0x000000008ed00000, 0x000000008ed00000, 0x000000008ee00000|  0%| F|  |TAMS 0x000000008ed00000| PB 0x000000008ed00000| Untracked |  0
| 238|0x000000008ee00000, 0x000000008ee00000, 0x000000008ef00000|  0%| F|  |TAMS 0x000000008ee00000| PB 0x000000008ee00000| Untracked |  0
| 239|0x000000008ef00000, 0x000000008ef00000, 0x000000008f000000|  0%| F|  |TAMS 0x000000008ef00000| PB 0x000000008ef00000| Untracked |  0
| 240|0x000000008f000000, 0x000000008f000000, 0x000000008f100000|  0%| F|  |TAMS 0x000000008f000000| PB 0x000000008f000000| Untracked |  0
| 241|0x000000008f100000, 0x000000008f100000, 0x000000008f200000|  0%| F|  |TAMS 0x000000008f100000| PB 0x000000008f100000| Untracked |  0
| 242|0x000000008f200000, 0x000000008f200000, 0x000000008f300000|  0%| F|  |TAMS 0x000000008f200000| PB 0x000000008f200000| Untracked |  0
| 243|0x000000008f300000, 0x000000008f300000, 0x000000008f400000|  0%| F|  |TAMS 0x000000008f300000| PB 0x000000008f300000| Untracked |  0
| 244|0x000000008f400000, 0x000000008f400000, 0x000000008f500000|  0%| F|  |TAMS 0x000000008f400000| PB 0x000000008f400000| Untracked |  0
| 245|0x000000008f500000, 0x000000008f500000, 0x000000008f600000|  0%| F|  |TAMS 0x000000008f500000| PB 0x000000008f500000| Untracked |  0
| 246|0x000000008f600000, 0x000000008f600000, 0x000000008f700000|  0%| F|  |TAMS 0x000000008f600000| PB 0x000000008f600000| Untracked |  0
| 247|0x000000008f700000, 0x000000008f700000, 0x000000008f800000|  0%| F|  |TAMS 0x000000008f700000| PB 0x000000008f700000| Untracked |  0
| 248|0x000000008f800000, 0x000000008f800000, 0x000000008f900000|  0%| F|  |TAMS 0x000000008f800000| PB 0x000000008f800000| Untracked |  0
| 249|0x000000008f900000, 0x000000008f900000, 0x000000008fa00000|  0%| F|  |TAMS 0x000000008f900000| PB 0x000000008f900000| Untracked |  0
| 250|0x000000008fa00000, 0x000000008fa00000, 0x000000008fb00000|  0%| F|  |TAMS 0x000000008fa00000| PB 0x000000008fa00000| Untracked |  0
| 251|0x000000008fb00000, 0x000000008fb00000, 0x000000008fc00000|  0%| F|  |TAMS 0x000000008fb00000| PB 0x000000008fb00000| Untracked |  0
| 252|0x000000008fc00000, 0x000000008fc00000, 0x000000008fd00000|  0%| F|  |TAMS 0x000000008fc00000| PB 0x000000008fc00000| Untracked |  0
| 253|0x000000008fd00000, 0x000000008fd00000, 0x000000008fe00000|  0%| F|  |TAMS 0x000000008fd00000| PB 0x000000008fd00000| Untracked |  0
| 254|0x000000008fe00000, 0x000000008fe00000, 0x000000008ff00000|  0%| F|  |TAMS 0x000000008fe00000| PB 0x000000008fe00000| Untracked |  0
| 255|0x000000008ff00000, 0x000000008ff00000, 0x0000000090000000|  0%| F|  |TAMS 0x000000008ff00000| PB 0x000000008ff00000| Untracked |  0
| 256|0x0000000090000000, 0x0000000090000000, 0x0000000090100000|  0%| F|  |TAMS 0x0000000090000000| PB 0x0000000090000000| Untracked |  0
| 257|0x0000000090100000, 0x0000000090100000, 0x0000000090200000|  0%| F|  |TAMS 0x0000000090100000| PB 0x0000000090100000| Untracked |  0
| 258|0x0000000090200000, 0x0000000090200000, 0x0000000090300000|  0%| F|  |TAMS 0x0000000090200000| PB 0x0000000090200000| Untracked |  0
| 259|0x0000000090300000, 0x0000000090300000, 0x0000000090400000|  0%| F|  |TAMS 0x0000000090300000| PB 0x0000000090300000| Untracked |  0
| 260|0x0000000090400000, 0x0000000090400000, 0x0000000090500000|  0%| F|  |TAMS 0x0000000090400000| PB 0x0000000090400000| Untracked |  0
| 261|0x0000000090500000, 0x0000000090500000, 0x0000000090600000|  0%| F|  |TAMS 0x0000000090500000| PB 0x0000000090500000| Untracked |  0
| 262|0x0000000090600000, 0x0000000090600000, 0x0000000090700000|  0%| F|  |TAMS 0x0000000090600000| PB 0x0000000090600000| Untracked |  0
| 263|0x0000000090700000, 0x0000000090700000, 0x0000000090800000|  0%| F|  |TAMS 0x0000000090700000| PB 0x0000000090700000| Untracked |  0
| 264|0x0000000090800000, 0x0000000090800000, 0x0000000090900000|  0%| F|  |TAMS 0x0000000090800000| PB 0x0000000090800000| Untracked |  0
| 265|0x0000000090900000, 0x0000000090900000, 0x0000000090a00000|  0%| F|  |TAMS 0x0000000090900000| PB 0x0000000090900000| Untracked |  0
| 266|0x0000000090a00000, 0x0000000090a00000, 0x0000000090b00000|  0%| F|  |TAMS 0x0000000090a00000| PB 0x0000000090a00000| Untracked |  0
| 267|0x0000000090b00000, 0x0000000090b00000, 0x0000000090c00000|  0%| F|  |TAMS 0x0000000090b00000| PB 0x0000000090b00000| Untracked |  0
| 268|0x0000000090c00000, 0x0000000090c00000, 0x0000000090d00000|  0%| F|  |TAMS 0x0000000090c00000| PB 0x0000000090c00000| Untracked |  0
| 269|0x0000000090d00000, 0x0000000090d00000, 0x0000000090e00000|  0%| F|  |TAMS 0x0000000090d00000| PB 0x0000000090d00000| Untracked |  0
| 270|0x0000000090e00000, 0x0000000090e00000, 0x0000000090f00000|  0%| F|  |TAMS 0x0000000090e00000| PB 0x0000000090e00000| Untracked |  0
| 271|0x0000000090f00000, 0x0000000090f00000, 0x0000000091000000|  0%| F|  |TAMS 0x0000000090f00000| PB 0x0000000090f00000| Untracked |  0
| 272|0x0000000091000000, 0x0000000091000000, 0x0000000091100000|  0%| F|  |TAMS 0x0000000091000000| PB 0x0000000091000000| Untracked |  0
| 273|0x0000000091100000, 0x0000000091100000, 0x0000000091200000|  0%| F|  |TAMS 0x0000000091100000| PB 0x0000000091100000| Untracked |  0
| 274|0x0000000091200000, 0x0000000091200000, 0x0000000091300000|  0%| F|  |TAMS 0x0000000091200000| PB 0x0000000091200000| Untracked |  0
| 275|0x0000000091300000, 0x0000000091300000, 0x0000000091400000|  0%| F|  |TAMS 0x0000000091300000| PB 0x0000000091300000| Untracked |  0
| 276|0x0000000091400000, 0x0000000091400000, 0x0000000091500000|  0%| F|  |TAMS 0x0000000091400000| PB 0x0000000091400000| Untracked |  0
| 277|0x0000000091500000, 0x0000000091500000, 0x0000000091600000|  0%| F|  |TAMS 0x0000000091500000| PB 0x0000000091500000| Untracked |  0
| 278|0x0000000091600000, 0x0000000091600000, 0x0000000091700000|  0%| F|  |TAMS 0x0000000091600000| PB 0x0000000091600000| Untracked |  0
| 279|0x0000000091700000, 0x0000000091700000, 0x0000000091800000|  0%| F|  |TAMS 0x0000000091700000| PB 0x0000000091700000| Untracked |  0
| 280|0x0000000091800000, 0x0000000091800000, 0x0000000091900000|  0%| F|  |TAMS 0x0000000091800000| PB 0x0000000091800000| Untracked |  0
| 281|0x0000000091900000, 0x0000000091900000, 0x0000000091a00000|  0%| F|  |TAMS 0x0000000091900000| PB 0x0000000091900000| Untracked |  0
| 282|0x0000000091a00000, 0x0000000091a00000, 0x0000000091b00000|  0%| F|  |TAMS 0x0000000091a00000| PB 0x0000000091a00000| Untracked |  0
| 283|0x0000000091b00000, 0x0000000091b00000, 0x0000000091c00000|  0%| F|  |TAMS 0x0000000091b00000| PB 0x0000000091b00000| Untracked |  0
| 284|0x0000000091c00000, 0x0000000091c00000, 0x0000000091d00000|  0%| F|  |TAMS 0x0000000091c00000| PB 0x0000000091c00000| Untracked |  0
| 285|0x0000000091d00000, 0x0000000091d00000, 0x0000000091e00000|  0%| F|  |TAMS 0x0000000091d00000| PB 0x0000000091d00000| Untracked |  0
| 286|0x0000000091e00000, 0x0000000091e00000, 0x0000000091f00000|  0%| F|  |TAMS 0x0000000091e00000| PB 0x0000000091e00000| Untracked |  0
| 287|0x0000000091f00000, 0x0000000091f00000, 0x0000000092000000|  0%| F|  |TAMS 0x0000000091f00000| PB 0x0000000091f00000| Untracked |  0
| 288|0x0000000092000000, 0x0000000092000000, 0x0000000092100000|  0%| F|  |TAMS 0x0000000092000000| PB 0x0000000092000000| Untracked |  0
| 289|0x0000000092100000, 0x0000000092100000, 0x0000000092200000|  0%| F|  |TAMS 0x0000000092100000| PB 0x0000000092100000| Untracked |  0
| 290|0x0000000092200000, 0x0000000092200000, 0x0000000092300000|  0%| F|  |TAMS 0x0000000092200000| PB 0x0000000092200000| Untracked |  0
| 291|0x0000000092300000, 0x0000000092300000, 0x0000000092400000|  0%| F|  |TAMS 0x0000000092300000| PB 0x0000000092300000| Untracked |  0
| 292|0x0000000092400000, 0x0000000092400000, 0x0000000092500000|  0%| F|  |TAMS 0x0000000092400000| PB 0x0000000092400000| Untracked |  0
| 293|0x0000000092500000, 0x0000000092500000, 0x0000000092600000|  0%| F|  |TAMS 0x0000000092500000| PB 0x0000000092500000| Untracked |  0
| 294|0x0000000092600000, 0x0000000092600000, 0x0000000092700000|  0%| F|  |TAMS 0x0000000092600000| PB 0x0000000092600000| Untracked |  0
| 295|0x0000000092700000, 0x0000000092700000, 0x0000000092800000|  0%| F|  |TAMS 0x0000000092700000| PB 0x0000000092700000| Untracked |  0
| 296|0x0000000092800000, 0x0000000092800000, 0x0000000092900000|  0%| F|  |TAMS 0x0000000092800000| PB 0x0000000092800000| Untracked |  0
| 297|0x0000000092900000, 0x0000000092900000, 0x0000000092a00000|  0%| F|  |TAMS 0x0000000092900000| PB 0x0000000092900000| Untracked |  0
| 298|0x0000000092a00000, 0x0000000092a00000, 0x0000000092b00000|  0%| F|  |TAMS 0x0000000092a00000| PB 0x0000000092a00000| Untracked |  0
| 299|0x0000000092b00000, 0x0000000092b00000, 0x0000000092c00000|  0%| F|  |TAMS 0x0000000092b00000| PB 0x0000000092b00000| Untracked |  0
| 300|0x0000000092c00000, 0x0000000092c00000, 0x0000000092d00000|  0%| F|  |TAMS 0x0000000092c00000| PB 0x0000000092c00000| Untracked |  0
| 301|0x0000000092d00000, 0x0000000092d00000, 0x0000000092e00000|  0%| F|  |TAMS 0x0000000092d00000| PB 0x0000000092d00000| Untracked |  0
| 302|0x0000000092e00000, 0x0000000092f00000, 0x0000000092f00000|100%| S|CS|TAMS 0x0000000092e00000| PB 0x0000000092e00000| Complete |  0
| 303|0x0000000092f00000, 0x0000000093000000, 0x0000000093000000|100%| S|CS|TAMS 0x0000000092f00000| PB 0x0000000092f00000| Complete |  0
| 304|0x0000000093000000, 0x0000000093100000, 0x0000000093100000|100%| S|CS|TAMS 0x0000000093000000| PB 0x0000000093000000| Complete |  0
| 305|0x0000000093100000, 0x0000000093200000, 0x0000000093200000|100%| S|CS|TAMS 0x0000000093100000| PB 0x0000000093100000| Complete |  0
| 306|0x0000000093200000, 0x0000000093300000, 0x0000000093300000|100%| S|CS|TAMS 0x0000000093200000| PB 0x0000000093200000| Complete |  0
| 307|0x0000000093300000, 0x0000000093400000, 0x0000000093400000|100%| S|CS|TAMS 0x0000000093300000| PB 0x0000000093300000| Complete |  0
| 308|0x0000000093400000, 0x0000000093500000, 0x0000000093500000|100%| S|CS|TAMS 0x0000000093400000| PB 0x0000000093400000| Complete |  0
| 309|0x0000000093500000, 0x0000000093600000, 0x0000000093600000|100%| S|CS|TAMS 0x0000000093500000| PB 0x0000000093500000| Complete |  0
| 310|0x0000000093600000, 0x0000000093700000, 0x0000000093700000|100%| S|CS|TAMS 0x0000000093600000| PB 0x0000000093600000| Complete |  0
| 311|0x0000000093700000, 0x0000000093800000, 0x0000000093800000|100%| S|CS|TAMS 0x0000000093700000| PB 0x0000000093700000| Complete |  0
| 312|0x0000000093800000, 0x0000000093900000, 0x0000000093900000|100%| S|CS|TAMS 0x0000000093800000| PB 0x0000000093800000| Complete |  0
| 313|0x0000000093900000, 0x0000000093a00000, 0x0000000093a00000|100%| S|CS|TAMS 0x0000000093900000| PB 0x0000000093900000| Complete |  0
| 314|0x0000000093a00000, 0x0000000093b00000, 0x0000000093b00000|100%| S|CS|TAMS 0x0000000093a00000| PB 0x0000000093a00000| Complete |  0
| 315|0x0000000093b00000, 0x0000000093c00000, 0x0000000093c00000|100%| S|CS|TAMS 0x0000000093b00000| PB 0x0000000093b00000| Complete |  0
| 316|0x0000000093c00000, 0x0000000093d00000, 0x0000000093d00000|100%| S|CS|TAMS 0x0000000093c00000| PB 0x0000000093c00000| Complete |  0
| 317|0x0000000093d00000, 0x0000000093e00000, 0x0000000093e00000|100%| S|CS|TAMS 0x0000000093d00000| PB 0x0000000093d00000| Complete |  0
| 318|0x0000000093e00000, 0x0000000093f00000, 0x0000000093f00000|100%| S|CS|TAMS 0x0000000093e00000| PB 0x0000000093e00000| Complete |  0
| 319|0x0000000093f00000, 0x0000000094000000, 0x0000000094000000|100%| S|CS|TAMS 0x0000000093f00000| PB 0x0000000093f00000| Complete |  0
| 320|0x0000000094000000, 0x0000000094100000, 0x0000000094100000|100%| S|CS|TAMS 0x0000000094000000| PB 0x0000000094000000| Complete |  0
| 321|0x0000000094100000, 0x0000000094200000, 0x0000000094200000|100%| S|CS|TAMS 0x0000000094100000| PB 0x0000000094100000| Complete |  0
| 322|0x0000000094200000, 0x0000000094300000, 0x0000000094300000|100%| S|CS|TAMS 0x0000000094200000| PB 0x0000000094200000| Complete |  0
| 323|0x0000000094300000, 0x0000000094400000, 0x0000000094400000|100%| S|CS|TAMS 0x0000000094300000| PB 0x0000000094300000| Complete |  0
| 324|0x0000000094400000, 0x0000000094500000, 0x0000000094500000|100%| S|CS|TAMS 0x0000000094400000| PB 0x0000000094400000| Complete |  0
| 325|0x0000000094500000, 0x0000000094600000, 0x0000000094600000|100%| S|CS|TAMS 0x0000000094500000| PB 0x0000000094500000| Complete |  0
| 326|0x0000000094600000, 0x0000000094700000, 0x0000000094700000|100%| S|CS|TAMS 0x0000000094600000| PB 0x0000000094600000| Complete |  0
| 327|0x0000000094700000, 0x0000000094800000, 0x0000000094800000|100%| S|CS|TAMS 0x0000000094700000| PB 0x0000000094700000| Complete |  0
| 328|0x0000000094800000, 0x0000000094800000, 0x0000000094900000|  0%| F|  |TAMS 0x0000000094800000| PB 0x0000000094800000| Untracked |  0
| 329|0x0000000094900000, 0x0000000094900000, 0x0000000094a00000|  0%| F|  |TAMS 0x0000000094900000| PB 0x0000000094900000| Untracked |  0
| 330|0x0000000094a00000, 0x0000000094a00000, 0x0000000094b00000|  0%| F|  |TAMS 0x0000000094a00000| PB 0x0000000094a00000| Untracked |  0
| 331|0x0000000094b00000, 0x0000000094b00000, 0x0000000094c00000|  0%| F|  |TAMS 0x0000000094b00000| PB 0x0000000094b00000| Untracked |  0
| 332|0x0000000094c00000, 0x0000000094c00000, 0x0000000094d00000|  0%| F|  |TAMS 0x0000000094c00000| PB 0x0000000094c00000| Untracked |  0
| 333|0x0000000094d00000, 0x0000000094d00000, 0x0000000094e00000|  0%| F|  |TAMS 0x0000000094d00000| PB 0x0000000094d00000| Untracked |  0
| 334|0x0000000094e00000, 0x0000000094e00000, 0x0000000094f00000|  0%| F|  |TAMS 0x0000000094e00000| PB 0x0000000094e00000| Untracked |  0
| 335|0x0000000094f00000, 0x0000000094f00000, 0x0000000095000000|  0%| F|  |TAMS 0x0000000094f00000| PB 0x0000000094f00000| Untracked |  0
| 336|0x0000000095000000, 0x0000000095000000, 0x0000000095100000|  0%| F|  |TAMS 0x0000000095000000| PB 0x0000000095000000| Untracked |  0
| 337|0x0000000095100000, 0x0000000095100000, 0x0000000095200000|  0%| F|  |TAMS 0x0000000095100000| PB 0x0000000095100000| Untracked |  0
| 338|0x0000000095200000, 0x0000000095200000, 0x0000000095300000|  0%| F|  |TAMS 0x0000000095200000| PB 0x0000000095200000| Untracked |  0
| 339|0x0000000095300000, 0x0000000095300000, 0x0000000095400000|  0%| F|  |TAMS 0x0000000095300000| PB 0x0000000095300000| Untracked |  0
| 340|0x0000000095400000, 0x0000000095400000, 0x0000000095500000|  0%| F|  |TAMS 0x0000000095400000| PB 0x0000000095400000| Untracked |  0
| 341|0x0000000095500000, 0x0000000095500000, 0x0000000095600000|  0%| F|  |TAMS 0x0000000095500000| PB 0x0000000095500000| Untracked |  0
| 342|0x0000000095600000, 0x0000000095600000, 0x0000000095700000|  0%| F|  |TAMS 0x0000000095600000| PB 0x0000000095600000| Untracked |  0
| 343|0x0000000095700000, 0x0000000095700000, 0x0000000095800000|  0%| F|  |TAMS 0x0000000095700000| PB 0x0000000095700000| Untracked |  0
| 344|0x0000000095800000, 0x0000000095800000, 0x0000000095900000|  0%| F|  |TAMS 0x0000000095800000| PB 0x0000000095800000| Untracked |  0
| 345|0x0000000095900000, 0x0000000095900000, 0x0000000095a00000|  0%| F|  |TAMS 0x0000000095900000| PB 0x0000000095900000| Untracked |  0
| 346|0x0000000095a00000, 0x0000000095a00000, 0x0000000095b00000|  0%| F|  |TAMS 0x0000000095a00000| PB 0x0000000095a00000| Untracked |  0
| 347|0x0000000095b00000, 0x0000000095b00000, 0x0000000095c00000|  0%| F|  |TAMS 0x0000000095b00000| PB 0x0000000095b00000| Untracked |  0
| 348|0x0000000095c00000, 0x0000000095c00000, 0x0000000095d00000|  0%| F|  |TAMS 0x0000000095c00000| PB 0x0000000095c00000| Untracked |  0
| 349|0x0000000095d00000, 0x0000000095d00000, 0x0000000095e00000|  0%| F|  |TAMS 0x0000000095d00000| PB 0x0000000095d00000| Untracked |  0
| 350|0x0000000095e00000, 0x0000000095e00000, 0x0000000095f00000|  0%| F|  |TAMS 0x0000000095e00000| PB 0x0000000095e00000| Untracked |  0
| 351|0x0000000095f00000, 0x0000000095f00000, 0x0000000096000000|  0%| F|  |TAMS 0x0000000095f00000| PB 0x0000000095f00000| Untracked |  0
| 352|0x0000000096000000, 0x0000000096000000, 0x0000000096100000|  0%| F|  |TAMS 0x0000000096000000| PB 0x0000000096000000| Untracked |  0
| 353|0x0000000096100000, 0x0000000096100000, 0x0000000096200000|  0%| F|  |TAMS 0x0000000096100000| PB 0x0000000096100000| Untracked |  0
| 354|0x0000000096200000, 0x0000000096200000, 0x0000000096300000|  0%| F|  |TAMS 0x0000000096200000| PB 0x0000000096200000| Untracked |  0
| 355|0x0000000096300000, 0x0000000096300000, 0x0000000096400000|  0%| F|  |TAMS 0x0000000096300000| PB 0x0000000096300000| Untracked |  0
| 356|0x0000000096400000, 0x0000000096400000, 0x0000000096500000|  0%| F|  |TAMS 0x0000000096400000| PB 0x0000000096400000| Untracked |  0
| 357|0x0000000096500000, 0x0000000096500000, 0x0000000096600000|  0%| F|  |TAMS 0x0000000096500000| PB 0x0000000096500000| Untracked |  0
| 358|0x0000000096600000, 0x0000000096600000, 0x0000000096700000|  0%| F|  |TAMS 0x0000000096600000| PB 0x0000000096600000| Untracked |  0
| 359|0x0000000096700000, 0x0000000096700000, 0x0000000096800000|  0%| F|  |TAMS 0x0000000096700000| PB 0x0000000096700000| Untracked |  0
| 360|0x0000000096800000, 0x0000000096800000, 0x0000000096900000|  0%| F|  |TAMS 0x0000000096800000| PB 0x0000000096800000| Untracked |  0
| 361|0x0000000096900000, 0x0000000096900000, 0x0000000096a00000|  0%| F|  |TAMS 0x0000000096900000| PB 0x0000000096900000| Untracked |  0
| 362|0x0000000096a00000, 0x0000000096a00000, 0x0000000096b00000|  0%| F|  |TAMS 0x0000000096a00000| PB 0x0000000096a00000| Untracked |  0
| 363|0x0000000096b00000, 0x0000000096b00000, 0x0000000096c00000|  0%| F|  |TAMS 0x0000000096b00000| PB 0x0000000096b00000| Untracked |  0
| 364|0x0000000096c00000, 0x0000000096c00000, 0x0000000096d00000|  0%| F|  |TAMS 0x0000000096c00000| PB 0x0000000096c00000| Untracked |  0
| 365|0x0000000096d00000, 0x0000000096d00000, 0x0000000096e00000|  0%| F|  |TAMS 0x0000000096d00000| PB 0x0000000096d00000| Untracked |  0
| 366|0x0000000096e00000, 0x0000000096e00000, 0x0000000096f00000|  0%| F|  |TAMS 0x0000000096e00000| PB 0x0000000096e00000| Untracked |  0
| 367|0x0000000096f00000, 0x0000000096f00000, 0x0000000097000000|  0%| F|  |TAMS 0x0000000096f00000| PB 0x0000000096f00000| Untracked |  0
| 368|0x0000000097000000, 0x0000000097000000, 0x0000000097100000|  0%| F|  |TAMS 0x0000000097000000| PB 0x0000000097000000| Untracked |  0
| 369|0x0000000097100000, 0x0000000097100000, 0x0000000097200000|  0%| F|  |TAMS 0x0000000097100000| PB 0x0000000097100000| Untracked |  0
| 370|0x0000000097200000, 0x0000000097200000, 0x0000000097300000|  0%| F|  |TAMS 0x0000000097200000| PB 0x0000000097200000| Untracked |  0
| 371|0x0000000097300000, 0x0000000097300000, 0x0000000097400000|  0%| F|  |TAMS 0x0000000097300000| PB 0x0000000097300000| Untracked |  0
| 372|0x0000000097400000, 0x0000000097400000, 0x0000000097500000|  0%| F|  |TAMS 0x0000000097400000| PB 0x0000000097400000| Untracked |  0
| 373|0x0000000097500000, 0x0000000097500000, 0x0000000097600000|  0%| F|  |TAMS 0x0000000097500000| PB 0x0000000097500000| Untracked |  0
| 374|0x0000000097600000, 0x0000000097600000, 0x0000000097700000|  0%| F|  |TAMS 0x0000000097600000| PB 0x0000000097600000| Untracked |  0
| 375|0x0000000097700000, 0x0000000097700000, 0x0000000097800000|  0%| F|  |TAMS 0x0000000097700000| PB 0x0000000097700000| Untracked |  0
| 376|0x0000000097800000, 0x0000000097800000, 0x0000000097900000|  0%| F|  |TAMS 0x0000000097800000| PB 0x0000000097800000| Untracked |  0
| 377|0x0000000097900000, 0x0000000097900000, 0x0000000097a00000|  0%| F|  |TAMS 0x0000000097900000| PB 0x0000000097900000| Untracked |  0
| 378|0x0000000097a00000, 0x0000000097a00000, 0x0000000097b00000|  0%| F|  |TAMS 0x0000000097a00000| PB 0x0000000097a00000| Untracked |  0
| 379|0x0000000097b00000, 0x0000000097b00000, 0x0000000097c00000|  0%| F|  |TAMS 0x0000000097b00000| PB 0x0000000097b00000| Untracked |  0
| 380|0x0000000097c00000, 0x0000000097c00000, 0x0000000097d00000|  0%| F|  |TAMS 0x0000000097c00000| PB 0x0000000097c00000| Untracked |  0
| 381|0x0000000097d00000, 0x0000000097d00000, 0x0000000097e00000|  0%| F|  |TAMS 0x0000000097d00000| PB 0x0000000097d00000| Untracked |  0
| 382|0x0000000097e00000, 0x0000000097e00000, 0x0000000097f00000|  0%| F|  |TAMS 0x0000000097e00000| PB 0x0000000097e00000| Untracked |  0
| 383|0x0000000097f00000, 0x0000000097f00000, 0x0000000098000000|  0%| F|  |TAMS 0x0000000097f00000| PB 0x0000000097f00000| Untracked |  0
| 384|0x0000000098000000, 0x0000000098000000, 0x0000000098100000|  0%| F|  |TAMS 0x0000000098000000| PB 0x0000000098000000| Untracked |  0
| 385|0x0000000098100000, 0x0000000098100000, 0x0000000098200000|  0%| F|  |TAMS 0x0000000098100000| PB 0x0000000098100000| Untracked |  0
| 386|0x0000000098200000, 0x0000000098200000, 0x0000000098300000|  0%| F|  |TAMS 0x0000000098200000| PB 0x0000000098200000| Untracked |  0
| 387|0x0000000098300000, 0x0000000098300000, 0x0000000098400000|  0%| F|  |TAMS 0x0000000098300000| PB 0x0000000098300000| Untracked |  0
| 388|0x0000000098400000, 0x0000000098400000, 0x0000000098500000|  0%| F|  |TAMS 0x0000000098400000| PB 0x0000000098400000| Untracked |  0
| 389|0x0000000098500000, 0x0000000098500000, 0x0000000098600000|  0%| F|  |TAMS 0x0000000098500000| PB 0x0000000098500000| Untracked |  0
| 390|0x0000000098600000, 0x0000000098600000, 0x0000000098700000|  0%| F|  |TAMS 0x0000000098600000| PB 0x0000000098600000| Untracked |  0
| 391|0x0000000098700000, 0x0000000098700000, 0x0000000098800000|  0%| F|  |TAMS 0x0000000098700000| PB 0x0000000098700000| Untracked |  0
| 392|0x0000000098800000, 0x0000000098800000, 0x0000000098900000|  0%| F|  |TAMS 0x0000000098800000| PB 0x0000000098800000| Untracked |  0
| 393|0x0000000098900000, 0x0000000098900000, 0x0000000098a00000|  0%| F|  |TAMS 0x0000000098900000| PB 0x0000000098900000| Untracked |  0
| 394|0x0000000098a00000, 0x0000000098a00000, 0x0000000098b00000|  0%| F|  |TAMS 0x0000000098a00000| PB 0x0000000098a00000| Untracked |  0
| 395|0x0000000098b00000, 0x0000000098b00000, 0x0000000098c00000|  0%| F|  |TAMS 0x0000000098b00000| PB 0x0000000098b00000| Untracked |  0
| 396|0x0000000098c00000, 0x0000000098c00000, 0x0000000098d00000|  0%| F|  |TAMS 0x0000000098c00000| PB 0x0000000098c00000| Untracked |  0
| 397|0x0000000098d00000, 0x0000000098d00000, 0x0000000098e00000|  0%| F|  |TAMS 0x0000000098d00000| PB 0x0000000098d00000| Untracked |  0
| 398|0x0000000098e00000, 0x0000000098e00000, 0x0000000098f00000|  0%| F|  |TAMS 0x0000000098e00000| PB 0x0000000098e00000| Untracked |  0
| 399|0x0000000098f00000, 0x0000000098f00000, 0x0000000099000000|  0%| F|  |TAMS 0x0000000098f00000| PB 0x0000000098f00000| Untracked |  0
| 400|0x0000000099000000, 0x0000000099000000, 0x0000000099100000|  0%| F|  |TAMS 0x0000000099000000| PB 0x0000000099000000| Untracked |  0
| 401|0x0000000099100000, 0x0000000099100000, 0x0000000099200000|  0%| F|  |TAMS 0x0000000099100000| PB 0x0000000099100000| Untracked |  0
| 402|0x0000000099200000, 0x0000000099200000, 0x0000000099300000|  0%| F|  |TAMS 0x0000000099200000| PB 0x0000000099200000| Untracked |  0
| 403|0x0000000099300000, 0x0000000099300000, 0x0000000099400000|  0%| F|  |TAMS 0x0000000099300000| PB 0x0000000099300000| Untracked |  0
| 404|0x0000000099400000, 0x0000000099400000, 0x0000000099500000|  0%| F|  |TAMS 0x0000000099400000| PB 0x0000000099400000| Untracked |  0
| 405|0x0000000099500000, 0x0000000099500000, 0x0000000099600000|  0%| F|  |TAMS 0x0000000099500000| PB 0x0000000099500000| Untracked |  0
| 406|0x0000000099600000, 0x0000000099600000, 0x0000000099700000|  0%| F|  |TAMS 0x0000000099600000| PB 0x0000000099600000| Untracked |  0
| 407|0x0000000099700000, 0x0000000099700000, 0x0000000099800000|  0%| F|  |TAMS 0x0000000099700000| PB 0x0000000099700000| Untracked |  0
| 408|0x0000000099800000, 0x0000000099800000, 0x0000000099900000|  0%| F|  |TAMS 0x0000000099800000| PB 0x0000000099800000| Untracked |  0
| 409|0x0000000099900000, 0x0000000099900000, 0x0000000099a00000|  0%| F|  |TAMS 0x0000000099900000| PB 0x0000000099900000| Untracked |  0
| 410|0x0000000099a00000, 0x0000000099a00000, 0x0000000099b00000|  0%| F|  |TAMS 0x0000000099a00000| PB 0x0000000099a00000| Untracked |  0
| 411|0x0000000099b00000, 0x0000000099b00000, 0x0000000099c00000|  0%| F|  |TAMS 0x0000000099b00000| PB 0x0000000099b00000| Untracked |  0
| 412|0x0000000099c00000, 0x0000000099c00000, 0x0000000099d00000|  0%| F|  |TAMS 0x0000000099c00000| PB 0x0000000099c00000| Untracked |  0
| 413|0x0000000099d00000, 0x0000000099d00000, 0x0000000099e00000|  0%| F|  |TAMS 0x0000000099d00000| PB 0x0000000099d00000| Untracked |  0
| 414|0x0000000099e00000, 0x0000000099e00000, 0x0000000099f00000|  0%| F|  |TAMS 0x0000000099e00000| PB 0x0000000099e00000| Untracked |  0
| 415|0x0000000099f00000, 0x0000000099f00000, 0x000000009a000000|  0%| F|  |TAMS 0x0000000099f00000| PB 0x0000000099f00000| Untracked |  0
| 416|0x000000009a000000, 0x000000009a000000, 0x000000009a100000|  0%| F|  |TAMS 0x000000009a000000| PB 0x000000009a000000| Untracked |  0
| 417|0x000000009a100000, 0x000000009a100000, 0x000000009a200000|  0%| F|  |TAMS 0x000000009a100000| PB 0x000000009a100000| Untracked |  0
| 418|0x000000009a200000, 0x000000009a200000, 0x000000009a300000|  0%| F|  |TAMS 0x000000009a200000| PB 0x000000009a200000| Untracked |  0
| 419|0x000000009a300000, 0x000000009a300000, 0x000000009a400000|  0%| F|  |TAMS 0x000000009a300000| PB 0x000000009a300000| Untracked |  0
| 420|0x000000009a400000, 0x000000009a400000, 0x000000009a500000|  0%| F|  |TAMS 0x000000009a400000| PB 0x000000009a400000| Untracked |  0
| 421|0x000000009a500000, 0x000000009a500000, 0x000000009a600000|  0%| F|  |TAMS 0x000000009a500000| PB 0x000000009a500000| Untracked |  0
| 422|0x000000009a600000, 0x000000009a600000, 0x000000009a700000|  0%| F|  |TAMS 0x000000009a600000| PB 0x000000009a600000| Untracked |  0
| 423|0x000000009a700000, 0x000000009a700000, 0x000000009a800000|  0%| F|  |TAMS 0x000000009a700000| PB 0x000000009a700000| Untracked |  0
| 424|0x000000009a800000, 0x000000009a800000, 0x000000009a900000|  0%| F|  |TAMS 0x000000009a800000| PB 0x000000009a800000| Untracked |  0
| 425|0x000000009a900000, 0x000000009a900000, 0x000000009aa00000|  0%| F|  |TAMS 0x000000009a900000| PB 0x000000009a900000| Untracked |  0
| 426|0x000000009aa00000, 0x000000009aa00000, 0x000000009ab00000|  0%| F|  |TAMS 0x000000009aa00000| PB 0x000000009aa00000| Untracked |  0
| 427|0x000000009ab00000, 0x000000009ab00000, 0x000000009ac00000|  0%| F|  |TAMS 0x000000009ab00000| PB 0x000000009ab00000| Untracked |  0
| 428|0x000000009ac00000, 0x000000009ac00000, 0x000000009ad00000|  0%| F|  |TAMS 0x000000009ac00000| PB 0x000000009ac00000| Untracked |  0
| 429|0x000000009ad00000, 0x000000009ad00000, 0x000000009ae00000|  0%| F|  |TAMS 0x000000009ad00000| PB 0x000000009ad00000| Untracked |  0
| 430|0x000000009ae00000, 0x000000009ae00000, 0x000000009af00000|  0%| F|  |TAMS 0x000000009ae00000| PB 0x000000009ae00000| Untracked |  0
| 431|0x000000009af00000, 0x000000009af00000, 0x000000009b000000|  0%| F|  |TAMS 0x000000009af00000| PB 0x000000009af00000| Untracked |  0
| 432|0x000000009b000000, 0x000000009b000000, 0x000000009b100000|  0%| F|  |TAMS 0x000000009b000000| PB 0x000000009b000000| Untracked |  0
| 433|0x000000009b100000, 0x000000009b100000, 0x000000009b200000|  0%| F|  |TAMS 0x000000009b100000| PB 0x000000009b100000| Untracked |  0
| 434|0x000000009b200000, 0x000000009b200000, 0x000000009b300000|  0%| F|  |TAMS 0x000000009b200000| PB 0x000000009b200000| Untracked |  0
| 435|0x000000009b300000, 0x000000009b300000, 0x000000009b400000|  0%| F|  |TAMS 0x000000009b300000| PB 0x000000009b300000| Untracked |  0
| 436|0x000000009b400000, 0x000000009b400000, 0x000000009b500000|  0%| F|  |TAMS 0x000000009b400000| PB 0x000000009b400000| Untracked |  0
| 437|0x000000009b500000, 0x000000009b500000, 0x000000009b600000|  0%| F|  |TAMS 0x000000009b500000| PB 0x000000009b500000| Untracked |  0
| 438|0x000000009b600000, 0x000000009b600000, 0x000000009b700000|  0%| F|  |TAMS 0x000000009b600000| PB 0x000000009b600000| Untracked |  0
| 439|0x000000009b700000, 0x000000009b700000, 0x000000009b800000|  0%| F|  |TAMS 0x000000009b700000| PB 0x000000009b700000| Untracked |  0
| 440|0x000000009b800000, 0x000000009b800000, 0x000000009b900000|  0%| F|  |TAMS 0x000000009b800000| PB 0x000000009b800000| Untracked |  0
| 441|0x000000009b900000, 0x000000009b900000, 0x000000009ba00000|  0%| F|  |TAMS 0x000000009b900000| PB 0x000000009b900000| Untracked |  0
| 442|0x000000009ba00000, 0x000000009ba00000, 0x000000009bb00000|  0%| F|  |TAMS 0x000000009ba00000| PB 0x000000009ba00000| Untracked |  0
| 443|0x000000009bb00000, 0x000000009bb00000, 0x000000009bc00000|  0%| F|  |TAMS 0x000000009bb00000| PB 0x000000009bb00000| Untracked |  0
| 444|0x000000009bc00000, 0x000000009bc00000, 0x000000009bd00000|  0%| F|  |TAMS 0x000000009bc00000| PB 0x000000009bc00000| Untracked |  0
| 445|0x000000009bd00000, 0x000000009bd00000, 0x000000009be00000|  0%| F|  |TAMS 0x000000009bd00000| PB 0x000000009bd00000| Untracked |  0
| 446|0x000000009be00000, 0x000000009be00000, 0x000000009bf00000|  0%| F|  |TAMS 0x000000009be00000| PB 0x000000009be00000| Untracked |  0
| 447|0x000000009bf00000, 0x000000009bf00000, 0x000000009c000000|  0%| F|  |TAMS 0x000000009bf00000| PB 0x000000009bf00000| Untracked |  0
| 448|0x000000009c000000, 0x000000009c000000, 0x000000009c100000|  0%| F|  |TAMS 0x000000009c000000| PB 0x000000009c000000| Untracked |  0
| 449|0x000000009c100000, 0x000000009c100000, 0x000000009c200000|  0%| F|  |TAMS 0x000000009c100000| PB 0x000000009c100000| Untracked |  0
| 450|0x000000009c200000, 0x000000009c200000, 0x000000009c300000|  0%| F|  |TAMS 0x000000009c200000| PB 0x000000009c200000| Untracked |  0
| 451|0x000000009c300000, 0x000000009c300000, 0x000000009c400000|  0%| F|  |TAMS 0x000000009c300000| PB 0x000000009c300000| Untracked |  0
| 452|0x000000009c400000, 0x000000009c400000, 0x000000009c500000|  0%| F|  |TAMS 0x000000009c400000| PB 0x000000009c400000| Untracked |  0
| 453|0x000000009c500000, 0x000000009c500000, 0x000000009c600000|  0%| F|  |TAMS 0x000000009c500000| PB 0x000000009c500000| Untracked |  0
| 454|0x000000009c600000, 0x000000009c600000, 0x000000009c700000|  0%| F|  |TAMS 0x000000009c600000| PB 0x000000009c600000| Untracked |  0
| 455|0x000000009c700000, 0x000000009c700000, 0x000000009c800000|  0%| F|  |TAMS 0x000000009c700000| PB 0x000000009c700000| Untracked |  0
| 456|0x000000009c800000, 0x000000009c800000, 0x000000009c900000|  0%| F|  |TAMS 0x000000009c800000| PB 0x000000009c800000| Untracked |  0
| 457|0x000000009c900000, 0x000000009c900000, 0x000000009ca00000|  0%| F|  |TAMS 0x000000009c900000| PB 0x000000009c900000| Untracked |  0
| 458|0x000000009ca00000, 0x000000009ca00000, 0x000000009cb00000|  0%| F|  |TAMS 0x000000009ca00000| PB 0x000000009ca00000| Untracked |  0
| 459|0x000000009cb00000, 0x000000009cb00000, 0x000000009cc00000|  0%| F|  |TAMS 0x000000009cb00000| PB 0x000000009cb00000| Untracked |  0
| 460|0x000000009cc00000, 0x000000009cc00000, 0x000000009cd00000|  0%| F|  |TAMS 0x000000009cc00000| PB 0x000000009cc00000| Untracked |  0
| 461|0x000000009cd00000, 0x000000009cd00000, 0x000000009ce00000|  0%| F|  |TAMS 0x000000009cd00000| PB 0x000000009cd00000| Untracked |  0
| 462|0x000000009ce00000, 0x000000009ce00000, 0x000000009cf00000|  0%| F|  |TAMS 0x000000009ce00000| PB 0x000000009ce00000| Untracked |  0
| 463|0x000000009cf00000, 0x000000009cf00000, 0x000000009d000000|  0%| F|  |TAMS 0x000000009cf00000| PB 0x000000009cf00000| Untracked |  0
| 464|0x000000009d000000, 0x000000009d000000, 0x000000009d100000|  0%| F|  |TAMS 0x000000009d000000| PB 0x000000009d000000| Untracked |  0
| 465|0x000000009d100000, 0x000000009d100000, 0x000000009d200000|  0%| F|  |TAMS 0x000000009d100000| PB 0x000000009d100000| Untracked |  0
| 466|0x000000009d200000, 0x000000009d200000, 0x000000009d300000|  0%| F|  |TAMS 0x000000009d200000| PB 0x000000009d200000| Untracked |  0
| 467|0x000000009d300000, 0x000000009d300000, 0x000000009d400000|  0%| F|  |TAMS 0x000000009d300000| PB 0x000000009d300000| Untracked |  0
| 468|0x000000009d400000, 0x000000009d400000, 0x000000009d500000|  0%| F|  |TAMS 0x000000009d400000| PB 0x000000009d400000| Untracked |  0
| 469|0x000000009d500000, 0x000000009d500000, 0x000000009d600000|  0%| F|  |TAMS 0x000000009d500000| PB 0x000000009d500000| Untracked |  0
| 470|0x000000009d600000, 0x000000009d600000, 0x000000009d700000|  0%| F|  |TAMS 0x000000009d600000| PB 0x000000009d600000| Untracked |  0
| 471|0x000000009d700000, 0x000000009d700000, 0x000000009d800000|  0%| F|  |TAMS 0x000000009d700000| PB 0x000000009d700000| Untracked |  0
| 472|0x000000009d800000, 0x000000009d800000, 0x000000009d900000|  0%| F|  |TAMS 0x000000009d800000| PB 0x000000009d800000| Untracked |  0
| 473|0x000000009d900000, 0x000000009d900000, 0x000000009da00000|  0%| F|  |TAMS 0x000000009d900000| PB 0x000000009d900000| Untracked |  0
| 474|0x000000009da00000, 0x000000009da00000, 0x000000009db00000|  0%| F|  |TAMS 0x000000009da00000| PB 0x000000009da00000| Untracked |  0
| 475|0x000000009db00000, 0x000000009db00000, 0x000000009dc00000|  0%| F|  |TAMS 0x000000009db00000| PB 0x000000009db00000| Untracked |  0
| 476|0x000000009dc00000, 0x000000009dc00000, 0x000000009dd00000|  0%| F|  |TAMS 0x000000009dc00000| PB 0x000000009dc00000| Untracked |  0
| 477|0x000000009dd00000, 0x000000009dd00000, 0x000000009de00000|  0%| F|  |TAMS 0x000000009dd00000| PB 0x000000009dd00000| Untracked |  0
| 478|0x000000009de00000, 0x000000009de00000, 0x000000009df00000|  0%| F|  |TAMS 0x000000009de00000| PB 0x000000009de00000| Untracked |  0
| 479|0x000000009df00000, 0x000000009df00000, 0x000000009e000000|  0%| F|  |TAMS 0x000000009df00000| PB 0x000000009df00000| Untracked |  0
| 480|0x000000009e000000, 0x000000009e000000, 0x000000009e100000|  0%| F|  |TAMS 0x000000009e000000| PB 0x000000009e000000| Untracked |  0
| 481|0x000000009e100000, 0x000000009e100000, 0x000000009e200000|  0%| F|  |TAMS 0x000000009e100000| PB 0x000000009e100000| Untracked |  0
| 482|0x000000009e200000, 0x000000009e200000, 0x000000009e300000|  0%| F|  |TAMS 0x000000009e200000| PB 0x000000009e200000| Untracked |  0
| 483|0x000000009e300000, 0x000000009e300000, 0x000000009e400000|  0%| F|  |TAMS 0x000000009e300000| PB 0x000000009e300000| Untracked |  0
| 484|0x000000009e400000, 0x000000009e400000, 0x000000009e500000|  0%| F|  |TAMS 0x000000009e400000| PB 0x000000009e400000| Untracked |  0
| 485|0x000000009e500000, 0x000000009e500000, 0x000000009e600000|  0%| F|  |TAMS 0x000000009e500000| PB 0x000000009e500000| Untracked |  0
| 486|0x000000009e600000, 0x000000009e600000, 0x000000009e700000|  0%| F|  |TAMS 0x000000009e600000| PB 0x000000009e600000| Untracked |  0
| 487|0x000000009e700000, 0x000000009e700000, 0x000000009e800000|  0%| F|  |TAMS 0x000000009e700000| PB 0x000000009e700000| Untracked |  0
| 488|0x000000009e800000, 0x000000009e800000, 0x000000009e900000|  0%| F|  |TAMS 0x000000009e800000| PB 0x000000009e800000| Untracked |  0
| 489|0x000000009e900000, 0x000000009e900000, 0x000000009ea00000|  0%| F|  |TAMS 0x000000009e900000| PB 0x000000009e900000| Untracked |  0
| 490|0x000000009ea00000, 0x000000009ea00000, 0x000000009eb00000|  0%| F|  |TAMS 0x000000009ea00000| PB 0x000000009ea00000| Untracked |  0
| 491|0x000000009eb00000, 0x000000009eb00000, 0x000000009ec00000|  0%| F|  |TAMS 0x000000009eb00000| PB 0x000000009eb00000| Untracked |  0
| 492|0x000000009ec00000, 0x000000009ec00000, 0x000000009ed00000|  0%| F|  |TAMS 0x000000009ec00000| PB 0x000000009ec00000| Untracked |  0
| 493|0x000000009ed00000, 0x000000009ed00000, 0x000000009ee00000|  0%| F|  |TAMS 0x000000009ed00000| PB 0x000000009ed00000| Untracked |  0
| 494|0x000000009ee00000, 0x000000009ee00000, 0x000000009ef00000|  0%| F|  |TAMS 0x000000009ee00000| PB 0x000000009ee00000| Untracked |  0
| 495|0x000000009ef00000, 0x000000009ef00000, 0x000000009f000000|  0%| F|  |TAMS 0x000000009ef00000| PB 0x000000009ef00000| Untracked |  0
| 496|0x000000009f000000, 0x000000009f000000, 0x000000009f100000|  0%| F|  |TAMS 0x000000009f000000| PB 0x000000009f000000| Untracked |  0
| 497|0x000000009f100000, 0x000000009f100000, 0x000000009f200000|  0%| F|  |TAMS 0x000000009f100000| PB 0x000000009f100000| Untracked |  0
| 498|0x000000009f200000, 0x000000009f200000, 0x000000009f300000|  0%| F|  |TAMS 0x000000009f200000| PB 0x000000009f200000| Untracked |  0
| 499|0x000000009f300000, 0x000000009f300000, 0x000000009f400000|  0%| F|  |TAMS 0x000000009f300000| PB 0x000000009f300000| Untracked |  0
| 500|0x000000009f400000, 0x000000009f400000, 0x000000009f500000|  0%| F|  |TAMS 0x000000009f400000| PB 0x000000009f400000| Untracked |  0
| 501|0x000000009f500000, 0x000000009f500000, 0x000000009f600000|  0%| F|  |TAMS 0x000000009f500000| PB 0x000000009f500000| Untracked |  0
| 502|0x000000009f600000, 0x000000009f600000, 0x000000009f700000|  0%| F|  |TAMS 0x000000009f600000| PB 0x000000009f600000| Untracked |  0
| 503|0x000000009f700000, 0x000000009f700000, 0x000000009f800000|  0%| F|  |TAMS 0x000000009f700000| PB 0x000000009f700000| Untracked |  0
| 504|0x000000009f800000, 0x000000009f800000, 0x000000009f900000|  0%| F|  |TAMS 0x000000009f800000| PB 0x000000009f800000| Untracked |  0
| 505|0x000000009f900000, 0x000000009f900000, 0x000000009fa00000|  0%| F|  |TAMS 0x000000009f900000| PB 0x000000009f900000| Untracked |  0
| 506|0x000000009fa00000, 0x000000009fa00000, 0x000000009fb00000|  0%| F|  |TAMS 0x000000009fa00000| PB 0x000000009fa00000| Untracked |  0
| 507|0x000000009fb00000, 0x000000009fb00000, 0x000000009fc00000|  0%| F|  |TAMS 0x000000009fb00000| PB 0x000000009fb00000| Untracked |  0
| 508|0x000000009fc00000, 0x000000009fc00000, 0x000000009fd00000|  0%| F|  |TAMS 0x000000009fc00000| PB 0x000000009fc00000| Untracked |  0
| 509|0x000000009fd00000, 0x000000009fd00000, 0x000000009fe00000|  0%| F|  |TAMS 0x000000009fd00000| PB 0x000000009fd00000| Untracked |  0
| 510|0x000000009fe00000, 0x000000009fe00000, 0x000000009ff00000|  0%| F|  |TAMS 0x000000009fe00000| PB 0x000000009fe00000| Untracked |  0
| 511|0x000000009ff00000, 0x000000009ff00000, 0x00000000a0000000| 23%| E|  |TAMS 0x000000009ff00000| PB 0x000000009ff00000| Complete |  0
| 512|0x00000000a0000000, 0x00000000a0100000, 0x00000000a0100000|100%| E|CS|TAMS 0x00000000a0000000| PB 0x00000000a0000000| Complete |  0
| 513|0x00000000a0100000, 0x00000000a0200000, 0x00000000a0200000|100%| E|CS|TAMS 0x00000000a0100000| PB 0x00000000a0100000| Complete |  0
| 514|0x00000000a0200000, 0x00000000a0300000, 0x00000000a0300000|100%| E|CS|TAMS 0x00000000a0200000| PB 0x00000000a0200000| Complete |  0
| 515|0x00000000a0300000, 0x00000000a0400000, 0x00000000a0400000|100%| E|CS|TAMS 0x00000000a0300000| PB 0x00000000a0300000| Complete |  0
| 516|0x00000000a0400000, 0x00000000a0500000, 0x00000000a0500000|100%| E|CS|TAMS 0x00000000a0400000| PB 0x00000000a0400000| Complete |  0
| 517|0x00000000a0500000, 0x00000000a0600000, 0x00000000a0600000|100%| E|CS|TAMS 0x00000000a0500000| PB 0x00000000a0500000| Complete |  0
| 518|0x00000000a0600000, 0x00000000a0700000, 0x00000000a0700000|100%| E|CS|TAMS 0x00000000a0600000| PB 0x00000000a0600000| Complete |  0
| 519|0x00000000a0700000, 0x00000000a0800000, 0x00000000a0800000|100%| E|CS|TAMS 0x00000000a0700000| PB 0x00000000a0700000| Complete |  0
| 520|0x00000000a0800000, 0x00000000a0900000, 0x00000000a0900000|100%| E|CS|TAMS 0x00000000a0800000| PB 0x00000000a0800000| Complete |  0
|2025|0x00000000fe900000, 0x00000000fea00000, 0x00000000fea00000|100%| O|Cm|TAMS 0x00000000fe900000| PB 0x00000000fe900000| Complete |  0
|2026|0x00000000fea00000, 0x00000000feb00000, 0x00000000feb00000|100%| O|  |TAMS 0x00000000fea00000| PB 0x00000000fea00000| Untracked |  0
|2027|0x00000000feb00000, 0x00000000fec00000, 0x00000000fec00000|100%| O|  |TAMS 0x00000000feb00000| PB 0x00000000feb00000| Untracked |  0
|2028|0x00000000fec00000, 0x00000000fed00000, 0x00000000fed00000|100%| O|  |TAMS 0x00000000fec00000| PB 0x00000000fec00000| Untracked |  0
|2029|0x00000000fed00000, 0x00000000fee00000, 0x00000000fee00000|100%| O|  |TAMS 0x00000000fed00000| PB 0x00000000fed00000| Untracked |  0
|2030|0x00000000fee00000, 0x00000000fef00000, 0x00000000fef00000|100%| E|CS|TAMS 0x00000000fee00000| PB 0x00000000fee00000| Complete |  0
|2031|0x00000000fef00000, 0x00000000ff000000, 0x00000000ff000000|100%| E|CS|TAMS 0x00000000fef00000| PB 0x00000000fef00000| Complete |  0
|2032|0x00000000ff000000, 0x00000000ff100000, 0x00000000ff100000|100%| O|  |TAMS 0x00000000ff000000| PB 0x00000000ff000000| Untracked |  0
|2033|0x00000000ff100000, 0x00000000ff200000, 0x00000000ff200000|100%| E|CS|TAMS 0x00000000ff100000| PB 0x00000000ff100000| Complete |  1
|2034|0x00000000ff200000, 0x00000000ff300000, 0x00000000ff300000|100%| E|CS|TAMS 0x00000000ff200000| PB 0x00000000ff200000| Complete |  0
|2035|0x00000000ff300000, 0x00000000ff400000, 0x00000000ff400000|100%| O|  |TAMS 0x00000000ff300000| PB 0x00000000ff300000| Untracked |  0
|2036|0x00000000ff400000, 0x00000000ff500000, 0x00000000ff500000|100%| E|CS|TAMS 0x00000000ff400000| PB 0x00000000ff400000| Complete |  0
|2037|0x00000000ff500000, 0x00000000ff600000, 0x00000000ff600000|100%| E|CS|TAMS 0x00000000ff500000| PB 0x00000000ff500000| Complete |  0
|2038|0x00000000ff600000, 0x00000000ff700000, 0x00000000ff700000|100%| O|  |TAMS 0x00000000ff600000| PB 0x00000000ff600000| Untracked |  0
|2039|0x00000000ff700000, 0x00000000ff800000, 0x00000000ff800000|100%| O|  |TAMS 0x00000000ff700000| PB 0x00000000ff700000| Untracked |  0
|2040|0x00000000ff800000, 0x00000000ff900000, 0x00000000ff900000|100%| O|  |TAMS 0x00000000ff800000| PB 0x00000000ff800000| Untracked |  0
|2041|0x00000000ff900000, 0x00000000ffa00000, 0x00000000ffa00000|100%| O|  |TAMS 0x00000000ff900000| PB 0x00000000ff900000| Untracked |  0
|2042|0x00000000ffa00000, 0x00000000ffb00000, 0x00000000ffb00000|100%| O|  |TAMS 0x00000000ffa00000| PB 0x00000000ffa00000| Untracked |  0
|2043|0x00000000ffb00000, 0x00000000ffc00000, 0x00000000ffc00000|100%| O|  |TAMS 0x00000000ffb00000| PB 0x00000000ffb00000| Untracked |  0
|2044|0x00000000ffc00000, 0x00000000ffd00000, 0x00000000ffd00000|100%| O|  |TAMS 0x00000000ffc00000| PB 0x00000000ffc00000| Untracked |  0
|2045|0x00000000ffd00000, 0x00000000ffe00000, 0x00000000ffe00000|100%| O|  |TAMS 0x00000000ffd00000| PB 0x00000000ffd00000| Untracked |  0
|2046|0x00000000ffe00000, 0x00000000fff00000, 0x00000000fff00000|100%| O|  |TAMS 0x00000000ffe00000| PB 0x00000000ffe00000| Untracked |  0
|2047|0x00000000fff00000, 0x0000000100000000, 0x0000000100000000|100%| O|  |TAMS 0x00000000fff00000| PB 0x00000000fff00000| Untracked |  0

Card table byte_map: [0x0000021f32330000,0x0000021f32730000] _byte_map_base: 0x0000021f31f30000

Marking Bits: (CMBitMap*) 0x0000021f1f439460
 Bits: [0x0000021f32730000, 0x0000021f34730000)

Polling page: 0x0000021f1d5e0000

Metaspace:
Metaspace        used 134209K, committed 136512K, reserved 1179648K
 class space     used 19711K, committed 20800K, reserved 1048576K

Usage:
  Non-class:    111.81 MB used.
      Class:     19.25 MB used.
       Both:    131.06 MB used.

Virtual space:
  Non-class space:      128.00 MB reserved,     113.00 MB ( 88%) committed,  2 nodes.
      Class space:        1.00 GB reserved,      20.31 MB (  2%) committed,  1 nodes.
             Both:        1.12 GB reserved,     133.31 MB ( 12%) committed. 

Chunk freelists:
   Non-Class:  15.00 MB
       Class:  11.52 MB
        Both:  26.52 MB

MaxMetaspaceSize: unlimited
CompressedClassSpaceSize: 1.00 GB
Initial GC threshold: 21.00 MB
Current GC threshold: 216.25 MB
CDS: off
 - commit_granule_bytes: 65536.
 - commit_granule_words: 8192.
 - virtual_space_node_default_size: 8388608.
 - enlarge_chunks_in_place: 1.
UseCompressedClassPointers 1, UseCompactObjectHeaders 0
Narrow klass pointer bits 32, Max shift 3
Narrow klass base: 0x0000000000000000, Narrow klass shift: 0
Encoding Range: [0x0000000000000000 - 0x0000000100000000), (4294967296 bytes)
Klass Range:    [0x000000000c000000 - 0x000000004c000000), (1073741824 bytes)
Klass ID Range:  [201326592 - 1275068409) (1073741817)
No protection zone.


Internal statistics:

num_allocs_failed_limit: 6.
num_arena_births: 4592.
num_arena_deaths: 8.
num_vsnodes_births: 3.
num_vsnodes_deaths: 0.
num_space_committed: 2132.
num_space_uncommitted: 0.
num_chunks_returned_to_freelist: 16.
num_chunks_taken_from_freelist: 10168.
num_chunk_merges: 4.
num_chunk_splits: 6740.
num_chunks_enlarged: 4389.
num_inconsistent_stats: 0.

CodeHeap 'non-profiled nmethods': size=120064Kb used=6226Kb max_used=6226Kb free=113837Kb
 bounds [0x0000021f2a390000, 0x0000021f2a9b0000, 0x0000021f318d0000]
CodeHeap 'profiled nmethods': size=120000Kb used=21031Kb max_used=21031Kb free=98968Kb
 bounds [0x0000021f228d0000, 0x0000021f23d60000, 0x0000021f29e00000]
CodeHeap 'non-nmethods': size=5696Kb used=2093Kb max_used=2189Kb free=3602Kb
 bounds [0x0000021f29e00000, 0x0000021f2a070000, 0x0000021f2a390000]
CodeCache: size=245760Kb, used=29350Kb, max_used=29446Kb, free=216407Kb
 total_blobs=15034, nmethods=14084, adapters=851, full_count=0
Compilation: enabled, stopped_count=0, restarted_count=0

Compilation events (20 events):
Event: 35.204 Thread 0x0000021f374685a0 nmethod 16809 0x0000021f23ce8708 code [0x0000021f23ce8800, 0x0000021f23ce8938]
Event: 35.206 Thread 0x0000021f374685a0 16810       2       org.jetbrains.kotlin.name.FqNameUnsafe$Companion::topLevel (32 bytes)
Event: 35.207 Thread 0x0000021f374685a0 nmethod 16810 0x0000021f23ce8a08 code [0x0000021f23ce8b00, 0x0000021f23ce8fc0]
Event: 35.211 Thread 0x0000021f374685a0 16811 %     3       org.jetbrains.org.objectweb.asm.ClassReader::accept @ 1374 (1401 bytes)
Event: 35.225 Thread 0x0000021f374685a0 nmethod 16811% 0x0000021f23ce9008 code [0x0000021f23ce9100, 0x0000021f23cf12a8]
Event: 35.225 Thread 0x0000021f374685a0 16812       3       org.jetbrains.org.objectweb.asm.Type::getArgumentCount (67 bytes)
Event: 35.228 Thread 0x0000021f374685a0 nmethod 16812 0x0000021f23cf1308 code [0x0000021f23cf1400, 0x0000021f23cf2820]
Event: 35.228 Thread 0x0000021f374685a0 16813       2       org.jetbrains.org.objectweb.asm.tree.AnnotationNode::accept (134 bytes)
Event: 35.229 Thread 0x0000021f374685a0 nmethod 16813 0x0000021f23cf2888 code [0x0000021f23cf2980, 0x0000021f23cf2ed8]
Event: 35.229 Thread 0x0000021f374685a0 16815       2       org.jetbrains.org.objectweb.asm.ClassVisitor::visitAnnotation (19 bytes)
Event: 35.229 Thread 0x0000021f374685a0 nmethod 16815 0x0000021f23cf2f08 code [0x0000021f23cf3000, 0x0000021f23cf3168]
Event: 35.229 Thread 0x0000021f374685a0 16816       2       kotlin.collections.ArraysKt___ArraysJvmKt::asList (17 bytes)
Event: 35.230 Thread 0x0000021f374685a0 nmethod 16816 0x0000021f23cf3208 code [0x0000021f23cf3300, 0x0000021f23cf3738]
Event: 35.230 Thread 0x0000021f374685a0 16817       2       kotlin.collections.ArraysUtilJVM::asList (5 bytes)
Event: 35.231 Thread 0x0000021f374685a0 nmethod 16817 0x0000021f23cf3788 code [0x0000021f23cf3880, 0x0000021f23cf3ad0]
Event: 35.236 Thread 0x0000021f374685a0 16818       2       kotlin.io.ByteStreamsKt::readBytes (47 bytes)
Event: 35.238 Thread 0x0000021f374685a0 nmethod 16818 0x0000021f23cf3b08 code [0x0000021f23cf3c00, 0x0000021f23cf4168]
Event: 35.238 Thread 0x0000021f374685a0 16820       2       kotlin.io.ByteStreamsKt::copyTo (60 bytes)
Event: 35.240 Thread 0x0000021f374685a0 nmethod 16820 0x0000021f23cf4188 code [0x0000021f23cf4280, 0x0000021f23cf4850]
Event: 35.240 Thread 0x0000021f374685a0 16828       2       java.lang.invoke.InnerClassLambdaMetafactory$4::accept (337 bytes)

GC Heap Usage History (20 events):
Event: 31.635 {heap Before GC invocations=43 (full 0):
 garbage-first heap   total reserved 2097152K, committed 193536K, used 180545K [0x0000000080000000, 0x0000000100000000)
  region size 1024K, 64 young (65536K), 3 survivors (3072K)
}
Event: 31.646 {heap After GC invocations=44 (full 0):
 garbage-first heap   total reserved 2097152K, committed 193536K, used 121528K [0x0000000080000000, 0x0000000100000000)
  region size 1024K, 6 young (6144K), 6 survivors (6144K)
}
Event: 32.192 {heap Before GC invocations=44 (full 0):
 garbage-first heap   total reserved 2097152K, committed 193536K, used 178872K [0x0000000080000000, 0x0000000100000000)
  region size 1024K, 63 young (64512K), 6 survivors (6144K)
}
Event: 32.207 {heap After GC invocations=45 (full 0):
 garbage-first heap   total reserved 2097152K, committed 193536K, used 125305K [0x0000000080000000, 0x0000000100000000)
  region size 1024K, 7 young (7168K), 7 survivors (7168K)
}
Event: 32.535 {heap Before GC invocations=46 (full 0):
 garbage-first heap   total reserved 2097152K, committed 209920K, used 180601K [0x0000000080000000, 0x0000000100000000)
  region size 1024K, 62 young (63488K), 7 survivors (7168K)
}
Event: 32.546 {heap After GC invocations=47 (full 0):
 garbage-first heap   total reserved 2097152K, committed 209920K, used 133668K [0x0000000080000000, 0x0000000100000000)
  region size 1024K, 8 young (8192K), 8 survivors (8192K)
}
Event: 33.090 {heap Before GC invocations=47 (full 0):
 garbage-first heap   total reserved 2097152K, committed 209920K, used 195108K [0x0000000080000000, 0x0000000100000000)
  region size 1024K, 66 young (67584K), 8 survivors (8192K)
}
Event: 33.104 {heap After GC invocations=48 (full 0):
 garbage-first heap   total reserved 2097152K, committed 216064K, used 144090K [0x0000000080000000, 0x0000000100000000)
  region size 1024K, 9 young (9216K), 9 survivors (9216K)
}
Event: 33.362 {heap Before GC invocations=48 (full 0):
 garbage-first heap   total reserved 2097152K, committed 216064K, used 187098K [0x0000000080000000, 0x0000000100000000)
  region size 1024K, 53 young (54272K), 9 survivors (9216K)
}
Event: 33.374 {heap After GC invocations=49 (full 0):
 garbage-first heap   total reserved 2097152K, committed 273408K, used 154549K [0x0000000080000000, 0x0000000100000000)
  region size 1024K, 8 young (8192K), 8 survivors (8192K)
}
Event: 33.378 {heap Before GC invocations=49 (full 0):
 garbage-first heap   total reserved 2097152K, committed 273408K, used 155573K [0x0000000080000000, 0x0000000100000000)
  region size 1024K, 9 young (9216K), 8 survivors (8192K)
}
Event: 33.384 {heap After GC invocations=50 (full 0):
 garbage-first heap   total reserved 2097152K, committed 273408K, used 157540K [0x0000000080000000, 0x0000000100000000)
  region size 1024K, 2 young (2048K), 2 survivors (2048K)
}
Event: 33.914 {heap Before GC invocations=51 (full 0):
 garbage-first heap   total reserved 2097152K, committed 273408K, used 247652K [0x0000000080000000, 0x0000000100000000)
  region size 1024K, 90 young (92160K), 2 survivors (2048K)
}
Event: 33.937 {heap After GC invocations=52 (full 0):
 garbage-first heap   total reserved 2097152K, committed 276480K, used 181204K [0x0000000080000000, 0x0000000100000000)
  region size 1024K, 12 young (12288K), 12 survivors (12288K)
}
Event: 34.146 {heap Before GC invocations=52 (full 0):
 garbage-first heap   total reserved 2097152K, committed 276480K, used 244692K [0x0000000080000000, 0x0000000100000000)
  region size 1024K, 75 young (76800K), 12 survivors (12288K)
}
Event: 34.181 {heap After GC invocations=53 (full 0):
 garbage-first heap   total reserved 2097152K, committed 278528K, used 198656K [0x0000000080000000, 0x0000000100000000)
  region size 1024K, 10 young (10240K), 10 survivors (10240K)
}
Event: 34.264 {heap Before GC invocations=53 (full 0):
 garbage-first heap   total reserved 2097152K, committed 278528K, used 229376K [0x0000000080000000, 0x0000000100000000)
  region size 1024K, 42 young (43008K), 10 survivors (10240K)
}
Event: 34.288 {heap After GC invocations=54 (full 0):
 garbage-first heap   total reserved 2097152K, committed 278528K, used 208896K [0x0000000080000000, 0x0000000100000000)
  region size 1024K, 8 young (8192K), 8 survivors (8192K)
}
Event: 34.422 {heap Before GC invocations=54 (full 0):
 garbage-first heap   total reserved 2097152K, committed 278528K, used 254976K [0x0000000080000000, 0x0000000100000000)
  region size 1024K, 50 young (51200K), 8 survivors (8192K)
}
Event: 34.448 {heap After GC invocations=55 (full 0):
 garbage-first heap   total reserved 2097152K, committed 557056K, used 222938K [0x0000000080000000, 0x0000000100000000)
  region size 1024K, 7 young (7168K), 7 survivors (7168K)
}

Metaspace Usage History (20 events):
Event: 31.635 {metaspace Before GC invocations=43 (full 0):
 Metaspace       used 120344K, committed 122752K, reserved 1179648K
  class space    used 17827K, committed 18944K, reserved 1048576K
}
Event: 31.646 {metaspace After GC invocations=44 (full 0):
 Metaspace       used 120344K, committed 122752K, reserved 1179648K
  class space    used 17827K, committed 18944K, reserved 1048576K
}
Event: 32.192 {metaspace Before GC invocations=44 (full 0):
 Metaspace       used 121965K, committed 124288K, reserved 1179648K
  class space    used 18059K, committed 19136K, reserved 1048576K
}
Event: 32.207 {metaspace After GC invocations=45 (full 0):
 Metaspace       used 121965K, committed 124288K, reserved 1179648K
  class space    used 18059K, committed 19136K, reserved 1048576K
}
Event: 32.535 {metaspace Before GC invocations=46 (full 0):
 Metaspace       used 123464K, committed 125824K, reserved 1179648K
  class space    used 18259K, committed 19392K, reserved 1048576K
}
Event: 32.546 {metaspace After GC invocations=47 (full 0):
 Metaspace       used 123464K, committed 125824K, reserved 1179648K
  class space    used 18259K, committed 19392K, reserved 1048576K
}
Event: 33.090 {metaspace Before GC invocations=47 (full 0):
 Metaspace       used 126029K, committed 128448K, reserved 1179648K
  class space    used 18649K, committed 19776K, reserved 1048576K
}
Event: 33.104 {metaspace After GC invocations=48 (full 0):
 Metaspace       used 126029K, committed 128448K, reserved 1179648K
  class space    used 18649K, committed 19776K, reserved 1048576K
}
Event: 33.362 {metaspace Before GC invocations=48 (full 0):
 Metaspace       used 127871K, committed 130304K, reserved 1179648K
  class space    used 18874K, committed 20032K, reserved 1048576K
}
Event: 33.374 {metaspace After GC invocations=49 (full 0):
 Metaspace       used 127871K, committed 130304K, reserved 1179648K
  class space    used 18874K, committed 20032K, reserved 1048576K
}
Event: 33.378 {metaspace Before GC invocations=49 (full 0):
 Metaspace       used 127891K, committed 130304K, reserved 1179648K
  class space    used 18881K, committed 20032K, reserved 1048576K
}
Event: 33.384 {metaspace After GC invocations=50 (full 0):
 Metaspace       used 127891K, committed 130304K, reserved 1179648K
  class space    used 18881K, committed 20032K, reserved 1048576K
}
Event: 33.914 {metaspace Before GC invocations=51 (full 0):
 Metaspace       used 129782K, committed 132096K, reserved 1179648K
  class space    used 19016K, committed 20096K, reserved 1048576K
}
Event: 33.937 {metaspace After GC invocations=52 (full 0):
 Metaspace       used 129782K, committed 132096K, reserved 1179648K
  class space    used 19016K, committed 20096K, reserved 1048576K
}
Event: 34.146 {metaspace Before GC invocations=52 (full 0):
 Metaspace       used 130040K, committed 132416K, reserved 1179648K
  class space    used 19045K, committed 20160K, reserved 1048576K
}
Event: 34.181 {metaspace After GC invocations=53 (full 0):
 Metaspace       used 130040K, committed 132416K, reserved 1179648K
  class space    used 19045K, committed 20160K, reserved 1048576K
}
Event: 34.264 {metaspace Before GC invocations=53 (full 0):
 Metaspace       used 130076K, committed 132416K, reserved 1179648K
  class space    used 19049K, committed 20160K, reserved 1048576K
}
Event: 34.288 {metaspace After GC invocations=54 (full 0):
 Metaspace       used 130076K, committed 132416K, reserved 1179648K
  class space    used 19049K, committed 20160K, reserved 1048576K
}
Event: 34.422 {metaspace Before GC invocations=54 (full 0):
 Metaspace       used 130216K, committed 132608K, reserved 1179648K
  class space    used 19065K, committed 20160K, reserved 1048576K
}
Event: 34.448 {metaspace After GC invocations=55 (full 0):
 Metaspace       used 130216K, committed 132608K, reserved 1179648K
  class space    used 19065K, committed 20160K, reserved 1048576K
}

Dll operation events (3 events):
Event: 0.017 Loaded shared library C:\Program Files\Android\Android Studio\jbr\bin\java.dll
Event: 0.023 Loaded shared library C:\Program Files\Android\Android Studio\jbr\bin\zip.dll
Event: 0.828 Loaded shared library C:\Program Files\Android\Android Studio\jbr\bin\verify.dll

Deoptimization events (20 events):
Event: 35.052 Thread 0x0000021f408b9050 DEOPT PACKING pc=0x0000021f23c754d9 sp=0x00000042429faff0
Event: 35.052 Thread 0x0000021f408b9050 DEOPT UNPACKING pc=0x0000021f29e51702 sp=0x00000042429fa4b0 mode 0
Event: 35.080 Thread 0x0000021f40052ae0 DEOPT PACKING pc=0x0000021f23c66f7b sp=0x00000042442f77d0
Event: 35.080 Thread 0x0000021f40052ae0 DEOPT UNPACKING pc=0x0000021f29e51702 sp=0x00000042442f6ce0 mode 0
Event: 35.096 Thread 0x0000021f408b9050 DEOPT PACKING pc=0x0000021f23c74e84 sp=0x00000042429fb3c0
Event: 35.096 Thread 0x0000021f408b9050 DEOPT UNPACKING pc=0x0000021f29e51702 sp=0x00000042429fa870 mode 0
Event: 35.138 Thread 0x0000021f408b9050 Uncommon trap: trap_request=0xffffff45 fr.pc=0x0000021f2a479f4c relative=0x000000000000024c
Event: 35.138 Thread 0x0000021f408b9050 Uncommon trap: reason=unstable_if action=reinterpret pc=0x0000021f2a479f4c method=org.jetbrains.org.objectweb.asm.ClassReader.readUtf(II[C)Ljava/lang/String; @ 26 c2
Event: 35.138 Thread 0x0000021f408b9050 DEOPT PACKING pc=0x0000021f2a479f4c sp=0x00000042429fac10
Event: 35.138 Thread 0x0000021f408b9050 DEOPT UNPACKING pc=0x0000021f29f18582 sp=0x00000042429fab98 mode 2
Event: 35.140 Thread 0x0000021f408b9050 Uncommon trap: trap_request=0xffffff45 fr.pc=0x0000021f2a57de10 relative=0x0000000000000290
Event: 35.140 Thread 0x0000021f408b9050 Uncommon trap: reason=unstable_if action=reinterpret pc=0x0000021f2a57de10 method=java.lang.String.hashCode()I @ 20 c2
Event: 35.140 Thread 0x0000021f408b9050 DEOPT PACKING pc=0x0000021f2a57de10 sp=0x00000042429faf20
Event: 35.140 Thread 0x0000021f408b9050 DEOPT UNPACKING pc=0x0000021f29f18582 sp=0x00000042429faeb0 mode 2
Event: 35.140 Thread 0x0000021f408b9050 Uncommon trap: trap_request=0xffffff3d fr.pc=0x0000021f2a9a1d5c relative=0x000000000000045c
Event: 35.140 Thread 0x0000021f408b9050 Uncommon trap: reason=unstable_fused_if action=reinterpret pc=0x0000021f2a9a1d5c method=org.jetbrains.org.objectweb.asm.ByteVector.putUTF8(Ljava/lang/String;)Lorg/jetbrains/org/objectweb/asm/ByteVector; @ 93 c2
Event: 35.140 Thread 0x0000021f408b9050 DEOPT PACKING pc=0x0000021f2a9a1d5c sp=0x00000042429fae60
Event: 35.140 Thread 0x0000021f408b9050 DEOPT UNPACKING pc=0x0000021f29f18582 sp=0x00000042429fade0 mode 2
Event: 35.180 Thread 0x0000021f41eae560 DEOPT PACKING pc=0x0000021f23c54999 sp=0x0000004243ef9c80
Event: 35.180 Thread 0x0000021f41eae560 DEOPT UNPACKING pc=0x0000021f29e51702 sp=0x0000004243ef9148 mode 0

Classes loaded (20 events):
Event: 33.387 Loading class com/sun/org/apache/xerces/internal/dom/AttrNSImpl
Event: 33.388 Loading class com/sun/org/apache/xerces/internal/dom/AttrNSImpl done
Event: 33.690 Loading class java/util/SplittableRandom
Event: 33.691 Loading class java/util/random/RandomGenerator$SplittableGenerator
Event: 33.691 Loading class java/util/random/RandomGenerator$StreamableGenerator
Event: 33.692 Loading class java/util/random/RandomGenerator$StreamableGenerator done
Event: 33.692 Loading class java/util/random/RandomGenerator$SplittableGenerator done
Event: 33.694 Loading class java/util/SplittableRandom done
Event: 33.694 Loading class java/util/SplittableRandom$AbstractSplittableGeneratorProxy
Event: 33.694 Loading class jdk/internal/util/random/RandomSupport$AbstractSplittableGenerator
Event: 33.694 Loading class jdk/internal/util/random/RandomSupport$AbstractSpliteratorGenerator
Event: 33.695 Loading class jdk/internal/util/random/RandomSupport$AbstractSpliteratorGenerator done
Event: 33.695 Loading class jdk/internal/util/random/RandomSupport$AbstractSplittableGenerator done
Event: 33.695 Loading class java/util/SplittableRandom$AbstractSplittableGeneratorProxy done
Event: 34.462 Loading class java/util/concurrent/ConcurrentHashMap$TreeNode
Event: 34.462 Loading class java/util/concurrent/ConcurrentHashMap$TreeNode done
Event: 34.462 Loading class java/util/concurrent/ConcurrentHashMap$TreeBin
Event: 34.463 Loading class java/util/concurrent/ConcurrentHashMap$TreeBin done
Event: 34.804 Loading class java/lang/reflect/InaccessibleObjectException
Event: 34.804 Loading class java/lang/reflect/InaccessibleObjectException done

Classes unloaded (4 events):
Event: 34.551 Thread 0x0000021f3740fa40 Unloading class 0x000000000d3b0800 'java/lang/invoke/LambdaForm$DMH+0x000000000d3b0800'
Event: 34.551 Thread 0x0000021f3740fa40 Unloading class 0x000000000d3b0400 'java/lang/invoke/LambdaForm$DMH+0x000000000d3b0400'
Event: 34.551 Thread 0x0000021f3740fa40 Unloading class 0x000000000d388800 'java/lang/invoke/LambdaForm$DMH+0x000000000d388800'
Event: 34.551 Thread 0x0000021f3740fa40 Unloading class 0x000000000d388400 'java/lang/invoke/LambdaForm$DMH+0x000000000d388400'

Classes redefined (0 events):
No events

Internal exceptions (20 events):
Event: 35.217 Thread 0x0000021f3f00d2d0 Exception <a 'sun/nio/fs/WindowsException'{0x0000000097c523c8}> (0x0000000097c523c8) 
thrown [s\src\hotspot\share\prims\jni.cpp, line 535]
Event: 35.217 Thread 0x0000021f41eb04a0 Exception <a 'sun/nio/fs/WindowsException'{0x0000000097ddef70}> (0x0000000097ddef70) 
thrown [s\src\hotspot\share\prims\jni.cpp, line 535]
Event: 35.219 Thread 0x0000021f3f00d2d0 Exception <a 'sun/nio/fs/WindowsException'{0x0000000097cda380}> (0x0000000097cda380) 
thrown [s\src\hotspot\share\prims\jni.cpp, line 535]
Event: 35.221 Thread 0x0000021f41eb04a0 Exception <a 'sun/nio/fs/WindowsException'{0x0000000097c9fd70}> (0x0000000097c9fd70) 
thrown [s\src\hotspot\share\prims\jni.cpp, line 535]
Event: 35.222 Thread 0x0000021f408bced0 Exception <a 'sun/nio/fs/WindowsException'{0x0000000097b271e0}> (0x0000000097b271e0) 
thrown [s\src\hotspot\share\prims\jni.cpp, line 535]
Event: 35.224 Thread 0x0000021f41eb04a0 Exception <a 'sun/nio/fs/WindowsException'{0x0000000097b39460}> (0x0000000097b39460) 
thrown [s\src\hotspot\share\prims\jni.cpp, line 535]
Event: 35.224 Thread 0x0000021f3f00d2d0 Exception <a 'java/lang/IncompatibleClassChangeError'{0x0000000097b09200}: Found class java.lang.Object, but interface was expected> (0x0000000097b09200) 
thrown [s\src\hotspot\share\interpreter\linkResolver.cpp, line 882]
Event: 35.224 Thread 0x0000021f3f00bb60 Exception <a 'java/lang/IncompatibleClassChangeError'{0x0000000097cc5128}: Found class java.lang.Object, but interface was expected> (0x0000000097cc5128) 
thrown [s\src\hotspot\share\interpreter\linkResolver.cpp, line 882]
Event: 35.224 Thread 0x0000021f408bee10 Exception <a 'java/lang/IncompatibleClassChangeError'{0x0000000097ccd730}: Found class java.lang.Object, but interface was expected> (0x0000000097ccd730) 
thrown [s\src\hotspot\share\interpreter\linkResolver.cpp, line 882]
Event: 35.224 Thread 0x0000021f408bced0 Exception <a 'java/lang/IncompatibleClassChangeError'{0x0000000097b90688}: Found class java.lang.Object, but interface was expected> (0x0000000097b90688) 
thrown [s\src\hotspot\share\interpreter\linkResolver.cpp, line 882]
Event: 35.225 Thread 0x0000021f40052ae0 Exception <a 'java/lang/IncompatibleClassChangeError'{0x0000000097c807e0}: Found class java.lang.Object, but interface was expected> (0x0000000097c807e0) 
thrown [s\src\hotspot\share\interpreter\linkResolver.cpp, line 882]
Event: 35.226 Thread 0x0000021f3f00bb60 Exception <a 'sun/nio/fs/WindowsException'{0x0000000097baa130}> (0x0000000097baa130) 
thrown [s\src\hotspot\share\prims\jni.cpp, line 535]
Event: 35.228 Thread 0x0000021f41eb04a0 Exception <a 'sun/nio/fs/WindowsException'{0x0000000097bde080}> (0x0000000097bde080) 
thrown [s\src\hotspot\share\prims\jni.cpp, line 535]
Event: 35.228 Thread 0x0000021f3f00bb60 Exception <a 'sun/nio/fs/WindowsException'{0x0000000097bfbd00}> (0x0000000097bfbd00) 
thrown [s\src\hotspot\share\prims\jni.cpp, line 535]
Event: 35.232 Thread 0x0000021f3f00bb60 Exception <a 'sun/nio/fs/WindowsException'{0x0000000097a6b5e0}> (0x0000000097a6b5e0) 
thrown [s\src\hotspot\share\prims\jni.cpp, line 535]
Event: 35.233 Thread 0x0000021f41eb04a0 Exception <a 'sun/nio/fs/WindowsException'{0x0000000097be8398}> (0x0000000097be8398) 
thrown [s\src\hotspot\share\prims\jni.cpp, line 535]
Event: 35.235 Thread 0x0000021f3f00bb60 Exception <a 'sun/nio/fs/WindowsException'{0x0000000097936340}> (0x0000000097936340) 
thrown [s\src\hotspot\share\prims\jni.cpp, line 535]
Event: 35.240 Thread 0x0000021f41eb04a0 Exception <a 'sun/nio/fs/WindowsException'{0x00000000979cb6f0}> (0x00000000979cb6f0) 
thrown [s\src\hotspot\share\prims\jni.cpp, line 535]
Event: 35.240 Thread 0x0000021f408bee10 Exception <a 'sun/nio/fs/WindowsException'{0x00000000979bfd60}> (0x00000000979bfd60) 
thrown [s\src\hotspot\share\prims\jni.cpp, line 535]
Event: 35.240 Thread 0x0000021f3f00bb60 Exception <a 'sun/nio/fs/WindowsException'{0x00000000979f53b8}> (0x00000000979f53b8) 
thrown [s\src\hotspot\share\prims\jni.cpp, line 535]

VM Operations (20 events):
Event: 33.671 Executing safepoint VM operation: G1PauseCleanup
Event: 33.672 Executing safepoint VM operation: G1PauseCleanup done
Event: 33.914 Executing safepoint VM operation: G1CollectForAllocation (G1 Evacuation Pause)
Event: 33.937 Executing safepoint VM operation: G1CollectForAllocation (G1 Evacuation Pause) done
Event: 34.144 Executing safepoint VM operation: G1CollectForAllocation (G1 Evacuation Pause)
Event: 34.181 Executing safepoint VM operation: G1CollectForAllocation (G1 Evacuation Pause) done
Event: 34.264 Executing safepoint VM operation: G1TryInitiateConcMark (G1 Humongous Allocation)
Event: 34.289 Executing safepoint VM operation: G1TryInitiateConcMark (G1 Humongous Allocation) done
Event: 34.422 Executing safepoint VM operation: G1CollectForAllocation (G1 Evacuation Pause)
Event: 34.448 Executing safepoint VM operation: G1CollectForAllocation (G1 Evacuation Pause) done
Event: 34.546 Executing non-safepoint VM operation: HandshakeAllThreads (Deoptimize)
Event: 34.548 Executing non-safepoint VM operation: HandshakeAllThreads (Deoptimize) done
Event: 34.550 Executing safepoint VM operation: G1PauseRemark
Event: 34.572 Executing safepoint VM operation: G1PauseRemark done
Event: 34.659 Executing non-safepoint VM operation: HandshakeAllThreads (Deoptimize)
Event: 34.697 Executing non-safepoint VM operation: HandshakeAllThreads (Deoptimize) done
Event: 34.697 Executing safepoint VM operation: G1PauseCleanup
Event: 34.698 Executing safepoint VM operation: G1PauseCleanup done
Event: 34.909 Executing non-safepoint VM operation: HandshakeAllThreads (Deoptimize)
Event: 34.909 Executing non-safepoint VM operation: HandshakeAllThreads (Deoptimize) done

Memory protections (0 events):
No events

Nmethod flushes (20 events):
Event: 34.570 Thread 0x0000021f3740fa40 flushing  nmethod 0x0000021f23a50088
Event: 34.570 Thread 0x0000021f3740fa40 flushing  nmethod 0x0000021f23a50388
Event: 34.570 Thread 0x0000021f3740fa40 flushing  nmethod 0x0000021f23a52488
Event: 34.570 Thread 0x0000021f3740fa40 flushing  nmethod 0x0000021f2a6f2008
Event: 34.570 Thread 0x0000021f3740fa40 flushing  nmethod 0x0000021f2a981308
Event: 34.570 Thread 0x0000021f3740fa40 flushing  nmethod 0x0000021f22d33688
Event: 34.570 Thread 0x0000021f3740fa40 flushing  nmethod 0x0000021f22e8d088
Event: 34.570 Thread 0x0000021f3740fa40 flushing  nmethod 0x0000021f22f12e88
Event: 34.570 Thread 0x0000021f3740fa40 flushing  nmethod 0x0000021f22f42888
Event: 34.570 Thread 0x0000021f3740fa40 flushing  nmethod 0x0000021f230dc088
Event: 34.570 Thread 0x0000021f3740fa40 flushing  nmethod 0x0000021f23334a08
Event: 34.570 Thread 0x0000021f3740fa40 flushing  nmethod 0x0000021f2335f588
Event: 34.570 Thread 0x0000021f3740fa40 flushing  nmethod 0x0000021f23362788
Event: 34.570 Thread 0x0000021f3740fa40 flushing  nmethod 0x0000021f23432a08
Event: 34.570 Thread 0x0000021f3740fa40 flushing  nmethod 0x0000021f238dec08
Event: 34.570 Thread 0x0000021f3740fa40 flushing  nmethod 0x0000021f23a3ba08
Event: 34.570 Thread 0x0000021f3740fa40 flushing  nmethod 0x0000021f23a3c888
Event: 34.570 Thread 0x0000021f3740fa40 flushing  nmethod 0x0000021f23a3d008
Event: 34.570 Thread 0x0000021f3740fa40 flushing  nmethod 0x0000021f23a3d308
Event: 34.570 Thread 0x0000021f3740fa40 flushing  nmethod 0x0000021f23a3fe08

Events (20 events):
Event: 30.355 Thread 0x0000021f41eadd90 Thread added: 0x0000021f40052ae0
Event: 30.355 Thread 0x0000021f41eadd90 Thread added: 0x0000021f400532b0
Event: 30.355 Thread 0x0000021f41eadd90 Thread added: 0x0000021f4004fc00
Event: 30.355 Thread 0x0000021f41eadd90 Thread added: 0x0000021f40054250
Event: 30.356 Thread 0x0000021f41eadd90 Thread added: 0x0000021f40050ba0
Event: 30.410 Thread 0x0000021f41eae560 Thread added: 0x0000021f400559c0
Event: 31.983 Thread 0x0000021f40050ba0 Thread added: 0x0000021f40056960
Event: 32.990 Thread 0x0000021f41eb04a0 Thread added: 0x0000021f4005a7e0
Event: 32.991 Thread 0x0000021f41eb04a0 Thread added: 0x0000021f4005e660
Event: 32.992 Thread 0x0000021f4005a7e0 Thread added: 0x0000021f4005de90
Event: 32.996 Thread 0x0000021f4005e660 Thread added: 0x0000021f4005b780
Event: 32.998 Thread 0x0000021f4005de90 Thread added: 0x0000021f4005ee30
Event: 33.000 Thread 0x0000021f4005b780 Thread added: 0x0000021f404e86d0
Event: 33.001 Thread 0x0000021f404e86d0 Thread added: 0x0000021f3e345b20
Event: 33.002 Thread 0x0000021f3e345b20 Thread added: 0x0000021f47375b40
Event: 33.003 Thread 0x0000021f47375b40 Thread added: 0x0000021f47377a80
Event: 33.003 Thread 0x0000021f4005ee30 Thread added: 0x0000021f47378a20
Event: 33.004 Thread 0x0000021f47377a80 Thread added: 0x0000021f47378250
Event: 33.008 Thread 0x0000021f47378250 Thread added: 0x0000021f473799c0
Event: 33.677 Thread 0x0000021f4004fc00 Thread added: 0x0000021f4737d840


Dynamic libraries:
0x00007ff6b0bc0000 - 0x00007ff6b0bca000 	C:\Program Files\Android\Android Studio\jbr\bin\java.exe
0x00007ffcd8da0000 - 0x00007ffcd9006000 	C:\windows\SYSTEM32\ntdll.dll
0x00007ffcd6e60000 - 0x00007ffcd6f29000 	C:\windows\System32\KERNEL32.DLL
0x00007ffcd6290000 - 0x00007ffcd668f000 	C:\windows\System32\KERNELBASE.dll
0x00007ffcd6940000 - 0x00007ffcd6a8c000 	C:\windows\System32\ucrtbase.dll
0x00007ffcc4680000 - 0x00007ffcc469b000 	C:\Program Files\Android\Android Studio\jbr\bin\VCRUNTIME140.dll
0x00007ffcb8e20000 - 0x00007ffcb8e36000 	C:\Program Files\Android\Android Studio\jbr\bin\jli.dll
0x00007ffcd6c80000 - 0x00007ffcd6e46000 	C:\windows\System32\USER32.dll
0x00007ffcd6aa0000 - 0x00007ffcd6ac7000 	C:\windows\System32\win32u.dll
0x00007ffcd8120000 - 0x00007ffcd814b000 	C:\windows\System32\GDI32.dll
0x00007ffcd6810000 - 0x00007ffcd6939000 	C:\windows\System32\gdi32full.dll
0x00007ffcb11f0000 - 0x00007ffcb1481000 	C:\windows\WinSxS\amd64_microsoft.windows.common-controls_6595b64144ccf1df_6.0.26100.8972_none_3e0da176e32f9d4b\COMCTL32.dll
0x00007ffcd7b70000 - 0x00007ffcd7c19000 	C:\windows\System32\msvcrt.dll
0x00007ffcd66a0000 - 0x00007ffcd6743000 	C:\windows\System32\msvcp_win.dll
0x00007ffcd8150000 - 0x00007ffcd8182000 	C:\windows\System32\IMM32.DLL
0x00007ffccf040000 - 0x00007ffccf04c000 	C:\Program Files\Android\Android Studio\jbr\bin\vcruntime140_1.dll
0x00007ffcb2730000 - 0x00007ffcb27bd000 	C:\Program Files\Android\Android Studio\jbr\bin\msvcp140.dll
0x00007ffc1e7f0000 - 0x00007ffc1f6ca000 	C:\Program Files\Android\Android Studio\jbr\bin\server\jvm.dll
0x00007ffcd8c00000 - 0x00007ffcd8cbc000 	C:\windows\System32\ADVAPI32.dll
0x00007ffcd8870000 - 0x00007ffcd891a000 	C:\windows\System32\sechost.dll
0x00007ffcd8a90000 - 0x00007ffcd8ba8000 	C:\windows\System32\RPCRT4.dll
0x00007ffcd8cd0000 - 0x00007ffcd8d52000 	C:\windows\System32\WS2_32.dll
0x00007ffcd5e30000 - 0x00007ffcd5e8e000 	C:\windows\SYSTEM32\POWRPROF.dll
0x00007ffcce620000 - 0x00007ffcce656000 	C:\windows\SYSTEM32\WINMM.dll
0x00007ffccdcc0000 - 0x00007ffccdccb000 	C:\windows\SYSTEM32\VERSION.dll
0x00007ffcd5e10000 - 0x00007ffcd5e25000 	C:\windows\SYSTEM32\UMPDC.dll
0x00007ffcd4c60000 - 0x00007ffcd4c7b000 	C:\windows\SYSTEM32\kernel.appcore.dll
0x00007ffcce6f0000 - 0x00007ffcce6fa000 	C:\Program Files\Android\Android Studio\jbr\bin\jimage.dll
0x00007ffcd3690000 - 0x00007ffcd38d2000 	C:\windows\SYSTEM32\DBGHELP.DLL
0x00007ffcd7d20000 - 0x00007ffcd80a5000 	C:\windows\System32\combase.dll
0x00007ffcd8650000 - 0x00007ffcd8729000 	C:\windows\System32\OLEAUT32.dll
0x00007ffcb2460000 - 0x00007ffcb249b000 	C:\windows\SYSTEM32\dbgcore.DLL
0x00007ffcd5fb0000 - 0x00007ffcd605c000 	C:\windows\System32\bcryptPrimitives.dll
0x00007ffcbd730000 - 0x00007ffcbd73e000 	C:\Program Files\Android\Android Studio\jbr\bin\instrument.dll
0x00007ffcc4630000 - 0x00007ffcc464f000 	C:\Program Files\Android\Android Studio\jbr\bin\java.dll
0x00007ffcd79d0000 - 0x00007ffcd7b69000 	C:\windows\System32\ole32.dll
0x00007ffcd7240000 - 0x00007ffcd79c8000 	C:\windows\System32\SHELL32.dll
0x00007ffcbe7e0000 - 0x00007ffcbe7f7000 	C:\Program Files\Android\Android Studio\jbr\bin\zip.dll
0x00007ffcd38e0000 - 0x00007ffcd417b000 	C:\windows\SYSTEM32\windows.storage.dll
0x00007ffcd7c20000 - 0x00007ffcd7d19000 	C:\windows\System32\SHCORE.dll
0x00007ffcd80b0000 - 0x00007ffcd8116000 	C:\windows\System32\shlwapi.dll
0x00007ffcd5ed0000 - 0x00007ffcd5ef9000 	C:\windows\SYSTEM32\profapi.dll
0x00007ffcce670000 - 0x00007ffcce680000 	C:\Program Files\Android\Android Studio\jbr\bin\net.dll
0x00007ffcd51f0000 - 0x00007ffcd525c000 	C:\windows\system32\mswsock.dll
0x00007ffcbe630000 - 0x00007ffcbe646000 	C:\Program Files\Android\Android Studio\jbr\bin\nio.dll
0x00007ffcbe620000 - 0x00007ffcbe630000 	C:\Program Files\Android\Android Studio\jbr\bin\verify.dll
0x00007ffcbd5c0000 - 0x00007ffcbd5e7000 	C:\Users\Aluno\.gradle\native\660c5614fbf4a5f2a75b1949f50a0caf5cd603558e7d8a26e50b933a0cfb79d1\windows-amd64\native-platform.dll
0x00007ffc978f0000 - 0x00007ffc97967000 	C:\Users\Aluno\.gradle\native\0.2.8\x86_64-windows-gnu\gradle-fileevents.dll
0x00007ffcc4dc0000 - 0x00007ffcc4dc9000 	C:\Program Files\Android\Android Studio\jbr\bin\management.dll
0x00007ffcc4620000 - 0x00007ffcc462b000 	C:\Program Files\Android\Android Studio\jbr\bin\management_ext.dll
0x00007ffcd6e50000 - 0x00007ffcd6e58000 	C:\windows\System32\PSAPI.DLL
0x00007ffcd4660000 - 0x00007ffcd4693000 	C:\windows\SYSTEM32\IPHLPAPI.DLL
0x00007ffcd6b30000 - 0x00007ffcd6b3a000 	C:\windows\System32\NSI.dll
0x00007ffcc5fb0000 - 0x00007ffcc5fb9000 	C:\Program Files\Android\Android Studio\jbr\bin\extnet.dll
0x00007ffcd5610000 - 0x00007ffcd562b000 	C:\windows\SYSTEM32\CRYPTSP.dll
0x00007ffcd4bc0000 - 0x00007ffcd4bf9000 	C:\windows\system32\rsaenh.dll
0x00007ffcd52a0000 - 0x00007ffcd52d2000 	C:\windows\SYSTEM32\USERENV.dll
0x00007ffcd5ea0000 - 0x00007ffcd5eca000 	C:\windows\SYSTEM32\bcrypt.dll
0x00007ffcd55e0000 - 0x00007ffcd55ec000 	C:\windows\SYSTEM32\CRYPTBASE.dll
0x00007ffca4b50000 - 0x00007ffca4b58000 	C:\windows\system32\wshunix.dll

JVMTI agents:
C:\Users\Aluno\.gradle\wrapper\dists\gradle-9.5.0-bin\bvnork1r7n8i6kp5cnkibsc9q\gradle-9.5.0\lib\agents\gradle-instrumentation-agent-9.5.0.jar path:C:\Program Files\Android\Android Studio\jbr\bin\instrument.dll, loaded, initialized, instrumentlib options:none

dbghelp: loaded successfully - version: 4.0.5 - missing functions: none
symbol engine: initialized successfully - sym options: 0x614 - pdb path: .;C:\Program Files\Android\Android Studio\jbr\bin;C:\windows\SYSTEM32;C:\windows\WinSxS\amd64_microsoft.windows.common-controls_6595b64144ccf1df_6.0.26100.8972_none_3e0da176e32f9d4b;C:\Program Files\Android\Android Studio\jbr\bin\server;C:\Users\Aluno\.gradle\native\660c5614fbf4a5f2a75b1949f50a0caf5cd603558e7d8a26e50b933a0cfb79d1\windows-amd64;C:\Users\Aluno\.gradle\native\0.2.8\x86_64-windows-gnu

VM Arguments:
jvm_args: --add-opens=java.base/java.lang=ALL-UNNAMED --add-opens=java.base/java.lang.invoke=ALL-UNNAMED --add-opens=java.base/java.util=ALL-UNNAMED --add-opens=java.prefs/java.util.prefs=ALL-UNNAMED --add-exports=jdk.compiler/com.sun.tools.javac.api=ALL-UNNAMED --add-exports=jdk.compiler/com.sun.tools.javac.util=ALL-UNNAMED --add-opens=java.base/java.nio.charset=ALL-UNNAMED --add-opens=java.base/java.net=ALL-UNNAMED --add-opens=java.base/java.util.concurrent=ALL-UNNAMED --add-opens=java.base/java.util.concurrent.atomic=ALL-UNNAMED --add-opens=java.xml/javax.xml.namespace=ALL-UNNAMED --add-opens=java.base/java.time=ALL-UNNAMED --enable-native-access=ALL-UNNAMED -Xmx2048m -Dfile.encoding=UTF-8 -Duser.country=BR -Duser.language=pt -Duser.variant -javaagent:C:\Users\Aluno\.gradle\wrapper\dists\gradle-9.5.0-bin\bvnork1r7n8i6kp5cnkibsc9q\gradle-9.5.0\lib\agents\gradle-instrumentation-agent-9.5.0.jar 
java_command: org.gradle.launcher.daemon.bootstrap.GradleDaemon 9.5.0
java_class_path (initial): C:\Users\Aluno\.gradle\wrapper\dists\gradle-9.5.0-bin\bvnork1r7n8i6kp5cnkibsc9q\gradle-9.5.0\lib\gradle-daemon-main-9.5.0.jar
Launcher Type: SUN_STANDARD

[Global flags]
     intx CICompilerCount                          = 4                                         {product} {ergonomic}
     uint ConcGCThreads                            = 3                                         {product} {ergonomic}
     uint G1ConcRefinementThreads                  = 10                                        {product} {ergonomic}
   size_t G1HeapRegionSize                         = 1048576                                   {product} {ergonomic}
   size_t InitialHeapSize                          = 264241152                                 {product} {ergonomic}
   size_t MarkStackSize                            = 4194304                                   {product} {ergonomic}
   size_t MarkStackSizeMax                         = 536870912                                 {product} {ergonomic}
   size_t MaxHeapSize                              = 2147483648                                {product} {command line}
   size_t MaxNewSize                               = 1287651328                                {product} {ergonomic}
   size_t MinHeapDeltaBytes                        = 1048576                                   {product} {ergonomic}
   size_t MinHeapSize                              = 8388608                                   {product} {ergonomic}
    uintx NonNMethodCodeHeapSize                   = 5832704                                {pd product} {ergonomic}
    uintx NonProfiledCodeHeapSize                  = 122945536                              {pd product} {ergonomic}
     bool PerfDisableSharedMem                     = true                                      {product} {ergonomic}
    uintx ProfiledCodeHeapSize                     = 122880000                              {pd product} {ergonomic}
    uintx ReservedCodeCacheSize                    = 251658240                              {pd product} {ergonomic}
     bool SegmentedCodeCache                       = true                                      {product} {ergonomic}
   size_t SoftMaxHeapSize                          = 2147483648                             {manageable} {ergonomic}
     bool UseCompressedOops                        = true                           {product lp64_product} {ergonomic}
     bool UseG1GC                                  = true                                      {product} {ergonomic}
     bool UseLargePagesIndividualAllocation        = false                                  {pd product} {ergonomic}

Logging:
Log output configuration:
 #0: stdout all=warning uptime,level,tags foldmultilines=false
 #1: stderr all=off uptime,level,tags foldmultilines=false

Release file:
JAVA_VERSION="25.0.2" 
MODULES="java.base java.compiler java.datatransfer java.xml java.prefs java.desktop java.instrument java.logging java.management java.security.sasl java.naming java.rmi java.management.rmi java.net.http java.scripting java.security.jgss java.transaction.xa java.sql java.sql.rowset java.xml.crypto java.se java.smartcardio jdk.accessibility jdk.internal.jvmstat jdk.attach jdk.charsets jdk.internal.opt jdk.zipfs jdk.compiler jdk.crypto.cryptoki jdk.crypto.ec jdk.dynalink jdk.hotspot.agent jdk.httpserver jdk.internal.ed jdk.internal.le jdk.internal.md jdk.internal.vm.ci jdk.jartool jdk.javadoc jdk.jcmd jdk.jdeps jdk.jdwp.agent jdk.jdi jdk.jfr jdk.jlink jdk.localedata jdk.management jdk.management.agent jdk.management.jfr jdk.naming.dns jdk.naming.rmi jdk.net jdk.sctp jdk.security.auth jdk.security.jgss jdk.unsupported jdk.unsupported.desktop jdk.xml.dom" 
IMPLEMENTOR="JetBrains s.r.o." 
JAVA_RUNTIME_VERSION="25.0.2+-15348964-b329.117" 
LIBC="default" 
OS_ARCH="x86_64" 
OS_NAME="Windows" 
SOURCE=".:git:3cf398e84a39" 

Environment Variables:
PATH=C:\Program Files\Microsoft SDKs\Azure\CLI2\wbin;C:\Program Files (x86)\Common Files\Oracle\Java\java8path;C:\Program Files (x86)\Common Files\Oracle\Java\javapath;C:\windows\system32;C:\windows;C:\windows\System32\Wbem;C:\windows\System32\WindowsPowerShell\v1.0\;C:\windows\System32\OpenSSH\;C:\Program Files\Microsoft SQL Server\150\Tools\Binn\;C:\Program Files\Microsoft SQL Server\Client SDK\ODBC\170\Tools\Binn\;C:\Program Files\dotnet\;C:\Program Files (x86)\Microsoft SQL Server\160\Tools\Binn\;C:\Program Files\Microsoft SQL Server\160\Tools\Binn\;C:\Program Files\Microsoft SQL Server\160\DTS\Binn\;C:\Program Files\Git\cmd;C:\Program Files\Docker\Docker\resources\bin;C:\Program Files\nodejs\;C:\Users\Aluno\AppData\Local\Programs\Python\Python314\Scripts\;C:\Users\Aluno\AppData\Local\Programs\Python\Python314\;C:\Users\Aluno\AppData\Local\Microsoft\WindowsApps;C:\Users\Aluno\AppData\Local\Programs\Microsoft VS Code\bin;C:\Users\Aluno\.dotnet\tools;C:\Users\Aluno\AppData\Roaming\npm
USERNAME=Aluno
OS=Windows_NT
PROCESSOR_IDENTIFIER=Intel64 Family 6 Model 186 Stepping 3, GenuineIntel
TMP=C:\Users\Aluno\AppData\Local\Temp
TEMP=C:\Users\Aluno\AppData\Local\Temp




Compilation memory statistics disabled.

Periodic native trim disabled

JNI global refs:
JNI global refs: 25, weak refs: 113

JNI global refs memory usage: 835, weak refs: 1465

Process memory usage:
Resident Set Size: 844108K (5% of 16400672K total physical memory with 82080K free physical memory)

OOME stack traces (most recent first):
Classloader memory used:
Loader org.gradle.internal.classloader.VisitableURLClassLoader                         : 46356 K
Loader org.gradle.internal.classloader.VisitableURLClassLoader$InstrumentingVisitableURLClassLoader: 38043 K
Loader bootstrap                                                                       : 30745 K
Loader org.gradle.initialization.MixInLegacyTypesClassLoader                           : 15845 K
Loader java.net.URLClassLoader                                                         : 2847 K
Loader jdk.internal.loader.ClassLoaders$AppClassLoader                                 : 187 K
Loader jdk.internal.loader.ClassLoaders$PlatformClassLoader                            : 166 K
Loader org.gradle.internal.classloader.VisitableURLClassLoader                         : 162 K
Loader org.gradle.groovy.scripts.internal.DefaultScriptCompilationHandler$ScriptClassLoader: 126 K

Classes loaded by more than one classloader:
Class Program                                                                         : loaded 5 times (x 74B)
Class Build_gradle                                                                    : loaded 3 times (x 128B)
Class com.google.common.base.PairwiseEquivalence                                      : loaded 2 times (x 85B)
Class com.google.common.base.Equivalence$Identity                                     : loaded 2 times (x 84B)
Class com.google.common.collect.RegularImmutableMap$KeySet                            : loaded 2 times (x 154B)
Class org.gradle.internal.classloader.FilteringClassLoader                            : loaded 2 times (x 106B)
Class kotlin.io.FilesKt__FileTreeWalkKt                                               : loaded 2 times (x 73B)
Class kotlin.sequences.FilteringSequence$iterator$1                                   : loaded 2 times (x 81B)
Class kotlin.sequences.SequencesKt__SequenceBuilderKt                                 : loaded 2 times (x 73B)
Class kotlin.collections.CollectionsKt__ReversedViewsKt                               : loaded 2 times (x 73B)
Class [Lcom.google.common.base.AbstractIterator$State;                                : loaded 2 times (x 71B)
Class com.google.common.base.CharMatcher$IsEither                                     : loaded 2 times (x 113B)
Class org.gradle.internal.classloader.ClassLoaderHierarchy                            : loaded 2 times (x 72B)
Class com.google.common.collect.AbstractMapBasedMultimap$WrappedCollection            : loaded 2 times (x 126B)
Class com.google.common.collect.ImmutableEnumSet                                      : loaded 2 times (x 148B)
Class com.google.common.collect.ImmutableList$1                                       : loaded 2 times (x 99B)
Class com.google.common.util.concurrent.ExecutionError                                : loaded 2 times (x 84B)
Class com.google.common.io.ByteArrayDataOutput                                        : loaded 2 times (x 72B)
Class com.google.common.collect.RegularImmutableMap                                   : loaded 2 times (x 122B)
Class com.google.common.collect.ImmutableMap$MapViewOfValuesAsSingletonSets           : loaded 2 times (x 128B)
Class [Lorg.objectweb.asm.Symbol;                                                     : loaded 2 times (x 71B)
Class org.objectweb.asm.ClassVisitor                                                  : loaded 2 times (x 90B)
Class com.google.common.collect.UnmodifiableListIterator                              : loaded 2 times (x 97B)
Class com.google.common.base.Platform$JdkPatternCompiler                              : loaded 2 times (x 77B)
Class org.objectweb.asm.MethodTooLargeException                                       : loaded 2 times (x 84B)
Class [Lcom.google.common.cache.CacheBuilder$OneWeigher;                              : loaded 2 times (x 71B)
Class com.google.common.base.Suppliers                                                : loaded 2 times (x 73B)
Class org.gradle.internal.classloader.DefaultClassLoaderFactory                       : loaded 2 times (x 84B)
Class kotlin.sequences.SequencesKt___SequencesKt                                      : loaded 2 times (x 73B)
Class kotlin.collections.AbstractList$Companion                                       : loaded 2 times (x 73B)
Class com.google.common.base.CharMatcher$None                                         : loaded 2 times (x 114B)
Class [Lcom.google.common.collect.ImmutableMapEntry;                                  : loaded 2 times (x 71B)
Class kotlin.text.StringsKt__AppendableKt                                             : loaded 2 times (x 73B)
Class com.google.common.collect.ListMultimap                                          : loaded 2 times (x 72B)
Class com.google.common.collect.ImmutableEnumMap                                      : loaded 2 times (x 128B)
Class com.google.common.base.Splitter                                                 : loaded 2 times (x 74B)
Class com.google.common.collect.Sets$1                                                : loaded 2 times (x 143B)
Class org.objectweb.asm.AnnotationVisitor                                             : loaded 2 times (x 80B)
Class org.gradle.api.internal.DefaultClassPathProvider                                : loaded 2 times (x 78B)
Class kotlin.sequences.Sequence                                                       : loaded 2 times (x 72B)
Class kotlin.text.StringsKt__StringNumberConversionsJVMKt                             : loaded 2 times (x 73B)
Class com.google.common.collect.Maps$ViewCachingAbstractMap                           : loaded 2 times (x 127B)
Class com.google.common.collect.Sets$2                                                : loaded 2 times (x 143B)
Class [Lorg.gradle.api.internal.ClassPathProvider;                                    : loaded 2 times (x 71B)
Class org.gradle.api.internal.ClassPathProvider                                       : loaded 2 times (x 72B)
Class com.google.common.base.AbstractIterator$State                                   : loaded 2 times (x 81B)
Class [Lorg.objectweb.asm.AnnotationVisitor;                                          : loaded 2 times (x 71B)
Class com.google.common.collect.Sets$3                                                : loaded 2 times (x 143B)
Class com.google.common.cache.LocalCache$LocalLoadingCache                            : loaded 2 times (x 136B)
Class org.gradle.internal.service.UnknownServiceException                             : loaded 2 times (x 85B)
Class com.google.common.io.ByteArrayDataInput                                         : loaded 2 times (x 72B)
Class com.google.common.collect.Sets$4                                                : loaded 2 times (x 143B)
Class org.objectweb.asm.ModuleVisitor                                                 : loaded 2 times (x 83B)
Class com.google.common.cache.LocalCache$Strength$1                                   : loaded 2 times (x 83B)
Class com.google.common.util.concurrent.SettableFuture                                : loaded 2 times (x 116B)
Class com.google.common.cache.LocalCache$Strength$2                                   : loaded 2 times (x 83B)
Class kotlin.collections.ArraysKt___ArraysJvmKt                                       : loaded 2 times (x 73B)
Class kotlin.collections.CollectionsKt__CollectionsKt                                 : loaded 2 times (x 73B)
Class kotlin.text.StringsKt__RegexExtensionsJVMKt                                     : loaded 2 times (x 73B)
Class com.google.common.collect.TransformedIterator                                   : loaded 2 times (x 82B)
Class com.google.common.io.ByteStreams                                                : loaded 2 times (x 73B)
Class com.google.common.base.Splitter$1                                               : loaded 2 times (x 79B)
Class com.google.common.cache.LocalCache$Strength$3                                   : loaded 2 times (x 83B)
Class com.google.common.collect.MapDifference                                         : loaded 2 times (x 72B)
Class kotlin._Assertions                                                              : loaded 2 times (x 73B)
Class org.objectweb.asm.FieldWriter                                                   : loaded 2 times (x 79B)
Class com.google.common.cache.CacheBuilder$NullListener                               : loaded 2 times (x 84B)
Class org.gradle.internal.classpath.TransformedClassPath                              : loaded 2 times (x 98B)
Class org.gradle.internal.classloader.InstrumentingClassLoader                        : loaded 2 times (x 72B)
Class kotlin.enums.EnumEntriesList                                                    : loaded 2 times (x 225B)
Class com.google.common.collect.Iterators$ArrayItr                                    : loaded 2 times (x 99B)
Class com.google.common.cache.CacheLoader$FunctionToCacheLoader                       : loaded 2 times (x 77B)
Class com.google.common.collect.ImmutableCollection$Builder                           : loaded 2 times (x 78B)
Class kotlin.comparisons.ComparisonsKt___ComparisonsJvmKt                             : loaded 2 times (x 73B)
Class kotlin.text.StringsKt__StringsKt                                                : loaded 2 times (x 73B)
Class com.google.common.base.Joiner                                                   : loaded 2 times (x 82B)
Class com.google.common.base.MoreObjects                                              : loaded 2 times (x 73B)
Class [Lorg.jetbrains.kotlin.com.intellij.openapi.diagnostic.LogLevel;                : loaded 2 times (x 71B)
Class org.jetbrains.kotlin.build.report.metrics.GradleBuildTime                       : loaded 2 times (x 88B)
Class com.google.common.collect.Platform                                              : loaded 2 times (x 73B)
Class [Lorg.objectweb.asm.Type;                                                       : loaded 2 times (x 71B)
Class com.google.common.collect.UnmodifiableIterator                                  : loaded 2 times (x 82B)
Class org.gradle.internal.service.ServiceLocator                                      : loaded 2 times (x 72B)
Class kotlin.Pair                                                                     : loaded 2 times (x 74B)
Class [Lkotlin.Function;                                                              : loaded 2 times (x 71B)
Class ijKotlinCoroutineJvmDebugInit1_262pooy281xcr6kpmp34hbceh$_run_closure1          : loaded 2 times (x 140B)
Class com.google.common.base.Ascii                                                    : loaded 2 times (x 73B)
Class com.google.common.collect.SingletonImmutableBiMap                               : loaded 2 times (x 145B)
Class com.google.common.collect.Iterators$SingletonIterator                           : loaded 2 times (x 83B)
Class com.google.common.cache.LocalCache$1                                            : loaded 2 times (x 91B)
Class com.google.common.collect.AbstractMapEntry                                      : loaded 2 times (x 83B)
Class kotlin.io.CloseableKt                                                           : loaded 2 times (x 73B)
Class kotlin.collections.CollectionsKt__MutableCollectionsKt                          : loaded 2 times (x 73B)
Class com.google.common.collect.Sets$ImprovedAbstractSet                              : loaded 2 times (x 137B)
Class com.google.common.collect.ImmutableList$Builder                                 : loaded 2 times (x 79B)
Class com.google.common.collect.AbstractMultimap                                      : loaded 2 times (x 125B)
Class com.google.common.cache.LocalCache$2                                            : loaded 2 times (x 144B)
Class kotlin.io.TerminateException                                                    : loaded 2 times (x 84B)
Class kotlin.io.FilesKt__FilePathComponentsKt                                         : loaded 2 times (x 73B)
Class com.google.common.collect.RegularImmutableAsList                                : loaded 2 times (x 219B)
Class com.google.common.util.concurrent.AbstractFuture$Trusted                        : loaded 2 times (x 72B)
Class com.google.common.collect.Iterators                                             : loaded 2 times (x 73B)
Class [Lorg.jetbrains.kotlin.build.report.metrics.BuildTime;                          : loaded 2 times (x 71B)
Class org.gradle.kotlin.dsl.VersionCatalogAccessorsKt                                 : loaded 2 times (x 73B)
Class com.google.common.collect.Lists$StringAsImmutableList                           : loaded 2 times (x 209B)
Class com.google.common.util.concurrent.UncheckedExecutionException                   : loaded 2 times (x 84B)
Class kotlin.collections.EmptyList                                                    : loaded 2 times (x 176B)
Class kotlin.collections.MapsKt__MapsJVMKt                                            : loaded 2 times (x 73B)
Class com.google.common.collect.AbstractMapBasedMultimap$KeySet$1                     : loaded 2 times (x 84B)
Class org.objectweb.asm.ClassWriter                                                   : loaded 2 times (x 107B)
Class com.google.common.cache.CacheLoader$UnsupportedLoadingOperationException        : loaded 2 times (x 84B)
Class com.google.common.base.CharMatcher$And                                          : loaded 2 times (x 114B)
Class org.objectweb.asm.FieldVisitor                                                  : loaded 2 times (x 79B)
Class com.google.common.collect.IndexedImmutableSet                                   : loaded 2 times (x 154B)
Class com.google.common.collect.ImmutableMap$1                                        : loaded 2 times (x 83B)
Class com.google.common.collect.BiMap                                                 : loaded 2 times (x 72B)
Class org.gradle.api.internal.classpath.DefaultModuleRegistry$DefaultModule           : loaded 2 times (x 84B)
Class com.google.common.primitives.Ints                                               : loaded 2 times (x 73B)
Class com.google.common.collect.AbstractIterator                                      : loaded 2 times (x 84B)
Class kotlin.collections.ArraysKt__ArraysKt                                           : loaded 2 times (x 73B)
Class com.google.common.collect.ObjectArrays                                          : loaded 2 times (x 73B)
Class com.google.common.math.MathPreconditions                                        : loaded 2 times (x 73B)
Class com.google.common.collect.Multiset                                              : loaded 2 times (x 72B)
Class com.google.common.collect.ArrayListMultimapGwtSerializationDependencies         : loaded 2 times (x 173B)
Class com.google.common.collect.AbstractIndexedListIterator                           : loaded 2 times (x 98B)
Class kotlin.collections.SetsKt__SetsJVMKt                                            : loaded 2 times (x 73B)
Class kotlin.Function                                                                 : loaded 2 times (x 72B)
Class com.google.common.collect.ImmutableMapEntrySet                                  : loaded 2 times (x 154B)
Class org.gradle.api.internal.classpath.Module                                        : loaded 2 times (x 72B)
Class kotlin.io.FileAlreadyExistsException                                            : loaded 2 times (x 84B)
Class com.google.common.cache.Weigher                                                 : loaded 2 times (x 72B)
Class org.gradle.api.internal.classpath.UnknownModuleException                        : loaded 2 times (x 84B)
Class com.google.common.base.Stopwatch                                                : loaded 2 times (x 74B)
Class com.google.common.cache.LocalCache$Strength                                     : loaded 2 times (x 83B)
Class com.google.common.cache.Cache                                                   : loaded 2 times (x 72B)
Class org.jetbrains.kotlin.build.report.metrics.BuildMetricsReporter                  : loaded 2 times (x 72B)
Class com.google.common.base.NullnessCasts                                            : loaded 2 times (x 73B)
Class com.google.common.util.concurrent.AbstractFuture$Cancellation                   : loaded 2 times (x 74B)
Class com.google.common.collect.ImmutableMap$Builder                                  : loaded 2 times (x 84B)
Class com.google.common.cache.RemovalListener                                         : loaded 2 times (x 72B)
Class org.gradle.api.internal.DefaultClassPathRegistry                                : loaded 2 times (x 78B)
Class com.google.common.primitives.IntsMethodsForWeb                                  : loaded 2 times (x 73B)
Class com.google.common.collect.Multimap                                              : loaded 2 times (x 72B)
Class org.gradle.internal.classpath.DefaultClassPath$ImmutableUniqueList              : loaded 2 times (x 201B)
Class org.gradle.api.internal.ClassPathRegistry                                       : loaded 2 times (x 72B)
Class kotlin.text.StringsKt__StringsJVMKt                                             : loaded 2 times (x 73B)
Class kotlin.collections.SetsKt                                                       : loaded 2 times (x 73B)
Class kotlin.text.StringsKt__IndentKt                                                 : loaded 2 times (x 73B)
Class kotlin.collections.CollectionsKt__IteratorsJVMKt                                : loaded 2 times (x 73B)
Class Settings_gradle$1                                                               : loaded 2 times (x 76B)
Class com.google.common.collect.SingletonImmutableList                                : loaded 2 times (x 209B)
Class com.google.common.cache.CacheBuilder                                            : loaded 2 times (x 74B)
Class org.gradle.internal.classpath.ClassPath                                         : loaded 2 times (x 72B)
Class com.google.common.base.JdkPattern                                               : loaded 2 times (x 77B)
Class com.google.common.collect.ImmutableList$ReverseImmutableList                    : loaded 2 times (x 211B)
Class org.jetbrains.kotlin.com.intellij.openapi.diagnostic.Logger                     : loaded 2 times (x 101B)
Class kotlin.collections.MapsKt__MapsKt                                               : loaded 2 times (x 73B)
Class com.google.errorprone.annotations.DoNotMock                                     : loaded 2 times (x 72B)
Class org.objectweb.asm.SymbolTable$Entry                                             : loaded 2 times (x 75B)
Class org.gradle.api.internal.classpath.DefaultModuleRegistry$DefaultModuleAlias      : loaded 2 times (x 82B)
Class org.objectweb.asm.Edge                                                          : loaded 2 times (x 74B)
Class com.google.common.collect.Iterators$1                                           : loaded 2 times (x 83B)
Class com.google.common.base.Suppliers$SupplierOfInstance                             : loaded 2 times (x 81B)
Class kotlin.UninitializedPropertyAccessException                                     : loaded 2 times (x 84B)
Class com.google.common.collect.SingletonImmutableSet                                 : loaded 2 times (x 148B)
Class com.google.common.cache.LocalCache$ComputingValueReference                      : loaded 2 times (x 98B)
Class com.google.common.collect.ImmutableMap$IteratorBasedImmutableMap                : loaded 2 times (x 128B)
Class com.google.common.cache.LocalCache$Segment                                      : loaded 2 times (x 155B)
Class ijJvmDebugger1_c69svupku1u04etejwkyjhig7$_run_closure1                          : loaded 2 times (x 140B)
Class com.google.common.collect.AbstractListMultimap                                  : loaded 2 times (x 173B)
Class [Lorg.objectweb.asm.SymbolTable$Entry;                                          : loaded 2 times (x 71B)
Class com.google.common.collect.Iterators$4                                           : loaded 2 times (x 84B)
Class com.google.common.cache.CacheLoader                                             : loaded 2 times (x 76B)
Class com.google.common.collect.ImmutableBiMap                                        : loaded 2 times (x 145B)
Class org.gradle.api.internal.classpath.ModuleRegistry                                : loaded 2 times (x 72B)
Class org.gradle.internal.installation.GradleInstallation$1                           : loaded 2 times (x 77B)
Class com.google.common.base.Splitter$SplittingIterator                               : loaded 2 times (x 85B)
Class com.google.common.collect.ImmutableSet$JdkBackedSetBuilderImpl                  : loaded 2 times (x 78B)
Class com.google.common.util.concurrent.internal.InternalFutureFailureAccess          : loaded 2 times (x 74B)
Class com.google.common.collect.Iterators$5                                           : loaded 2 times (x 84B)
Class com.google.common.cache.LocalCache$LocalManualCache$1                           : loaded 2 times (x 77B)
Class com.google.common.base.CharMatcher$ForPredicate                                 : loaded 2 times (x 114B)
Class kotlin.io.FilesKt__UtilsKt                                                      : loaded 2 times (x 73B)
Class kotlin.collections.CollectionsKt__CollectionsJVMKt                              : loaded 2 times (x 73B)
Class com.google.common.base.CharMatcher$AnyOf                                        : loaded 2 times (x 114B)
Class com.google.common.collect.ImmutableCollection                                   : loaded 2 times (x 127B)
Class org.gradle.api.internal.classpath.DefaultModuleRegistry                         : loaded 2 times (x 86B)
Class kotlin.sequences.SequencesKt                                                    : loaded 2 times (x 73B)
Class kotlin.collections.CollectionsKt__IteratorsKt                                   : loaded 2 times (x 73B)
Class org.jetbrains.kotlin.build.report.metrics.GradleBuildTime$Companion             : loaded 2 times (x 73B)
Class com.google.common.collect.Lists                                                 : loaded 2 times (x 73B)
Class com.google.common.util.concurrent.ListenableFuture                              : loaded 2 times (x 72B)
Class com.google.common.cache.ReferenceEntry                                          : loaded 2 times (x 72B)
Class com.google.common.base.Converter                                                : loaded 2 times (x 92B)
Class com.google.common.collect.ImmutableSet$CachingAsList                            : loaded 2 times (x 150B)
Class org.jetbrains.kotlin.com.intellij.openapi.diagnostic.Logger$DefaultFactory      : loaded 2 times (x 76B)
Class kotlin.text.StringsKt                                                           : loaded 2 times (x 73B)
Class com.google.common.collect.AbstractMapBasedMultimap                              : loaded 2 times (x 140B)
Class com.google.common.util.concurrent.AbstractFuture                                : loaded 2 times (x 108B)
Class com.google.common.collect.Iterators$9                                           : loaded 2 times (x 83B)
Class com.google.common.collect.ImmutableAsList                                       : loaded 2 times (x 211B)
Class com.google.common.base.FunctionalEquivalence                                    : loaded 2 times (x 85B)
Class kotlin.LazyKt__LazyJVMKt                                                        : loaded 2 times (x 73B)
Class org.objectweb.asm.RecordComponentVisitor                                        : loaded 2 times (x 79B)
Class com.google.common.cache.CacheLoader$SupplierToCacheLoader                       : loaded 2 times (x 77B)
Class kotlin.io.FilesKt__FileReadWriteKt                                              : loaded 2 times (x 73B)
Class kotlin.text.StringsKt__StringNumberConversionsKt                                : loaded 2 times (x 73B)
Class org.gradle.internal.service.ServiceLookupException                              : loaded 2 times (x 84B)
Class org.jetbrains.kotlin.com.intellij.openapi.diagnostic.LogLevel                   : loaded 2 times (x 81B)
Class [Lcom.google.common.cache.LocalCache$EntryFactory;                              : loaded 2 times (x 71B)
Class org.gradle.internal.classloader.ClassLoaderFactory                              : loaded 2 times (x 72B)
Class com.google.common.base.CommonPattern                                            : loaded 2 times (x 76B)
Class com.google.common.cache.LocalCache$LocalManualCache                             : loaded 2 times (x 101B)
Class com.google.common.base.CharMatcher$IsNot                                        : loaded 2 times (x 113B)
Class org.gradle.internal.service.CachingServiceLocator                               : loaded 2 times (x 84B)
Class com.google.common.collect.AbstractMapBasedMultimap$KeySet                       : loaded 2 times (x 139B)
Class com.google.common.math.IntMath                                                  : loaded 2 times (x 73B)
Class org.jetbrains.kotlin.build.report.metrics.BuildTime                             : loaded 2 times (x 72B)
Class com.google.common.collect.ImmutableMapEntry                                     : loaded 2 times (x 87B)
Class kotlin.enums.EnumEntries                                                        : loaded 2 times (x 72B)
Class com.google.common.base.Equivalence                                              : loaded 2 times (x 84B)
Class com.google.common.base.Function                                                 : loaded 2 times (x 72B)
Class com.google.common.collect.ImmutableMapEntry$NonTerminalImmutableMapEntry        : loaded 2 times (x 87B)
Class com.google.common.collect.RegularImmutableList                                  : loaded 2 times (x 215B)
Class com.google.common.cache.CacheBuilder$OneWeigher                                 : loaded 2 times (x 84B)
Class org.jetbrains.kotlin.com.intellij.openapi.diagnostic.Logger$Factory             : loaded 2 times (x 72B)
Class org.gradle.internal.classloader.ClasspathUtil                                   : loaded 2 times (x 73B)
Class kotlin.io.FileSystemException                                                   : loaded 2 times (x 84B)
Class com.google.common.util.concurrent.Uninterruptibles                              : loaded 2 times (x 73B)
Class com.google.common.util.concurrent.LazyLogger                                    : loaded 2 times (x 74B)
Class com.google.common.collect.Maps                                                  : loaded 2 times (x 73B)
Class org.gradle.api.specs.Spec                                                       : loaded 2 times (x 72B)
Class [Lcom.google.common.collect.ImmutableEntry;                                     : loaded 2 times (x 71B)
Class com.google.common.cache.LocalCache$LoadingValueReference                        : loaded 2 times (x 98B)
Class kotlin.SynchronizedLazyImpl                                                     : loaded 2 times (x 78B)
Class kotlin.text.StringsKt__RegexExtensionsKt                                        : loaded 2 times (x 73B)
Class com.google.common.collect.AbstractMapBasedMultimap$AsMap                        : loaded 2 times (x 130B)
Class com.google.common.base.Platform                                                 : loaded 2 times (x 73B)
Class kotlin.sequences.SequencesKt__SequencesJVMKt                                    : loaded 2 times (x 73B)
Class kotlin.collections.AbstractList                                                 : loaded 2 times (x 199B)
Class kotlin.collections.AbstractCollection                                           : loaded 2 times (x 119B)
Class [Lorg.objectweb.asm.AnnotationWriter;                                           : loaded 2 times (x 71B)
Class com.google.common.collect.Maps$8                                                : loaded 2 times (x 84B)
Class kotlin.LazyKt__LazyKt                                                           : loaded 2 times (x 73B)
Class kotlin.text.StringsKt__StringBuilderJVMKt                                       : loaded 2 times (x 73B)
Class com.google.common.collect.Sets$SetView                                          : loaded 2 times (x 141B)
Class com.google.common.cache.LocalCache$StrongValueReference                         : loaded 2 times (x 92B)
Class kotlin.UNINITIALIZED_VALUE                                                      : loaded 2 times (x 73B)
Class org.objectweb.asm.Type                                                          : loaded 2 times (x 74B)
Class org.gradle.internal.classloader.VisitableURLClassLoader$InstrumentingVisitableURLClassLoader: loaded 2 times (x 124B)
Class kotlin.comparisons.ComparisonsKt__ComparisonsKt                                 : loaded 2 times (x 73B)
Class kotlin.ranges.RangesKt__RangesKt                                                : loaded 2 times (x 73B)
Class kotlin.collections.SetsKt___SetsKt                                              : loaded 2 times (x 73B)
Class kotlin.sequences.SequencesKt__SequencesKt                                       : loaded 2 times (x 73B)
Class com.google.common.math.IntMath$1                                                : loaded 2 times (x 73B)
Class org.objectweb.asm.ByteVector                                                    : loaded 2 times (x 81B)
Class [Lcom.google.common.cache.CacheBuilder$NullListener;                            : loaded 2 times (x 71B)
Class org.gradle.internal.classloader.VisitableURLClassLoader$Spec                    : loaded 2 times (x 76B)
Class org.gradle.internal.classpath.DefaultClassPath                                  : loaded 2 times (x 92B)
Class kotlin.comparisons.ComparisonsKt                                                : loaded 2 times (x 73B)
Class kotlin.comparisons.ComparisonsKt___ComparisonsKt                                : loaded 2 times (x 73B)
Class kotlin.sequences.FilteringSequence                                              : loaded 2 times (x 77B)
Class [Lorg.jetbrains.kotlin.build.report.metrics.GradleBuildTime;                    : loaded 2 times (x 71B)
Class com.google.common.base.AbstractIterator                                         : loaded 2 times (x 82B)
Class org.objectweb.asm.Symbol                                                        : loaded 2 times (x 75B)
Class com.google.common.io.Closer                                                     : loaded 2 times (x 80B)
Class com.google.common.base.CharMatcher$BitSetMatcher                                : loaded 2 times (x 114B)
Class com.google.common.collect.ImmutableSet                                          : loaded 2 times (x 147B)
Class com.google.common.collect.RegularImmutableMap$Values                            : loaded 2 times (x 209B)
Class org.gradle.internal.classloader.ClassLoaderSpec                                 : loaded 2 times (x 73B)
Class kotlin.collections.CollectionsKt___CollectionsJvmKt                             : loaded 2 times (x 73B)
Class ijJvmDebugger1_c69svupku1u04etejwkyjhig7$_run_closure1$_closure2                : loaded 2 times (x 141B)
Class org.objectweb.asm.AnnotationWriter                                              : loaded 2 times (x 80B)
Class com.google.common.cache.CacheStats                                              : loaded 2 times (x 73B)
Class kotlin.TuplesKt                                                                 : loaded 2 times (x 73B)
Class kotlin.Unit                                                                     : loaded 2 times (x 73B)
Class kotlin.sequences.SequencesKt___SequencesJvmKt                                   : loaded 2 times (x 73B)
Class Settings_gradle$1$1                                                             : loaded 2 times (x 76B)
Class com.google.common.io.Closer$Suppressor                                          : loaded 2 times (x 72B)
Class org.objectweb.asm.RecordComponentWriter                                         : loaded 2 times (x 79B)
Class com.google.common.util.concurrent.AbstractFuture$Listener                       : loaded 2 times (x 74B)
Class com.google.common.base.CharMatcher$Or                                           : loaded 2 times (x 114B)
Class org.gradle.api.internal.classpath.Module$ModuleAlias                            : loaded 2 times (x 72B)
Class kotlin.ranges.RangesKt                                                          : loaded 2 times (x 73B)
Class org.objectweb.asm.Attribute                                                     : loaded 2 times (x 79B)
Class com.google.common.base.Supplier                                                 : loaded 2 times (x 72B)
Class org.gradle.internal.classloader.VisitableURLClassLoader                         : loaded 2 times (x 118B)
Class kotlin.collections.ArraysUtilJVM                                                : loaded 2 times (x 73B)
Class kotlin.jvm.functions.Function0                                                  : loaded 2 times (x 72B)
Class Settings_gradle                                                                 : loaded 2 times (x 126B)
Class org.gradle.internal.Cast                                                        : loaded 2 times (x 73B)
Class org.gradle.api.Action                                                           : loaded 2 times (x 72B)
Class kotlin.jvm.functions.Function1                                                  : loaded 2 times (x 72B)
Class com.google.common.base.Strings                                                  : loaded 2 times (x 73B)
Class com.google.common.collect.Sets                                                  : loaded 2 times (x 73B)
Class org.objectweb.asm.Handler                                                       : loaded 2 times (x 74B)
Class com.google.common.base.Ticker                                                   : loaded 2 times (x 74B)
Class com.google.common.base.CharMatcher$FastMatcher                                  : loaded 2 times (x 113B)
Class kotlin.jvm.functions.Function2                                                  : loaded 2 times (x 72B)
Class [Lcom.google.common.cache.LocalCache$Segment;                                   : loaded 2 times (x 71B)
Class [Lcom.google.common.cache.LocalCache$Strength;                                  : loaded 2 times (x 71B)
Class com.google.common.cache.CacheBuilder$1                                          : loaded 2 times (x 87B)
Class com.google.common.base.Predicate                                                : loaded 2 times (x 72B)
Class com.google.common.collect.ImmutableMap                                          : loaded 2 times (x 122B)
Class org.gradle.internal.classpath.DefaultClassPath$ImmutableUniqueList$Builder      : loaded 2 times (x 77B)
Class kotlin.jvm.functions.Function3                                                  : loaded 2 times (x 72B)
Class kotlin.collections.MapsKt___MapsJvmKt                                           : loaded 2 times (x 73B)
Class com.google.common.cache.LocalCache                                              : loaded 2 times (x 188B)
Class com.google.common.cache.CacheBuilder$2                                          : loaded 2 times (x 81B)
Class com.google.common.base.CharMatcher$NegatedFastMatcher                           : loaded 2 times (x 115B)
Class kotlin.collections.CollectionsKt___CollectionsKt                                : loaded 2 times (x 73B)
Class com.google.common.collect.ArrayListMultimap                                     : loaded 2 times (x 173B)
Class com.google.common.cache.CacheBuilder$3                                          : loaded 2 times (x 74B)
Class [Lcom.google.common.collect.AbstractMapEntry;                                   : loaded 2 times (x 71B)
Class com.google.common.collect.ImmutableEntry                                        : loaded 2 times (x 84B)
Class org.gradle.api.GradleException                                                  : loaded 2 times (x 84B)
Class kotlin.text.StringsKt___StringsJvmKt                                            : loaded 2 times (x 73B)
Class com.google.common.base.Suppliers$MemoizingSupplier                              : loaded 2 times (x 81B)
Class com.google.common.collect.CollectPreconditions                                  : loaded 2 times (x 73B)
Class kotlin.collections.MapsKt___MapsKt                                              : loaded 2 times (x 73B)
Class kotlin.io.FilesKt                                                               : loaded 2 times (x 73B)
Class kotlin.collections.ArraysKt___ArraysKt                                          : loaded 2 times (x 73B)
Class com.google.common.collect.SortedMapDifference                                   : loaded 2 times (x 72B)
Class kotlin.collections.MapsKt__MapWithDefaultKt                                     : loaded 2 times (x 73B)
Class com.google.common.cache.LocalCache$EntryFactory                                 : loaded 2 times (x 85B)
Class kotlin.collections.CollectionsKt__MutableCollectionsJVMKt                       : loaded 2 times (x 73B)
Class kotlin.enums.EnumEntriesKt                                                      : loaded 2 times (x 73B)
Class kotlin.text.StringsKt___StringsKt                                               : loaded 2 times (x 73B)
Class com.google.common.cache.LocalCache$AbstractReferenceEntry                       : loaded 2 times (x 109B)
Class org.gradle.internal.IoActions                                                   : loaded 2 times (x 73B)
Class org.objectweb.asm.SymbolTable                                                   : loaded 2 times (x 74B)
Class com.google.common.collect.ImmutableSet$RegularSetBuilderImpl                    : loaded 2 times (x 78B)
Class com.google.common.cache.CacheLoader$InvalidCacheLoadException                   : loaded 2 times (x 84B)
Class kotlin.jvm.internal.Intrinsics                                                  : loaded 2 times (x 73B)
Class ijJvmDebugger1_c69svupku1u04etejwkyjhig7                                        : loaded 2 times (x 173B)
Class com.google.common.cache.LocalCache$StrongEntry                                  : loaded 2 times (x 110B)
Class com.google.common.util.concurrent.AbstractFuture$TrustedFuture                  : loaded 2 times (x 116B)
Class com.google.common.cache.LoadingCache                                            : loaded 2 times (x 72B)
Class kotlin.collections.MapsKt                                                       : loaded 2 times (x 73B)
Class kotlin.collections.CollectionsKt__IterablesKt                                   : loaded 2 times (x 73B)
Class com.google.common.io.ByteStreams$LimitedInputStream                             : loaded 2 times (x 94B)
Class com.google.common.base.Suppliers$NonSerializableMemoizingSupplier               : loaded 2 times (x 81B)
Class org.objectweb.asm.MethodWriter                                                  : loaded 2 times (x 107B)
Class [Lcom.google.common.cache.Weigher;                                              : loaded 2 times (x 71B)
Class com.google.common.collect.RegularImmutableMap$BucketOverflowException           : loaded 2 times (x 84B)
Class kotlin.KotlinNullPointerException                                               : loaded 2 times (x 84B)
Class kotlin.ranges.RangesKt___RangesKt                                               : loaded 2 times (x 73B)
Class com.google.common.collect.RegularImmutableBiMap                                 : loaded 2 times (x 150B)
Class com.google.common.cache.LocalCache$ValueReference                               : loaded 2 times (x 72B)
Class com.google.common.base.CharMatcher$Negated                                      : loaded 2 times (x 115B)
Class com.google.common.base.CharMatcher$Is                                           : loaded 2 times (x 113B)
Class org.jetbrains.kotlin.com.intellij.openapi.diagnostic.Attachment                 : loaded 2 times (x 74B)
Class kotlin.collections.ArraysKt                                                     : loaded 2 times (x 73B)
Class com.google.common.base.PatternCompiler                                          : loaded 2 times (x 72B)
Class com.google.common.util.concurrent.AbstractFuture$Failure                        : loaded 2 times (x 74B)
Class com.google.common.base.Equivalence$Equals                                       : loaded 2 times (x 84B)
Class com.google.common.collect.Hashing                                               : loaded 2 times (x 73B)
Class com.google.common.base.Preconditions                                            : loaded 2 times (x 73B)
Class kotlin.collections.SetsKt__SetsKt                                               : loaded 2 times (x 73B)
Class kotlin.LazyKt                                                                   : loaded 2 times (x 73B)
Class com.google.common.base.Joiner$1                                                 : loaded 2 times (x 83B)
Class org.objectweb.asm.Label                                                         : loaded 2 times (x 75B)
Class org.objectweb.asm.CurrentFrame                                                  : loaded 2 times (x 75B)
Class org.objectweb.asm.ClassTooLargeException                                        : loaded 2 times (x 84B)
Class com.google.common.collect.PeekingIterator                                       : loaded 2 times (x 72B)
Class com.google.common.base.CharMatcher                                              : loaded 2 times (x 113B)
Class kotlin.collections.ArraysKt__ArraysJVMKt                                        : loaded 2 times (x 73B)
Class com.google.common.collect.Table                                                 : loaded 2 times (x 72B)
Class com.google.common.base.Joiner$2                                                 : loaded 2 times (x 82B)
Class org.objectweb.asm.Frame                                                         : loaded 2 times (x 75B)
Class org.objectweb.asm.MethodVisitor                                                 : loaded 2 times (x 107B)
Class com.google.common.cache.LocalCache$EntryFactory$1                               : loaded 2 times (x 85B)
Class [Lcom.google.common.cache.RemovalListener;                                      : loaded 2 times (x 71B)
Class com.google.common.base.CharMatcher$NamedFastMatcher                             : loaded 2 times (x 114B)
Class com.google.common.base.CharMatcher$1                                            : loaded 2 times (x 115B)
Class kotlin.text.StringsKt__StringBuilderKt                                          : loaded 2 times (x 73B)
Class com.google.common.cache.LocalCache$EntryFactory$2                               : loaded 2 times (x 85B)
Class kotlin.Lazy                                                                     : loaded 2 times (x 72B)
Class kotlin.NoWhenBranchMatchedException                                             : loaded 2 times (x 84B)
Class org.objectweb.asm.ModuleWriter                                                  : loaded 2 times (x 83B)
Class com.google.common.cache.LocalCache$EntryFactory$3                               : loaded 2 times (x 85B)
Class com.google.common.base.Ticker$1                                                 : loaded 2 times (x 74B)
Class com.google.common.collect.Maps$BiMapConverter                                   : loaded 2 times (x 92B)
Class com.google.common.collect.ImmutableMapEntrySet$RegularEntrySet                  : loaded 2 times (x 154B)
Class [Lkotlin.jvm.functions.Function1;                                               : loaded 2 times (x 71B)
Class com.google.common.collect.ImmutableSet$Builder                                  : loaded 2 times (x 87B)
Class com.google.common.cache.LocalCache$EntryFactory$4                               : loaded 2 times (x 85B)
Class com.google.common.base.CharMatcher$InRange                                      : loaded 2 times (x 113B)
Class com.google.common.io.ByteStreams$1                                              : loaded 2 times (x 87B)
Class com.google.common.cache.LocalCache$EntryFactory$5                               : loaded 2 times (x 85B)
Class kotlin.jvm.internal.markers.KMappedMarker                                       : loaded 2 times (x 72B)
Class kotlin.NotImplementedError                                                      : loaded 2 times (x 84B)
Class com.google.common.cache.LocalCache$EntryFactory$6                               : loaded 2 times (x 85B)
Class org.gradle.internal.installation.CurrentGradleInstallationLocator               : loaded 2 times (x 73B)
Class com.google.common.collect.Maps$KeySet                                           : loaded 2 times (x 139B)
Class com.google.common.collect.ImmutableSet$EmptySetBuilderImpl                      : loaded 2 times (x 78B)
Class com.google.common.cache.LocalCache$EntryFactory$7                               : loaded 2 times (x 85B)
Class com.google.common.collect.ImmutableList                                         : loaded 2 times (x 208B)
Class org.gradle.internal.service.DefaultServiceLocator                               : loaded 2 times (x 85B)
Class com.google.common.collect.ImmutableSet$SetBuilderImpl                           : loaded 2 times (x 78B)
Class com.google.common.cache.LocalCache$EntryFactory$8                               : loaded 2 times (x 85B)
Class org.gradle.internal.installation.CurrentGradleInstallation                      : loaded 2 times (x 75B)
Class com.google.common.collect.ImmutableList$SubList                                 : loaded 2 times (x 211B)
Class com.google.common.cache.CacheLoader$1                                           : loaded 2 times (x 77B)
Class com.google.common.collect.ForwardingObject                                      : loaded 2 times (x 74B)
Class org.gradle.util.internal.GUtil                                                  : loaded 2 times (x 73B)
Class kotlin.io.NoSuchFileException                                                   : loaded 2 times (x 84B)
Class kotlin.collections.CollectionsKt                                                : loaded 2 times (x 73B)
Class com.google.common.cache.AbstractCache$StatsCounter                              : loaded 2 times (x 72B)
Class ijKotlinCoroutineJvmDebugInit1_262pooy281xcr6kpmp34hbceh$_run_closure1$_closure2: loaded 2 times (x 140B)
Class com.google.common.collect.Iterators$MergingIterator                             : loaded 2 times (x 83B)
Class com.google.common.collect.RegularImmutableSet                                   : loaded 2 times (x 150B)
Class org.gradle.internal.installation.GradleInstallation                             : loaded 2 times (x 77B)
Class ijKotlinCoroutineJvmDebugInit1_262pooy281xcr6kpmp34hbceh                        : loaded 2 times (x 173B)
Class com.google.common.base.Splitter$Strategy                                        : loaded 2 times (x 72B)
Class com.google.common.collect.Iterables                                             : loaded 2 times (x 73B)
Class org.jetbrains.kotlin.com.intellij.openapi.diagnostic.DefaultLogger              : loaded 2 times (x 102B)

---------------  S Y S T E M  ---------------

OS:
 Windows 11 , 64 bit Build 26100 (10.0.26100.9168)
OS uptime: 7 days 0:32 hours
Hyper-V role detected

CPU: total 12 (initial active 12) (6 cores per cpu, 2 threads per core) family 6 model 186 stepping 3 microcode 0x6134, cx8, cmov, fxsr, ht, mmx, 3dnowpref, sse, sse2, sse3, ssse3, sse4.1, sse4.2, popcnt, lzcnt, tsc, tscinvbit, avx, avx2, aes, erms, clmul, bmi1, bmi2, adx, sha, fma, vzeroupper, clflush, clflushopt, clwb, hv, serialize, rdtscp, rdpid, fsrm, gfni, f16c, cet_ibt, cet_ss
Processor Information for processor 0
  Max Mhz: 1600, Current Mhz: 1600, Mhz Limit: 1600
Processor Information for processor 1
  Max Mhz: 1600, Current Mhz: 1600, Mhz Limit: 1600
Processor Information for processor 2
  Max Mhz: 1600, Current Mhz: 1600, Mhz Limit: 1600
Processor Information for processor 3
  Max Mhz: 1600, Current Mhz: 1600, Mhz Limit: 1600
Processor Information for processor 4
  Max Mhz: 1600, Current Mhz: 1600, Mhz Limit: 1600
Processor Information for processor 5
  Max Mhz: 1600, Current Mhz: 1466, Mhz Limit: 1600
Processor Information for processor 6
  Max Mhz: 1600, Current Mhz: 1600, Mhz Limit: 1600
Processor Information for processor 7
  Max Mhz: 1600, Current Mhz: 1600, Mhz Limit: 1600
Processor Information for processor 8
  Max Mhz: 1600, Current Mhz: 1600, Mhz Limit: 1600
Processor Information for processor 9
  Max Mhz: 1600, Current Mhz: 1600, Mhz Limit: 1600
Processor Information for processor 10
  Max Mhz: 1600, Current Mhz: 1600, Mhz Limit: 1600
Processor Information for processor 11
  Max Mhz: 1600, Current Mhz: 1466, Mhz Limit: 1600

Memory: 4k page, system-wide physical 16016M (122M free)
TotalPageFile size 16016M (AvailPageFile size 14M)
current process WorkingSet (physical memory assigned to process): 833M, peak: 837M
current process commit charge ("private bytes"): 928M, peak: 932M

vm_info: OpenJDK 64-Bit Server VM (25.0.2+-15348964-b329.117) for windows-amd64 JRE (25.0.2+-15348964-b329.117), built on 2026-05-05T18:25:19Z with MS VC++ 16.10 / 16.11 (VS2019)

END.
